StudentId,StageName,GradeName,ClassName,AcademicYear,NationalId,PassportNumber,CommunicationLang,FirstName,MiddleName,GrandName,NickName,NameInArabic,Gender,BirthDate,BirthPlace,Address,CountryCode,PhoneNumber,Nationality,Religion,Email,Password,FatherId,FatherContactPhone,ISFatherResponsible,FatherFirstName,FatherMiddleName,FatherGrandName,FatherNickName,FatherNameInArabic,FatherGender,FatherBirthDate,FatherBirthPlace,FatherAddress,FatherCountryCode,FatherPhoneNumber,FatherNationality,FatherReligion,FatherPassword,FatherEmail,MotherId,MotherContactPhone,ISMotherResponsible,MotherFirstName,MotherMiddleName,MotherGrandName,MotherNickName,MotherNameInArabic,MotherGender,MotherBirthDate,MotherBirthPlace,MotherAddress,MotherCountryCode,MotherPhoneNumber,MotherNationality,MotherReligion,MotherEmail,MotherPassword
3599,الأبتدائية,الأولى,ب,2025-2026,2358574091,P2488643886,en,Salman,Abdulaziz,Salman,Salman,سلمان عبدالعزيز سلمان,Male,12/09/2014 14:27:30,Medina,Street 3,+966,5553567769,Saudi,Christian,salman.salman445@example.com,dHIO$IseY4,2213578708,5205485325,True,Abdulaziz,Tariq,Salman,Abdulaziz,عبدالعزيز طارق سلمان,Male,12/09/1986 14:27:30,Mecca,Street 1,+966,5205485325,Saudi,Christian,8&xV*o32zo,abdulaziz.salman556@example.com,1557135260,5721643244,False,Khadijah,Akram,Ahmed,Khadijah,خديجة أكرم أحمد,Female,12/09/1989 14:27:30,Riyadh,Street 1,+966,5721643244,Saudi,Christian,khadijah.ahmed800@example.com,6S1$Dz$wt#
1134,الأبتدائية,الأولى,ب,2025-2026,2849946486,P1590962726,ar,Aaliyah,Idris,Hussein,Aaliyah,عالية إدريس حسين,Female,12/09/2014 14:27:30,Dammam,Street 4,+966,5760387822,Saudi,Muslim,aaliyah.hussein644@example.com,C$Za!zEH&4,1100178225,5310210523,False,Idris,Ibrahim,Hussein,Idris,إدريس إبراهيم حسين,Male,12/09/1990 14:27:30,Jeddah,Street 5,+966,5310210523,Saudi,Muslim,9(OUp#pumM,idris.hussein449@example.com,2241763063,5672101983,True,Khadijah,Nasser,Akram,Khadijah,خديجة ناصر أكرم,Female,12/09/1988 14:27:30,Dammam,Street 3,+966,5672101983,Saudi,Muslim,khadijah.akram369@example.com,Z#73XwUyr@
5321,الأبتدائية,الأولى,ب,2025-2026,1719385930,P2305486465,en,Tariq,Idris,Hussein,Tariq,طارق إدريس حسين,Male,12/09/2019 14:27:30,Mecca,Street 1,+966,5395317824,Saudi,Muslim,tariq.hussein285@example.com,qNS8&d%Jx8,1100178225,5310210523,False,Idris,Ibrahim,Hussein,Idris,إدريس إبراهيم حسين,Male,12/09/1990 14:27:30,Jeddah,Street 5,+966,5310210523,Saudi,Muslim,9(OUp#pumM,idris.hussein449@example.com,2241763063,5672101983,True,Khadijah,Nasser,Akram,Khadijah,خديجة ناصر أكرم,Female,12/09/1988 14:27:30,Dammam,Street 3,+966,5672101983,Saudi,Muslim,khadijah.akram369@example.com,Z#73XwUyr@
7502,الأبتدائية,الأولى,ب,2025-2026,2600866853,P2758051916,en,Zayne,Ahmed,Hamza,Zayne,زين أحمد حمزة,Male,12/09/2019 14:27:30,Mecca,Street 2,+966,5996259357,Saudi,Christian,zayne.hamza326@example.com,ArADan@9vX,2357383837,5266648272,True,Ahmed,Hamza,Hamza,Ahmed,أحمد حمزة حمزة,Male,12/09/1979 14:27:30,Riyadh,Street 1,+966,5266648272,Saudi,Christian,986Sv(u)bT,ahmed.hamza813@example.com,1729583713,5370789119,False,Ruqaya,Zaid,Omar,Ruqaya,رقية زيد عمر,Female,12/09/1981 14:27:30,Riyadh,Street 3,+966,5370789119,Saudi,Christian,ruqaya.omar926@example.com,7g$Ty9eRQd
8108,الأبتدائية,الأولى,ب,2025-2026,1546633611,P1740349170,en,Ali,Abdulrahman,Salman,Ali,علي عبدالرحمن سلمان,Male,12/09/2019 14:27:30,Jeddah,Street 1,+966,5904049594,Saudi,Christian,ali.salman482@example.com,9g*!VMSw(s,1812784354,5230945430,False,Abdulrahman,Ibrahim,Salman,Abdulrahman,عبدالرحمن إبراهيم سلمان,Male,12/09/1980 14:27:30,Medina,Street 5,+966,5230945430,Saudi,Christian,#eQ0fd8UFj,abdulrahman.salman320@example.com,1907523738,5244841324,True,Nadia,Tariq,Khalid,Nadia,نادية طارق خالد,Female,12/09/1991 14:27:30,Riyadh,Street 4,+966,5244841324,Saudi,Christian,nadia.khalid920@example.com,1CGB#XNi3A
7566,الأبتدائية,الأولى,ب,2025-2026,2413487061,P2336800428,en,Nasser,Salman,Ismail,Nasser,ناصر سلمان إسماعيل,Male,12/09/2014 14:27:30,Dammam,Street 5,+966,5223216161,Saudi,Muslim,nasser.ismail265@example.com,K0zElkVkf&,1182435617,5616527129,False,Salman,Yousef,Ismail,Salman,سلمان يوسف إسماعيل,Male,12/09/1994 14:27:30,Medina,Street 4,+966,5616527129,Saudi,Muslim,55kK7B$NWi,salman.ismail814@example.com,1216142628,5289660640,True,Zahra,Abdulaziz,Akram,Zahra,زهرة عبدالعزيز أكرم,Female,12/09/1983 14:27:30,Dammam,Street 3,+966,5289660640,Saudi,Muslim,zahra.akram867@example.com,xyAH66W5@4
4442,الأبتدائية,الأولى,ب,2025-2026,1127081521,P2855444546,ar,Ruqaya,Ali,Zaid,Ruqaya,رقية علي زيد,Female,12/09/2014 14:27:30,Dammam,Street 1,+966,5275501751,Saudi,Christian,ruqaya.zaid573@example.com,3zJLe&SQCA,1901638723,5624196886,True,Ali,Hamza,Zaid,Ali,علي حمزة زيد,Male,12/09/1986 14:27:30,Mecca,Street 4,+966,5624196886,Saudi,Christian,vTlwz9Ov7@,ali.zaid220@example.com,2970202462,5445550220,False,Aaliyah,Ahmed,Hussein,Aaliyah,عالية أحمد حسين,Female,12/09/1989 14:27:30,Dammam,Street 5,+966,5445550220,Saudi,Christian,aaliyah.hussein400@example.com,$CRU!4N3o2
2781,الأبتدائية,الأولى,ب,2025-2026,2346578882,P2706848824,en,Hanan,Ali,Abdulaziz,Hanan,حنان علي عبدالعزيز,Female,12/09/2019 14:27:30,Riyadh,Street 5,+966,5256797197,Saudi,Muslim,hanan.abdulaziz494@example.com,GC6Uanb6!e,2121581944,5791642213,False,Ali,Salem,Abdulaziz,Ali,علي سالم عبدالعزيز,Male,12/09/1986 14:27:30,Medina,Street 2,+966,5791642213,Saudi,Muslim,TFE&0zQ8b$,ali.abdulaziz383@example.com,1743579660,5578564797,True,Fatimah,Khalid,Saud,Fatimah,فاطمة خالد سعود,Female,12/09/1989 14:27:30,Dammam,Street 3,+966,5578564797,Saudi,Muslim,fatimah.saud829@example.com,D4B4SMHX%s
9799,الأبتدائية,الأولى,ب,2025-2026,1617831312,P1234494115,en,Abdulaziz,Idris,Zayne,Abdulaziz,عبدالعزيز إدريس زين,Male,12/09/2016 14:27:30,Jeddah,Street 2,+966,5647917891,Saudi,Christian,abdulaziz.zayne225@example.com,T6mX6Dwv*(,2615419066,5195962322,True,Idris,Saud,Zayne,Idris,إدريس سعود زين,Male,12/09/1985 14:27:30,Mecca,Street 2,+966,5195962322,Saudi,Christian,$6H3vL2Wl3,idris.zayne545@example.com,1188312243,5128652651,False,Lina,Abdulaziz,Mohammed,Lina,لينا عبدالعزيز محمد,Female,12/09/1993 14:27:30,Jeddah,Street 4,+966,5128652651,Saudi,Christian,lina.mohammed108@example.com,O!Q5oug9r4
8719,الأبتدائية,الأولى,ب,2025-2026,1633549355,P2671437442,en,Yousef,Mahdi,Ibrahim,Yousef,يوسف مهدي إبراهيم,Male,12/09/2019 14:27:30,Mecca,Street 2,+966,5419413310,Saudi,Muslim,yousef.ibrahim230@example.com,)THj1&!uae,2567017601,5740678509,False,Mahdi,Tariq,Ibrahim,Mahdi,مهدي طارق إبراهيم,Male,12/09/1979 14:27:30,Dammam,Street 4,+966,5740678509,Saudi,Muslim,7)z&rM3KLo,mahdi.ibrahim347@example.com,2766472862,5538842140,True,Safiyyah,Akram,Ali,Safiyyah,صفية أكرم علي,Female,12/09/1981 14:27:30,Riyadh,Street 5,+966,5538842140,Saudi,Muslim,safiyyah.ali949@example.com,2Kypaf7v3&
5729,الأبتدائية,الأولى,ب,2025-2026,2375778783,P2532596213,en,Sedra,Mahdi,Ibrahim,Sedra,سدرة مهدي إبراهيم,Female,12/09/2014 14:27:30,Medina,Street 2,+966,5313833023,Saudi,Muslim,sedra.ibrahim111@example.com,T1yW4&1lsa,2567017601,5740678509,False,Mahdi,Tariq,Ibrahim,Mahdi,مهدي طارق إبراهيم,Male,12/09/1979 14:27:30,Dammam,Street 4,+966,5740678509,Saudi,Muslim,7)z&rM3KLo,mahdi.ibrahim347@example.com,2766472862,5538842140,True,Safiyyah,Akram,Ali,Safiyyah,صفية أكرم علي,Female,12/09/1981 14:27:30,Riyadh,Street 5,+966,5538842140,Saudi,Muslim,safiyyah.ali949@example.com,2Kypaf7v3&
5662,الأبتدائية,الأولى,ب,2025-2026,1870699945,P2405904044,ar,Khadijah,Hussein,Hassan,Khadijah,خديجة حسين حسن,Female,12/09/2014 14:27:30,Mecca,Street 1,+966,5288956763,Saudi,Christian,khadijah.hassan167@example.com,#IX#8Wij%9,2488354056,5358444045,True,Hussein,Saud,Hassan,Hussein,حسين سعود حسن,Male,12/09/1982 14:27:30,Mecca,Street 3,+966,5358444045,Saudi,Christian,5^BbcZC^SN,hussein.hassan510@example.com,1255986693,5128558179,False,Maryam,Idris,Akram,Maryam,مريم إدريس أكرم,Female,12/09/1996 14:27:30,Riyadh,Street 2,+966,5128558179,Saudi,Christian,maryam.akram690@example.com,O50tCU65(c
8914,الأبتدائية,الأولى,ب,2025-2026,2102976826,P2197654411,ar,Zainab,Ibrahim,Ali,Zainab,زينب إبراهيم علي,Female,12/09/2016 14:27:30,Dammam,Street 2,+966,5789767255,Saudi,Muslim,zainab.ali791@example.com,L$Ib$%%y7%,2897900466,5722976892,True,Ibrahim,Salem,Ali,Ibrahim,إبراهيم سالم علي,Male,12/09/1987 14:27:30,Medina,Street 3,+966,5722976892,Saudi,Muslim,)G%VZ*97wu,ibrahim.ali785@example.com,2657170106,5280729323,False,Zahra,Ali,Ali,Zahra,زهرة علي علي,Female,12/09/1988 14:27:30,Medina,Street 1,+966,5280729323,Saudi,Muslim,zahra.ali466@example.com,2GrMB4)qMy
3197,الأبتدائية,الأولى,ب,2025-2026,2138050629,P2574135107,ar,Tamadur,Idris,Yousef,Tamadur,تماضر إدريس يوسف,Female,12/09/2018 14:27:30,Riyadh,Street 4,+966,5641329969,Saudi,Muslim,tamadur.yousef472@example.com,X0SCUrtm3$,1727516454,5168290655,True,Idris,Akram,Yousef,Idris,إدريس أكرم يوسف,Male,12/09/1981 14:27:30,Mecca,Street 4,+966,5168290655,Saudi,Muslim,3%9I!o0*PV,idris.yousef868@example.com,1372836443,5947033016,False,Yasmin,Bilal,Turki,Yasmin,ياسمين بلال تركي,Female,12/09/1990 14:27:30,Medina,Street 1,+966,5947033016,Saudi,Muslim,yasmin.turki970@example.com,jS07g7&N#z
8650,الأبتدائية,الأولى,ب,2025-2026,2340920653,P1794706877,en,Safiyyah,Idris,Yousef,Safiyyah,صفية إدريس يوسف,Female,12/09/2017 14:27:30,Medina,Street 3,+966,5814839211,Saudi,Muslim,safiyyah.yousef672@example.com,rb#J%QEMi4,1727516454,5168290655,True,Idris,Akram,Yousef,Idris,إدريس أكرم يوسف,Male,12/09/1981 14:27:30,Mecca,Street 4,+966,5168290655,Saudi,Muslim,3%9I!o0*PV,idris.yousef868@example.com,1372836443,5947033016,False,Yasmin,Bilal,Turki,Yasmin,ياسمين بلال تركي,Female,12/09/1990 14:27:30,Medina,Street 1,+966,5947033016,Saudi,Muslim,yasmin.turki970@example.com,jS07g7&N#z
1770,الأبتدائية,الأولى,ب,2025-2026,1306062775,P1608232346,en,Ruqaya,Ahmed,Hassan,Ruqaya,رقية أحمد حسن,Female,12/09/2018 14:27:30,Dammam,Street 5,+966,5766376911,Saudi,Muslim,ruqaya.hassan490@example.com,0Q2()0K8f#,1212873197,5991181677,False,Ahmed,Riyad,Hassan,Ahmed,أحمد رياض حسن,Male,12/09/1976 14:27:30,Riyadh,Street 2,+966,5991181677,Saudi,Muslim,PbC@D1S8ck,ahmed.hassan252@example.com,2482850322,5238524166,True,Ruqaya,Akram,Omar,Ruqaya,رقية أكرم عمر,Female,12/09/1982 14:27:30,Medina,Street 5,+966,5238524166,Saudi,Muslim,ruqaya.omar592@example.com,%9ovKGj4Yc
8534,الأبتدائية,الأولى,ب,2025-2026,2195165791,P2153077005,en,Layla,Ahmed,Hassan,Layla,ليلى أحمد حسن,Female,12/09/2019 14:27:30,Jeddah,Street 1,+966,5278055307,Saudi,Muslim,layla.hassan248@example.com,B4hE!1J*yM,1212873197,5991181677,False,Ahmed,Riyad,Hassan,Ahmed,أحمد رياض حسن,Male,12/09/1976 14:27:30,Riyadh,Street 2,+966,5991181677,Saudi,Muslim,PbC@D1S8ck,ahmed.hassan252@example.com,2482850322,5238524166,True,Ruqaya,Akram,Omar,Ruqaya,رقية أكرم عمر,Female,12/09/1982 14:27:30,Medina,Street 5,+966,5238524166,Saudi,Muslim,ruqaya.omar592@example.com,%9ovKGj4Yc
6012,الأبتدائية,الأولى,ب,2025-2026,1236510971,P1787351841,en,Nasser,Ahmed,Hassan,Nasser,ناصر أحمد حسن,Male,12/09/2017 14:27:30,Dammam,Street 3,+966,5872924741,Saudi,Muslim,nasser.hassan977@example.com,l##mIxEm^1,1212873197,5991181677,False,Ahmed,Riyad,Hassan,Ahmed,أحمد رياض حسن,Male,12/09/1976 14:27:30,Riyadh,Street 2,+966,5991181677,Saudi,Muslim,PbC@D1S8ck,ahmed.hassan252@example.com,2482850322,5238524166,True,Ruqaya,Akram,Omar,Ruqaya,رقية أكرم عمر,Female,12/09/1982 14:27:30,Medina,Street 5,+966,5238524166,Saudi,Muslim,ruqaya.omar592@example.com,%9ovKGj4Yc
2227,الأبتدائية,الأولى,ب,2025-2026,2654372970,P1478980323,en,Tariq,Omar,Bilal,Tariq,طارق عمر بلال,Male,12/09/2017 14:27:30,Jeddah,Street 5,+966,5445359192,Saudi,Muslim,tariq.bilal668@example.com,q!@59wiM@N,2546690513,5985945742,False,Omar,Salem,Bilal,Omar,عمر سالم بلال,Male,12/09/1977 14:27:30,Jeddah,Street 5,+966,5985945742,Saudi,Muslim,i#pW0HU9Fw,omar.bilal981@example.com,2879270696,5749901760,True,Layla,Khalid,Zayne,Layla,ليلى خالد زين,Female,12/09/1986 14:27:30,Medina,Street 4,+966,5749901760,Saudi,Muslim,layla.zayne839@example.com,y4As2K63p)
3276,الأبتدائية,الأولى,ب,2025-2026,1905397640,P1322583708,en,Layla,Bilal,Hussein,Layla,ليلى بلال حسين,Female,12/09/2019 14:27:30,Jeddah,Street 5,+966,5463174870,Saudi,Christian,layla.hussein801@example.com,aH7EI!cm@#,2596976427,5878078243,False,Bilal,Ismail,Hussein,Bilal,بلال إسماعيل حسين,Male,12/09/1985 14:27:30,Medina,Street 5,+966,5878078243,Saudi,Christian,@h3qdA5O#a,bilal.hussein718@example.com,2590311157,5855533606,True,Aisha,Akram,Ibrahim,Aisha,عائشة أكرم إبراهيم,Female,12/09/1986 14:27:30,Mecca,Street 5,+966,5855533606,Saudi,Christian,aisha.ibrahim977@example.com,q9C$@wdTAF
5791,الأبتدائية,الأولى,ب,2025-2026,1532138000,P2609354115,en,Saud,Ali,Ali,Saud,سعود علي علي,Male,12/09/2014 14:27:30,Mecca,Street 2,+966,5562966779,Saudi,Muslim,saud.ali159@example.com,KN)#UQzd6v,2146883987,5820553695,False,Ali,Khalid,Ali,Ali,علي خالد علي,Male,12/09/1991 14:27:30,Jeddah,Street 4,+966,5820553695,Saudi,Muslim,WmI$d)4zdv,ali.ali550@example.com,2841953061,5787903866,True,Khadijah,Yousef,Idris,Khadijah,خديجة يوسف إدريس,Female,12/09/1991 14:27:30,Riyadh,Street 1,+966,5787903866,Saudi,Muslim,khadijah.idris113@example.com,677(nV!$8X
1932,الأبتدائية,الأولى,ب,2025-2026,2776657554,P2569031565,en,Nasser,Nasser,Sultan,Nasser,ناصر ناصر سلطان,Male,12/09/2015 14:27:30,Riyadh,Street 3,+966,5561673922,Saudi,Muslim,nasser.sultan682@example.com,2yhc@Jp8zz,1428446305,5941893194,True,Nasser,Ibrahim,Sultan,Nasser,ناصر إبراهيم سلطان,Male,12/09/1993 14:27:30,Mecca,Street 5,+966,5941893194,Saudi,Muslim,&u%JBf1!N8,nasser.sultan874@example.com,1750618482,5954983273,False,Ruqaya,Ismail,Nasser,Ruqaya,رقية إسماعيل ناصر,Female,12/09/1981 14:27:30,Jeddah,Street 4,+966,5954983273,Saudi,Muslim,ruqaya.nasser389@example.com,NkDl*q0RL7
8912,الأبتدائية,الأولى,ب,2025-2026,2975940488,P2536147046,ar,Zaid,Turki,Hamza,Zaid,زيد تركي حمزة,Male,12/09/2014 14:27:30,Jeddah,Street 5,+966,5353563552,Saudi,Christian,zaid.hamza115@example.com,dQWI2*B*$l,1667126007,5262861092,True,Turki,Nasser,Hamza,Turki,تركي ناصر حمزة,Male,12/09/1976 14:27:30,Mecca,Street 4,+966,5262861092,Saudi,Christian,Rl3sU^*iLd,turki.hamza189@example.com,1385874880,5549582227,False,Dana,Mohammed,Salman,Dana,دانا محمد سلمان,Female,12/09/1997 14:27:30,Jeddah,Street 2,+966,5549582227,Saudi,Christian,dana.salman618@example.com,r86PI@!AKG
8441,الأبتدائية,الأولى,ب,2025-2026,2730836326,P2400240887,ar,Sara,Hussein,Salem,Sara,سارة حسين سالم,Female,12/09/2014 14:27:30,Riyadh,Street 1,+966,5978182050,Saudi,Christian,sara.salem643@example.com,d(SFFj6MTa,1972644370,5467066728,False,Hussein,Ismail,Salem,Hussein,حسين إسماعيل سالم,Male,12/09/1994 14:27:30,Jeddah,Street 3,+966,5467066728,Saudi,Christian,RU15cKlMK*,hussein.salem545@example.com,2824714987,5859120742,True,Lina,Salem,Omar,Lina,لينا سالم عمر,Female,12/09/1984 14:27:30,Riyadh,Street 5,+966,5859120742,Saudi,Christian,lina.omar629@example.com,@@$1j)Y^2N
6642,الأبتدائية,الأولى,ب,2025-2026,1753755555,P1343081599,en,Salem,Hussein,Salem,Salem,سالم حسين سالم,Male,12/09/2016 14:27:30,Jeddah,Street 1,+966,5514085457,Saudi,Christian,salem.salem741@example.com,h*6ZZ6G@J%,1972644370,5467066728,False,Hussein,Ismail,Salem,Hussein,حسين إسماعيل سالم,Male,12/09/1994 14:27:30,Jeddah,Street 3,+966,5467066728,Saudi,Christian,RU15cKlMK*,hussein.salem545@example.com,2824714987,5859120742,True,Lina,Salem,Omar,Lina,لينا سالم عمر,Female,12/09/1984 14:27:30,Riyadh,Street 5,+966,5859120742,Saudi,Christian,lina.omar629@example.com,@@$1j)Y^2N
9011,الأبتدائية,الأولى,ب,2025-2026,2903796023,P2846923589,ar,Bilal,Saud,Bilal,Bilal,بلال سعود بلال,Male,12/09/2015 14:27:30,Dammam,Street 4,+966,5372780389,Saudi,Christian,bilal.bilal399@example.com,&s782Rxquw,2239724620,5934330498,False,Saud,Sultan,Bilal,Saud,سعود سلطان بلال,Male,12/09/1984 14:27:30,Jeddah,Street 4,+966,5934330498,Saudi,Christian,O!5Yfcl^J1,saud.bilal983@example.com,2815220823,5881598022,True,Fatimah,Salem,Akram,Fatimah,فاطمة سالم أكرم,Female,12/09/1984 14:27:30,Jeddah,Street 4,+966,5881598022,Saudi,Christian,fatimah.akram555@example.com,0tzQ!^$Y2k
8955,الأبتدائية,الأولى,ب,2025-2026,1101144856,P2853203423,en,Omar,Sulaiman,Fahad,Omar,عمر سليمان فهد,Male,12/09/2018 14:27:30,Mecca,Street 3,+966,5562700497,Saudi,Christian,omar.fahad672@example.com,gS4b(Pi&Xp,1968330294,5373258204,False,Sulaiman,Salem,Fahad,Sulaiman,سليمان سالم فهد,Male,12/09/1980 14:27:30,Jeddah,Street 2,+966,5373258204,Saudi,Christian,G^du!ONoE6,sulaiman.fahad221@example.com,1596493356,5434359697,True,Safiyyah,Mohammed,Ali,Safiyyah,صفية محمد علي,Female,12/09/1996 14:27:30,Medina,Street 5,+966,5434359697,Saudi,Christian,safiyyah.ali481@example.com,gt@!)pAP3m
8363,الأبتدائية,الأولى,ا,2025-2026,1516406647,P1843962386,en,Aisha,Omar,Khalid,Aisha,عائشة عمر خالد,Female,12/09/2014 14:27:30,Mecca,Street 1,+966,5476234376,Saudi,Christian,aisha.khalid217@example.com,jQW13gw7*@,1123687462,5508285154,True,Omar,Saud,Khalid,Omar,عمر سعود خالد,Male,12/09/1990 14:27:30,Medina,Street 4,+966,5508285154,Saudi,Christian,6o8%C9vKgo,omar.khalid268@example.com,2343874795,5459691134,False,Lama,Idris,Ahmed,Lama,لمى إدريس أحمد,Female,12/09/1986 14:27:30,Mecca,Street 1,+966,5459691134,Saudi,Christian,lama.ahmed703@example.com,n*l3@*QxPp
5558,الأبتدائية,الأولى,ا,2025-2026,1703021046,P2962134445,ar,Ibrahim,Mohammed,Fahad,Ibrahim,إبراهيم محمد فهد,Male,12/09/2016 14:27:30,Medina,Street 5,+966,5683004022,Saudi,Christian,ibrahim.fahad115@example.com,lc3PUe@$(I,1518493482,5358193272,True,Mohammed,Hussein,Fahad,Mohammed,محمد حسين فهد,Male,12/09/1987 14:27:30,Jeddah,Street 4,+966,5358193272,Saudi,Christian,(C8nDt&z4J,mohammed.fahad172@example.com,2730962284,5573977171,False,Yasmin,Nasser,Fahad,Yasmin,ياسمين ناصر فهد,Female,12/09/1986 14:27:30,Jeddah,Street 4,+966,5573977171,Saudi,Christian,yasmin.fahad799@example.com,%rbwm%EaD6
8954,الأبتدائية,الأولى,ا,2025-2026,2878516889,P1310230556,ar,Zayne,Mohammed,Fahad,Zayne,زين محمد فهد,Male,12/09/2019 14:27:30,Riyadh,Street 2,+966,5730024362,Saudi,Christian,zayne.fahad389@example.com,3sC#)ph5Uu,1518493482,5358193272,True,Mohammed,Hussein,Fahad,Mohammed,محمد حسين فهد,Male,12/09/1987 14:27:30,Jeddah,Street 4,+966,5358193272,Saudi,Christian,(C8nDt&z4J,mohammed.fahad172@example.com,2730962284,5573977171,False,Yasmin,Nasser,Fahad,Yasmin,ياسمين ناصر فهد,Female,12/09/1986 14:27:30,Jeddah,Street 4,+966,5573977171,Saudi,Christian,yasmin.fahad799@example.com,%rbwm%EaD6
3064,الأبتدائية,الأولى,ا,2025-2026,1309509819,P1896726129,en,Ibrahim,Bilal,Abdulaziz,Ibrahim,إبراهيم بلال عبدالعزيز,Male,12/09/2016 14:27:30,Riyadh,Street 5,+966,5517694818,Saudi,Muslim,ibrahim.abdulaziz143@example.com,5odI#sZOyX,2907282741,5608901465,False,Bilal,Zaid,Abdulaziz,Bilal,بلال زيد عبدالعزيز,Male,12/09/1976 14:27:30,Medina,Street 1,+966,5608901465,Saudi,Muslim,H(wKK0ZxFj,bilal.abdulaziz104@example.com,2452879351,5118024584,True,Atika,Abdulaziz,Nasser,Atika,عاتكة عبدالعزيز ناصر,Female,12/09/1988 14:27:30,Mecca,Street 4,+966,5118024584,Saudi,Muslim,atika.nasser455@example.com,8rz0^Rl$Dt
7904,الأبتدائية,الأولى,ا,2025-2026,2996737081,P1194968425,ar,Assiya,Bilal,Abdulaziz,Assiya,أسيا بلال عبدالعزيز,Female,12/09/2014 14:27:30,Dammam,Street 3,+966,5733679862,Saudi,Muslim,assiya.abdulaziz871@example.com,))5uo6&nrT,2907282741,5608901465,False,Bilal,Zaid,Abdulaziz,Bilal,بلال زيد عبدالعزيز,Male,12/09/1976 14:27:30,Medina,Street 1,+966,5608901465,Saudi,Muslim,H(wKK0ZxFj,bilal.abdulaziz104@example.com,2452879351,5118024584,True,Atika,Abdulaziz,Nasser,Atika,عاتكة عبدالعزيز ناصر,Female,12/09/1988 14:27:30,Mecca,Street 4,+966,5118024584,Saudi,Muslim,atika.nasser455@example.com,8rz0^Rl$Dt
6353,الأبتدائية,الأولى,ا,2025-2026,1686038089,P2330052933,en,Nadia,Hassan,Idris,Nadia,نادية حسن إدريس,Female,12/09/2016 14:27:30,Riyadh,Street 4,+966,5389487324,Saudi,Muslim,nadia.idris206@example.com,*6&ua6JXt&,2185601993,5677089463,False,Hassan,Turki,Idris,Hassan,حسن تركي إدريس,Male,12/09/1987 14:27:30,Mecca,Street 5,+966,5677089463,Saudi,Muslim,QPjI7w!FQp,hassan.idris833@example.com,2761086230,5773989706,True,Aaliyah,Ali,Saud,Aaliyah,عالية علي سعود,Female,12/09/1991 14:27:30,Jeddah,Street 2,+966,5773989706,Saudi,Muslim,aaliyah.saud813@example.com,d(72K$J&rv
7368,الأبتدائية,الأولى,ا,2025-2026,2911957411,P1447186927,en,Zaid,Hassan,Turki,Zaid,زيد حسن تركي,Male,12/09/2016 14:27:30,Medina,Street 4,+966,5441286502,Saudi,Muslim,zaid.turki973@example.com,X@2i5ZEMq5,1950923526,5652356137,True,Hassan,Ismail,Turki,Hassan,حسن إسماعيل تركي,Male,12/09/1976 14:27:30,Jeddah,Street 5,+966,5652356137,Saudi,Muslim,VcOQwb7$#h,hassan.turki932@example.com,1901419226,5602142644,False,Salma,Turki,Zaid,Salma,سلمى تركي زيد,Female,12/09/1988 14:27:30,Mecca,Street 4,+966,5602142644,Saudi,Muslim,salma.zaid954@example.com,liNu6$A%hX
7198,الأبتدائية,الأولى,ا,2025-2026,1168309926,P2999095285,ar,Dana,Hassan,Bilal,Dana,دانا حسن بلال,Female,12/09/2018 14:27:30,Dammam,Street 2,+966,5152826144,Saudi,Christian,dana.bilal988@example.com,(fCdb49(&V,2432354586,5859393330,True,Hassan,Salem,Bilal,Hassan,حسن سالم بلال,Male,12/09/1994 14:27:30,Riyadh,Street 2,+966,5859393330,Saudi,Christian,^0T*0t0*l4,hassan.bilal189@example.com,2442057345,5180982834,False,Atika,Salem,Hamza,Atika,عاتكة سالم حمزة,Female,12/09/1995 14:27:30,Dammam,Street 5,+966,5180982834,Saudi,Christian,atika.hamza626@example.com,2p%16Xq!)V
5333,الأبتدائية,الأولى,ا,2025-2026,2604475060,P1651900018,en,Hamza,Hassan,Bilal,Hamza,حمزة حسن بلال,Male,12/09/2015 14:27:30,Jeddah,Street 2,+966,5373168083,Saudi,Christian,hamza.bilal733@example.com,1Bb1*EXgS$,2432354586,5859393330,True,Hassan,Salem,Bilal,Hassan,حسن سالم بلال,Male,12/09/1994 14:27:30,Riyadh,Street 2,+966,5859393330,Saudi,Christian,^0T*0t0*l4,hassan.bilal189@example.com,2442057345,5180982834,False,Atika,Salem,Hamza,Atika,عاتكة سالم حمزة,Female,12/09/1995 14:27:30,Dammam,Street 5,+966,5180982834,Saudi,Christian,atika.hamza626@example.com,2p%16Xq!)V
2508,الأبتدائية,الأولى,ا,2025-2026,2587141893,P2329697676,en,Sulaiman,Yousef,Mahdi,Sulaiman,سليمان يوسف مهدي,Male,12/09/2016 14:27:30,Jeddah,Street 1,+966,5745280188,Saudi,Muslim,sulaiman.mahdi333@example.com,7V(nXBlzO*,2277461857,5389650349,True,Yousef,Khalid,Mahdi,Yousef,يوسف خالد مهدي,Male,12/09/1995 14:27:30,Riyadh,Street 4,+966,5389650349,Saudi,Muslim,6q(PSbQd!a,yousef.mahdi791@example.com,1813619368,5278186599,False,Noor,Sultan,Zayne,Noor,نور سلطان زين,Female,12/09/1983 14:27:30,Riyadh,Street 1,+966,5278186599,Saudi,Muslim,noor.zayne405@example.com,T4UC1&kyak
2335,الأبتدائية,الأولى,ا,2025-2026,1103600605,P1539282976,en,Fatimah,Yousef,Mahdi,Fatimah,فاطمة يوسف مهدي,Female,12/09/2017 14:27:30,Riyadh,Street 5,+966,5978450643,Saudi,Muslim,fatimah.mahdi901@example.com,C5v0)fr)!Z,2277461857,5389650349,True,Yousef,Khalid,Mahdi,Yousef,يوسف خالد مهدي,Male,12/09/1995 14:27:30,Riyadh,Street 4,+966,5389650349,Saudi,Muslim,6q(PSbQd!a,yousef.mahdi791@example.com,1813619368,5278186599,False,Noor,Sultan,Zayne,Noor,نور سلطان زين,Female,12/09/1983 14:27:30,Riyadh,Street 1,+966,5278186599,Saudi,Muslim,noor.zayne405@example.com,T4UC1&kyak
3654,الأبتدائية,الأولى,ا,2025-2026,2328732260,P1431964073,en,Khadijah,Ahmed,Mahdi,Khadijah,خديجة أحمد مهدي,Female,12/09/2019 14:27:30,Riyadh,Street 1,+966,5929978042,Saudi,Christian,khadijah.mahdi303@example.com,AzoH@NH7Oh,2562060690,5541385500,True,Ahmed,Fahad,Mahdi,Ahmed,أحمد فهد مهدي,Male,12/09/1982 14:27:30,Dammam,Street 4,+966,5541385500,Saudi,Christian,d5AXg&ID(m,ahmed.mahdi571@example.com,2300901539,5672350022,False,Aaliyah,Salman,Akram,Aaliyah,عالية سلمان أكرم,Female,12/09/1986 14:27:30,Medina,Street 2,+966,5672350022,Saudi,Christian,aaliyah.akram138@example.com,Jn8t#D0mU)
5430,الأبتدائية,الأولى,ا,2025-2026,1226725850,P1694208456,en,Sedra,Ahmed,Mahdi,Sedra,سدرة أحمد مهدي,Female,12/09/2018 14:27:30,Riyadh,Street 3,+966,5620808568,Saudi,Christian,sedra.mahdi960@example.com,!#Q2EblEay,2562060690,5541385500,True,Ahmed,Fahad,Mahdi,Ahmed,أحمد فهد مهدي,Male,12/09/1982 14:27:30,Dammam,Street 4,+966,5541385500,Saudi,Christian,d5AXg&ID(m,ahmed.mahdi571@example.com,2300901539,5672350022,False,Aaliyah,Salman,Akram,Aaliyah,عالية سلمان أكرم,Female,12/09/1986 14:27:30,Medina,Street 2,+966,5672350022,Saudi,Christian,aaliyah.akram138@example.com,Jn8t#D0mU)
2738,الأبتدائية,الأولى,ا,2025-2026,1218102220,P1472068189,en,Ruqaya,Mohammed,Zayne,Ruqaya,رقية محمد زين,Female,12/09/2016 14:27:30,Medina,Street 2,+966,5413535788,Saudi,Christian,ruqaya.zayne792@example.com,E3e9Qxi*@Z,1825692807,5219553639,False,Mohammed,Akram,Zayne,Mohammed,محمد أكرم زين,Male,12/09/1992 14:27:30,Mecca,Street 1,+966,5219553639,Saudi,Christian,U)##Wj2L8@,mohammed.zayne103@example.com,2208537526,5427935336,True,Lubaba,Nasser,Saud,Lubaba,لبابة ناصر سعود,Female,12/09/1990 14:27:30,Riyadh,Street 3,+966,5427935336,Saudi,Christian,lubaba.saud133@example.com,^zzG4W5cO*
2210,الأبتدائية,الأولى,ا,2025-2026,1552215893,P2553467943,ar,Salma,Khalid,Fahad,Salma,سلمى خالد فهد,Female,12/09/2019 14:27:30,Medina,Street 3,+966,5106838478,Saudi,Muslim,salma.fahad625@example.com,XfrE21$QCy,2822700800,5672934836,False,Khalid,Abdulrahman,Fahad,Khalid,خالد عبدالرحمن فهد,Male,12/09/1992 14:27:30,Medina,Street 4,+966,5672934836,Saudi,Muslim,xrs2w1F)CX,khalid.fahad375@example.com,2726420680,5278257528,True,Assiya,Akram,Zaid,Assiya,أسيا أكرم زيد,Female,12/09/1983 14:27:30,Mecca,Street 4,+966,5278257528,Saudi,Muslim,assiya.zaid130@example.com,m#xQr0B5g#
4534,الأبتدائية,الأولى,ا,2025-2026,1217164332,P1265337712,ar,Tariq,Khalid,Fahad,Tariq,طارق خالد فهد,Male,12/09/2016 14:27:30,Mecca,Street 4,+966,5335970477,Saudi,Muslim,tariq.fahad882@example.com,2LhrdO!d0Z,2822700800,5672934836,False,Khalid,Abdulrahman,Fahad,Khalid,خالد عبدالرحمن فهد,Male,12/09/1992 14:27:30,Medina,Street 4,+966,5672934836,Saudi,Muslim,xrs2w1F)CX,khalid.fahad375@example.com,2726420680,5278257528,True,Assiya,Akram,Zaid,Assiya,أسيا أكرم زيد,Female,12/09/1983 14:27:30,Mecca,Street 4,+966,5278257528,Saudi,Muslim,assiya.zaid130@example.com,m#xQr0B5g#
3984,الأبتدائية,الأولى,ا,2025-2026,1549640869,P2681809029,ar,Abdullah,Hassan,Zayne,Abdullah,عبدالله حسن زين,Male,12/09/2017 14:27:30,Medina,Street 5,+966,5980208982,Saudi,Muslim,abdullah.zayne421@example.com,$@Oqp2MbWO,1246722347,5568656169,True,Hassan,Mohammed,Zayne,Hassan,حسن محمد زين,Male,12/09/1989 14:27:30,Dammam,Street 2,+966,5568656169,Saudi,Muslim,Pv99YR*@l*,hassan.zayne793@example.com,1800301735,5822941072,False,Hanan,Sulaiman,Fahad,Hanan,حنان سليمان فهد,Female,12/09/1991 14:27:30,Riyadh,Street 4,+966,5822941072,Saudi,Muslim,hanan.fahad718@example.com,Y)9bxNyy9G
7177,الأبتدائية,الأولى,ا,2025-2026,2855508668,P2311369983,ar,Lina,Hassan,Zayne,Lina,لينا حسن زين,Female,12/09/2019 14:27:30,Mecca,Street 5,+966,5313376198,Saudi,Muslim,lina.zayne393@example.com,F*p2A7L(JV,1246722347,5568656169,True,Hassan,Mohammed,Zayne,Hassan,حسن محمد زين,Male,12/09/1989 14:27:30,Dammam,Street 2,+966,5568656169,Saudi,Muslim,Pv99YR*@l*,hassan.zayne793@example.com,1800301735,5822941072,False,Hanan,Sulaiman,Fahad,Hanan,حنان سليمان فهد,Female,12/09/1991 14:27:30,Riyadh,Street 4,+966,5822941072,Saudi,Muslim,hanan.fahad718@example.com,Y)9bxNyy9G
1159,الأبتدائية,الأولى,ا,2025-2026,2791742172,P1451452184,en,Amal,Mahdi,Akram,Amal,أمل مهدي أكرم,Female,12/09/2016 14:27:30,Dammam,Street 1,+966,5850983331,Saudi,Christian,amal.akram522@example.com,tu@K&Yk7J),1390602359,5835134049,False,Mahdi,Fahad,Akram,Mahdi,مهدي فهد أكرم,Male,12/09/1976 14:27:30,Mecca,Street 5,+966,5835134049,Saudi,Christian,t2@cwdAKlI,mahdi.akram572@example.com,2329689777,5427899145,True,Haya,Hussein,Hamza,Haya,هيا حسين حمزة,Female,12/09/1991 14:27:30,Mecca,Street 4,+966,5427899145,Saudi,Christian,haya.hamza587@example.com,vRdBC)@7I0
2711,الأبتدائية,الأولى,ا,2025-2026,2684237119,P1844219357,ar,Sulaiman,Mahdi,Ibrahim,Sulaiman,سليمان مهدي إبراهيم,Male,12/09/2019 14:27:30,Mecca,Street 4,+966,5564175381,Saudi,Christian,sulaiman.ibrahim724@example.com,g13QLW)EVO,1108922901,5407897021,False,Mahdi,Hassan,Ibrahim,Mahdi,مهدي حسن إبراهيم,Male,12/09/1985 14:27:30,Medina,Street 3,+966,5407897021,Saudi,Christian,rFea@9xRZ!,mahdi.ibrahim200@example.com,2722343390,5705256539,True,Tamadur,Abdulaziz,Fahad,Tamadur,تماضر عبدالعزيز فهد,Female,12/09/1990 14:27:30,Jeddah,Street 5,+966,5705256539,Saudi,Christian,tamadur.fahad957@example.com,hY@B3X5%l3
1532,الأبتدائية,الأولى,ا,2025-2026,2558777874,P1931680549,ar,Ismail,Abdulrahman,Sulaiman,Ismail,إسماعيل عبدالرحمن سليمان,Male,12/09/2017 14:27:30,Medina,Street 2,+966,5779976511,Saudi,Muslim,ismail.sulaiman875@example.com,5YH44b3^yo,2353036033,5351079867,True,Abdulrahman,Hassan,Sulaiman,Abdulrahman,عبدالرحمن حسن سليمان,Male,12/09/1985 14:27:30,Jeddah,Street 5,+966,5351079867,Saudi,Muslim,ks6vXq^@ME,abdulrahman.sulaiman650@example.com,1163545183,5153679725,False,Hanan,Abdullah,Sulaiman,Hanan,حنان عبدالله سليمان,Female,12/09/1986 14:27:30,Dammam,Street 2,+966,5153679725,Saudi,Muslim,hanan.sulaiman599@example.com,n6*H!fRRna
9370,الأبتدائية,الأولى,ا,2025-2026,1180151879,P1560721643,ar,Salman,Abdulaziz,Sultan,Salman,سلمان عبدالعزيز سلطان,Male,12/09/2015 14:27:30,Mecca,Street 3,+966,5657627498,Saudi,Christian,salman.sultan644@example.com,6B#x*NEk@v,2359352487,5999062449,True,Abdulaziz,Ahmed,Sultan,Abdulaziz,عبدالعزيز أحمد سلطان,Male,12/09/1990 14:27:30,Medina,Street 5,+966,5999062449,Saudi,Christian,*1Qee^CaHx,abdulaziz.sultan731@example.com,1778630302,5151561613,False,Atika,Akram,Abdulrahman,Atika,عاتكة أكرم عبدالرحمن,Female,12/09/1989 14:27:30,Mecca,Street 2,+966,5151561613,Saudi,Christian,atika.abdulrahman209@example.com,h$3621NMWv
1429,الأبتدائية,الأولى,ا,2025-2026,1853948532,P1136902493,en,Nora,Zaid,Zaid,Nora,نورا زيد زيد,Female,12/09/2019 14:27:30,Mecca,Street 1,+966,5110064126,Saudi,Muslim,nora.zaid629@example.com,BrLz&uD7ci,1697843035,5159118585,True,Zaid,Ismail,Zaid,Zaid,زيد إسماعيل زيد,Male,12/09/1976 14:27:30,Mecca,Street 4,+966,5159118585,Saudi,Muslim,hlDZU8*x8g,zaid.zaid612@example.com,1190601640,5744999268,False,Lama,Ibrahim,Abdulrahman,Lama,لمى إبراهيم عبدالرحمن,Female,12/09/1992 14:27:30,Jeddah,Street 1,+966,5744999268,Saudi,Muslim,lama.abdulrahman761@example.com,pWc39!4ej9
6084,الأبتدائية,الأولى,ا,2025-2026,2923648422,P1193326535,ar,Abdulaziz,Hassan,Akram,Abdulaziz,عبدالعزيز حسن أكرم,Male,12/09/2016 14:27:30,Dammam,Street 5,+966,5301049111,Saudi,Christian,abdulaziz.akram582@example.com,PS&j!@&j90,2809992628,5152553888,False,Hassan,Ibrahim,Akram,Hassan,حسن إبراهيم أكرم,Male,12/09/1989 14:27:30,Medina,Street 3,+966,5152553888,Saudi,Christian,kfw&UJ2)t0,hassan.akram850@example.com,2652366961,5430169584,True,Fatimah,Salem,Ali,Fatimah,فاطمة سالم علي,Female,12/09/1981 14:27:30,Mecca,Street 3,+966,5430169584,Saudi,Christian,fatimah.ali167@example.com,cg36h^GAsG
8791,الأبتدائية,الأولى,د,2025-2026,2851669766,P1829053931,en,Zayne,Hassan,Akram,Zayne,زين حسن أكرم,Male,12/09/2017 14:27:30,Dammam,Street 5,+966,5768902175,Saudi,Christian,zayne.akram698@example.com,h$3VIdZyVh,2809992628,5152553888,False,Hassan,Ibrahim,Akram,Hassan,حسن إبراهيم أكرم,Male,12/09/1989 14:27:30,Medina,Street 3,+966,5152553888,Saudi,Christian,kfw&UJ2)t0,hassan.akram850@example.com,2652366961,5430169584,True,Fatimah,Salem,Ali,Fatimah,فاطمة سالم علي,Female,12/09/1981 14:27:30,Mecca,Street 3,+966,5430169584,Saudi,Christian,fatimah.ali167@example.com,cg36h^GAsG
2587,الأبتدائية,الأولى,د,2025-2026,2507891166,P2684165392,ar,Rania,Hussein,Hassan,Rania,رانيا حسين حسن,Female,12/09/2018 14:27:30,Medina,Street 3,+966,5589138876,Saudi,Muslim,rania.hassan719@example.com,sf6O%7%x34,2516119617,5472660196,False,Hussein,Nasser,Hassan,Hussein,حسين ناصر حسن,Male,12/09/1986 14:27:30,Medina,Street 5,+966,5472660196,Saudi,Muslim,^5v8^a5JId,hussein.hassan742@example.com,1124614004,5560053812,True,Rania,Mohammed,Tariq,Rania,رانيا محمد طارق,Female,12/09/1983 14:27:30,Riyadh,Street 2,+966,5560053812,Saudi,Muslim,rania.tariq416@example.com,#6BwEqaT(V
1708,الأبتدائية,الأولى,د,2025-2026,2898772575,P1494207426,en,Aisha,Hussein,Hassan,Aisha,عائشة حسين حسن,Female,12/09/2019 14:27:30,Medina,Street 1,+966,5612195340,Saudi,Muslim,aisha.hassan561@example.com,HpbcUub7M#,2516119617,5472660196,False,Hussein,Nasser,Hassan,Hussein,حسين ناصر حسن,Male,12/09/1986 14:27:30,Medina,Street 5,+966,5472660196,Saudi,Muslim,^5v8^a5JId,hussein.hassan742@example.com,1124614004,5560053812,True,Rania,Mohammed,Tariq,Rania,رانيا محمد طارق,Female,12/09/1983 14:27:30,Riyadh,Street 2,+966,5560053812,Saudi,Muslim,rania.tariq416@example.com,#6BwEqaT(V
3858,الأبتدائية,الأولى,د,2025-2026,2801107958,P2378253062,en,Idris,Hussein,Hassan,Idris,إدريس حسين حسن,Male,12/09/2019 14:27:30,Jeddah,Street 1,+966,5537635470,Saudi,Muslim,idris.hassan306@example.com,ua&fqZC6hL,2516119617,5472660196,False,Hussein,Nasser,Hassan,Hussein,حسين ناصر حسن,Male,12/09/1986 14:27:30,Medina,Street 5,+966,5472660196,Saudi,Muslim,^5v8^a5JId,hussein.hassan742@example.com,1124614004,5560053812,True,Rania,Mohammed,Tariq,Rania,رانيا محمد طارق,Female,12/09/1983 14:27:30,Riyadh,Street 2,+966,5560053812,Saudi,Muslim,rania.tariq416@example.com,#6BwEqaT(V
5538,الأبتدائية,الأولى,د,2025-2026,2267368644,P1116390238,en,Hassan,Abdullah,Nasser,Hassan,حسن عبدالله ناصر,Male,12/09/2014 14:27:30,Dammam,Street 3,+966,5190322737,Saudi,Christian,hassan.nasser626@example.com,zV)Wy2sjN7,1666838129,5593603879,True,Abdullah,Khalid,Nasser,Abdullah,عبدالله خالد ناصر,Male,12/09/1984 14:27:30,Medina,Street 5,+966,5593603879,Saudi,Christian,uBkEJt@U3r,abdullah.nasser981@example.com,2142071599,5479678577,False,Safiyyah,Abdullah,Abdulrahman,Safiyyah,صفية عبدالله عبدالرحمن,Female,12/09/1988 14:27:30,Riyadh,Street 4,+966,5479678577,Saudi,Christian,safiyyah.abdulrahman670@example.com,(1khTo5M(K
6648,الأبتدائية,الأولى,د,2025-2026,2729047131,P2806466062,en,Amal,Ibrahim,Yousef,Amal,أمل إبراهيم يوسف,Female,12/09/2017 14:27:30,Jeddah,Street 3,+966,5729994915,Saudi,Muslim,amal.yousef126@example.com,vC^4hGv6E&,1374742620,5626150326,True,Ibrahim,Mahdi,Yousef,Ibrahim,إبراهيم مهدي يوسف,Male,12/09/1994 14:27:30,Medina,Street 3,+966,5626150326,Saudi,Muslim,p%9gSgTgSm,ibrahim.yousef758@example.com,2976404625,5444721551,False,Zahra,Zayne,Zayne,Zahra,زهرة زين زين,Female,12/09/1992 14:27:30,Jeddah,Street 3,+966,5444721551,Saudi,Muslim,zahra.zayne634@example.com,jhAn3Bz#(b
4084,الأبتدائية,الأولى,د,2025-2026,1634282652,P2715092698,en,Amal,Fahad,Abdullah,Amal,أمل فهد عبدالله,Female,12/09/2017 14:27:30,Medina,Street 5,+966,5128503924,Saudi,Christian,amal.abdullah509@example.com,wua9^IUd2S,1787429031,5283067613,False,Fahad,Idris,Abdullah,Fahad,فهد إدريس عبدالله,Male,12/09/1990 14:27:30,Riyadh,Street 5,+966,5283067613,Saudi,Christian,ShaC^9cYD#,fahad.abdullah946@example.com,1964392129,5380735253,True,Sara,Salman,Khalid,Sara,سارة سلمان خالد,Female,12/09/1984 14:27:30,Dammam,Street 2,+966,5380735253,Saudi,Christian,sara.khalid965@example.com,3^r1(VeIZI
4683,الأبتدائية,الأولى,د,2025-2026,2493935283,P1189558032,en,Tariq,Fahad,Abdullah,Tariq,طارق فهد عبدالله,Male,12/09/2017 14:27:30,Dammam,Street 3,+966,5551160226,Saudi,Christian,tariq.abdullah958@example.com,w^4QY2Eg1N,1787429031,5283067613,False,Fahad,Idris,Abdullah,Fahad,فهد إدريس عبدالله,Male,12/09/1990 14:27:30,Riyadh,Street 5,+966,5283067613,Saudi,Christian,ShaC^9cYD#,fahad.abdullah946@example.com,1964392129,5380735253,True,Sara,Salman,Khalid,Sara,سارة سلمان خالد,Female,12/09/1984 14:27:30,Dammam,Street 2,+966,5380735253,Saudi,Christian,sara.khalid965@example.com,3^r1(VeIZI
9965,الأبتدائية,الأولى,د,2025-2026,1161073059,P2362489697,en,Mahdi,Salman,Salem,Mahdi,مهدي سلمان سالم,Male,12/09/2016 14:27:30,Medina,Street 2,+966,5674036098,Saudi,Christian,mahdi.salem384@example.com,ybB2@Rl84B,1434812886,5725692377,False,Salman,Ahmed,Salem,Salman,سلمان أحمد سالم,Male,12/09/1980 14:27:30,Medina,Street 4,+966,5725692377,Saudi,Christian,FnUU6K(Wor,salman.salem268@example.com,1670777652,5702896189,True,Atika,Hussein,Sultan,Atika,عاتكة حسين سلطان,Female,12/09/1982 14:27:30,Riyadh,Street 4,+966,5702896189,Saudi,Christian,atika.sultan727@example.com,F7#B)$1nxO
8535,الأبتدائية,الأولى,د,2025-2026,2899522113,P1214791236,en,Reem,Salman,Salem,Reem,ريم سلمان سالم,Female,12/09/2017 14:27:30,Riyadh,Street 4,+966,5844014551,Saudi,Christian,reem.salem949@example.com,OfPQN@5nN!,1434812886,5725692377,False,Salman,Ahmed,Salem,Salman,سلمان أحمد سالم,Male,12/09/1980 14:27:30,Medina,Street 4,+966,5725692377,Saudi,Christian,FnUU6K(Wor,salman.salem268@example.com,1670777652,5702896189,True,Atika,Hussein,Sultan,Atika,عاتكة حسين سلطان,Female,12/09/1982 14:27:30,Riyadh,Street 4,+966,5702896189,Saudi,Christian,atika.sultan727@example.com,F7#B)$1nxO
6671,الأبتدائية,الأولى,د,2025-2026,2171652820,P2274924436,ar,Zaid,Salman,Salem,Zaid,زيد سلمان سالم,Male,12/09/2014 14:27:30,Medina,Street 3,+966,5324345383,Saudi,Christian,zaid.salem366@example.com,f&ZL2szZ*f,1434812886,5725692377,False,Salman,Ahmed,Salem,Salman,سلمان أحمد سالم,Male,12/09/1980 14:27:30,Medina,Street 4,+966,5725692377,Saudi,Christian,FnUU6K(Wor,salman.salem268@example.com,1670777652,5702896189,True,Atika,Hussein,Sultan,Atika,عاتكة حسين سلطان,Female,12/09/1982 14:27:30,Riyadh,Street 4,+966,5702896189,Saudi,Christian,atika.sultan727@example.com,F7#B)$1nxO
2744,الأبتدائية,الأولى,د,2025-2026,2678698938,P2270430189,ar,Reem,Hussein,Hussein,Reem,ريم حسين حسين,Female,12/09/2016 14:27:30,Mecca,Street 4,+966,5366103480,Saudi,Christian,reem.hussein286@example.com,0^!*e2znMw,1352230752,5449459757,True,Hussein,Ismail,Hussein,Hussein,حسين إسماعيل حسين,Male,12/09/1980 14:27:30,Riyadh,Street 1,+966,5449459757,Saudi,Christian,w&ReMiTz14,hussein.hussein277@example.com,2751613427,5864427195,False,Aisha,Zayne,Ali,Aisha,عائشة زين علي,Female,12/09/1988 14:27:30,Mecca,Street 2,+966,5864427195,Saudi,Christian,aisha.ali478@example.com,UfqWg*2)G(
5504,الأبتدائية,الأولى,د,2025-2026,1457072694,P1460622328,ar,Ali,Riyad,Hamza,Ali,علي رياض حمزة,Male,12/09/2016 14:27:30,Mecca,Street 4,+966,5923825381,Saudi,Christian,ali.hamza728@example.com,5&%$23FGOt,2912413377,5268878297,True,Riyad,Omar,Hamza,Riyad,رياض عمر حمزة,Male,12/09/1981 14:27:30,Riyadh,Street 4,+966,5268878297,Saudi,Christian,lBHy6tU)*i,riyad.hamza800@example.com,1279289550,5213230079,False,Aisha,Zayne,Turki,Aisha,عائشة زين تركي,Female,12/09/1996 14:27:30,Mecca,Street 5,+966,5213230079,Saudi,Christian,aisha.turki889@example.com,8d$EZmbdNj
2569,الأبتدائية,الأولى,د,2025-2026,1622828224,P2500452087,en,Aisha,Riyad,Hamza,Aisha,عائشة رياض حمزة,Female,12/09/2016 14:27:30,Jeddah,Street 4,+966,5384172823,Saudi,Christian,aisha.hamza993@example.com,JrqK(eS4gh,2912413377,5268878297,True,Riyad,Omar,Hamza,Riyad,رياض عمر حمزة,Male,12/09/1981 14:27:30,Riyadh,Street 4,+966,5268878297,Saudi,Christian,lBHy6tU)*i,riyad.hamza800@example.com,1279289550,5213230079,False,Aisha,Zayne,Turki,Aisha,عائشة زين تركي,Female,12/09/1996 14:27:30,Mecca,Street 5,+966,5213230079,Saudi,Christian,aisha.turki889@example.com,8d$EZmbdNj
2753,الأبتدائية,الأولى,د,2025-2026,2931816960,P1942884792,ar,Mahdi,Riyad,Hamza,Mahdi,مهدي رياض حمزة,Male,12/09/2016 14:27:30,Riyadh,Street 3,+966,5578400790,Saudi,Christian,mahdi.hamza184@example.com,PvM4#xD57M,1254560808,5805184939,False,Riyad,Ahmed,Hamza,Riyad,رياض أحمد حمزة,Male,12/09/1990 14:27:30,Mecca,Street 1,+966,5805184939,Saudi,Christian,NY(6&km#tK,riyad.hamza763@example.com,1763655309,5599538050,True,Maha,Idris,Akram,Maha,مها إدريس أكرم,Female,12/09/1981 14:27:30,Dammam,Street 5,+966,5599538050,Saudi,Christian,maha.akram951@example.com,)1(y*52MT2
5525,الأبتدائية,الأولى,د,2025-2026,1481069836,P1367769287,ar,Dana,Riyad,Hamza,Dana,دانا رياض حمزة,Female,12/09/2014 14:27:30,Medina,Street 3,+966,5902713849,Saudi,Christian,dana.hamza452@example.com,jq99dt%neL,1254560808,5805184939,False,Riyad,Ahmed,Hamza,Riyad,رياض أحمد حمزة,Male,12/09/1990 14:27:30,Mecca,Street 1,+966,5805184939,Saudi,Christian,NY(6&km#tK,riyad.hamza763@example.com,1763655309,5599538050,True,Maha,Idris,Akram,Maha,مها إدريس أكرم,Female,12/09/1981 14:27:30,Dammam,Street 5,+966,5599538050,Saudi,Christian,maha.akram951@example.com,)1(y*52MT2
9942,الأبتدائية,الأولى,د,2025-2026,1675651166,P2908838690,en,Abdulaziz,Bilal,Idris,Abdulaziz,عبدالعزيز بلال إدريس,Male,12/09/2019 14:27:30,Mecca,Street 1,+966,5385178147,Saudi,Muslim,abdulaziz.idris747@example.com,0jo$josR50,1902824802,5746146947,False,Bilal,Turki,Idris,Bilal,بلال تركي إدريس,Male,12/09/1978 14:27:30,Medina,Street 4,+966,5746146947,Saudi,Muslim,10^3$2S$z!,bilal.idris269@example.com,1941766479,5271159789,True,Ruqaya,Zaid,Zaid,Ruqaya,رقية زيد زيد,Female,12/09/1981 14:27:30,Mecca,Street 2,+966,5271159789,Saudi,Muslim,ruqaya.zaid789@example.com,gvlNVhE8)5
5907,الأبتدائية,الأولى,د,2025-2026,2125939811,P2773339955,ar,Salman,Bilal,Idris,Salman,سلمان بلال إدريس,Male,12/09/2018 14:27:30,Riyadh,Street 5,+966,5441926218,Saudi,Muslim,salman.idris799@example.com,t%a79R7T8#,1902824802,5746146947,False,Bilal,Turki,Idris,Bilal,بلال تركي إدريس,Male,12/09/1978 14:27:30,Medina,Street 4,+966,5746146947,Saudi,Muslim,10^3$2S$z!,bilal.idris269@example.com,1941766479,5271159789,True,Ruqaya,Zaid,Zaid,Ruqaya,رقية زيد زيد,Female,12/09/1981 14:27:30,Mecca,Street 2,+966,5271159789,Saudi,Muslim,ruqaya.zaid789@example.com,gvlNVhE8)5
3314,الأبتدائية,الأولى,د,2025-2026,2289897088,P1775508634,en,Akram,Hussein,Abdulrahman,Akram,أكرم حسين عبدالرحمن,Male,12/09/2016 14:27:30,Mecca,Street 5,+966,5894926564,Saudi,Muslim,akram.abdulrahman498@example.com,3#oNSko0DV,2623670611,5949967855,False,Hussein,Nasser,Abdulrahman,Hussein,حسين ناصر عبدالرحمن,Male,12/09/1991 14:27:30,Riyadh,Street 2,+966,5949967855,Saudi,Muslim,2B%jC5uv5&,hussein.abdulrahman859@example.com,1232475231,5254571078,True,Aisha,Nasser,Idris,Aisha,عائشة ناصر إدريس,Female,12/09/1997 14:27:30,Jeddah,Street 3,+966,5254571078,Saudi,Muslim,aisha.idris664@example.com,c4%x&%cUK(
2950,الأبتدائية,الأولى,د,2025-2026,2904730765,P1471798653,en,Sulaiman,Hussein,Abdulrahman,Sulaiman,سليمان حسين عبدالرحمن,Male,12/09/2014 14:27:30,Jeddah,Street 4,+966,5203128046,Saudi,Muslim,sulaiman.abdulrahman909@example.com,@^@QMn7u21,2623670611,5949967855,False,Hussein,Nasser,Abdulrahman,Hussein,حسين ناصر عبدالرحمن,Male,12/09/1991 14:27:30,Riyadh,Street 2,+966,5949967855,Saudi,Muslim,2B%jC5uv5&,hussein.abdulrahman859@example.com,1232475231,5254571078,True,Aisha,Nasser,Idris,Aisha,عائشة ناصر إدريس,Female,12/09/1997 14:27:30,Jeddah,Street 3,+966,5254571078,Saudi,Muslim,aisha.idris664@example.com,c4%x&%cUK(
6662,الأبتدائية,الأولى,د,2025-2026,2596753485,P1987220276,ar,Khalid,Fahad,Saud,Khalid,خالد فهد سعود,Male,12/09/2018 14:27:30,Dammam,Street 1,+966,5762130960,Saudi,Christian,khalid.saud787@example.com,rz7Po)WoC2,2404238784,5773842823,True,Fahad,Khalid,Saud,Fahad,فهد خالد سعود,Male,12/09/1978 14:27:30,Mecca,Street 3,+966,5773842823,Saudi,Christian,5Z)m^6R3z@,fahad.saud774@example.com,2981662427,5413745727,False,Dana,Abdulaziz,Salem,Dana,دانا عبدالعزيز سالم,Female,12/09/1988 14:27:30,Riyadh,Street 2,+966,5413745727,Saudi,Christian,dana.salem113@example.com,AwJQ)6vC8u
7633,الأبتدائية,الأولى,د,2025-2026,1628942388,P2685138236,en,Tariq,Fahad,Saud,Tariq,طارق فهد سعود,Male,12/09/2019 14:27:30,Jeddah,Street 3,+966,5726739524,Saudi,Christian,tariq.saud871@example.com,BxM#Ah17k),2404238784,5773842823,True,Fahad,Khalid,Saud,Fahad,فهد خالد سعود,Male,12/09/1978 14:27:30,Mecca,Street 3,+966,5773842823,Saudi,Christian,5Z)m^6R3z@,fahad.saud774@example.com,2981662427,5413745727,False,Dana,Abdulaziz,Salem,Dana,دانا عبدالعزيز سالم,Female,12/09/1988 14:27:30,Riyadh,Street 2,+966,5413745727,Saudi,Christian,dana.salem113@example.com,AwJQ)6vC8u
4218,الأبتدائية,الأولى,و,2025-2026,1282118724,P1384078459,ar,Layla,Fahad,Saud,Layla,ليلى فهد سعود,Female,12/09/2018 14:27:30,Dammam,Street 1,+966,5528035240,Saudi,Christian,layla.saud923@example.com,skeOG*#2Dc,2404238784,5773842823,True,Fahad,Khalid,Saud,Fahad,فهد خالد سعود,Male,12/09/1978 14:27:30,Mecca,Street 3,+966,5773842823,Saudi,Christian,5Z)m^6R3z@,fahad.saud774@example.com,2981662427,5413745727,False,Dana,Abdulaziz,Salem,Dana,دانا عبدالعزيز سالم,Female,12/09/1988 14:27:30,Riyadh,Street 2,+966,5413745727,Saudi,Christian,dana.salem113@example.com,AwJQ)6vC8u
1316,الأبتدائية,الأولى,و,2025-2026,1580907232,P2382675818,ar,Bilal,Idris,Zayne,Bilal,بلال إدريس زين,Male,12/09/2015 14:27:30,Riyadh,Street 5,+966,5391416229,Saudi,Christian,bilal.zayne904@example.com,tbz(6(Eq(@,1235642535,5964765353,True,Idris,Saud,Zayne,Idris,إدريس سعود زين,Male,12/09/1987 14:27:30,Jeddah,Street 2,+966,5964765353,Saudi,Christian,ybzm(BBL1j,idris.zayne971@example.com,1915017032,5973612759,False,Maha,Hamza,Sulaiman,Maha,مها حمزة سليمان,Female,12/09/1992 14:27:30,Jeddah,Street 1,+966,5973612759,Saudi,Christian,maha.sulaiman821@example.com,AM1MLr%rFH
1422,الأبتدائية,الأولى,و,2025-2026,1171143269,P2653256980,en,Hassan,Ibrahim,Hussein,Hassan,حسن إبراهيم حسين,Male,12/09/2018 14:27:30,Riyadh,Street 3,+966,5454481677,Saudi,Muslim,hassan.hussein601@example.com,EmzS8R$s3h,1101428490,5213282276,False,Ibrahim,Mohammed,Hussein,Ibrahim,إبراهيم محمد حسين,Male,12/09/1985 14:27:30,Medina,Street 3,+966,5213282276,Saudi,Muslim,^#W^r#0vCH,ibrahim.hussein362@example.com,1935356866,5169346117,True,Rania,Saud,Zaid,Rania,رانيا سعود زيد,Female,12/09/1987 14:27:30,Dammam,Street 2,+966,5169346117,Saudi,Muslim,rania.zaid149@example.com,V1&0uJ0V5d
2968,الأبتدائية,الأولى,و,2025-2026,2171656559,P1994358271,en,Zainab,Ibrahim,Hussein,Zainab,زينب إبراهيم حسين,Female,12/09/2019 14:27:30,Riyadh,Street 4,+966,5857888121,Saudi,Muslim,zainab.hussein261@example.com,upMX%yD7(H,1101428490,5213282276,False,Ibrahim,Mohammed,Hussein,Ibrahim,إبراهيم محمد حسين,Male,12/09/1985 14:27:30,Medina,Street 3,+966,5213282276,Saudi,Muslim,^#W^r#0vCH,ibrahim.hussein362@example.com,1935356866,5169346117,True,Rania,Saud,Zaid,Rania,رانيا سعود زيد,Female,12/09/1987 14:27:30,Dammam,Street 2,+966,5169346117,Saudi,Muslim,rania.zaid149@example.com,V1&0uJ0V5d
2413,الأبتدائية,الأولى,و,2025-2026,1368577210,P2765674340,ar,Safiyyah,Abdulaziz,Fahad,Safiyyah,صفية عبدالعزيز فهد,Female,12/09/2019 14:27:30,Mecca,Street 5,+966,5668978154,Saudi,Christian,safiyyah.fahad771@example.com,xn2#K3fHdm,2975698966,5340102976,True,Abdulaziz,Saud,Fahad,Abdulaziz,عبدالعزيز سعود فهد,Male,12/09/1979 14:27:30,Medina,Street 3,+966,5340102976,Saudi,Christian,9Mi22y#J@q,abdulaziz.fahad538@example.com,1794722211,5392611058,False,Fatimah,Riyad,Bilal,Fatimah,فاطمة رياض بلال,Female,12/09/1985 14:27:30,Mecca,Street 3,+966,5392611058,Saudi,Christian,fatimah.bilal468@example.com,sE$r$O%wq3
9288,الأبتدائية,الأولى,و,2025-2026,2431563563,P1144699324,ar,Ruqaya,Salman,Abdulrahman,Ruqaya,رقية سلمان عبدالرحمن,Female,12/09/2015 14:27:30,Mecca,Street 4,+966,5653113965,Saudi,Muslim,ruqaya.abdulrahman961@example.com,O!u9lPQr9(,2946029373,5232373324,True,Salman,Riyad,Abdulrahman,Salman,سلمان رياض عبدالرحمن,Male,12/09/1978 14:27:30,Dammam,Street 3,+966,5232373324,Saudi,Muslim,79JtvoXu(G,salman.abdulrahman494@example.com,1642227559,5846303204,False,Sara,Turki,Hassan,Sara,سارة تركي حسن,Female,12/09/1996 14:27:30,Jeddah,Street 2,+966,5846303204,Saudi,Muslim,sara.hassan861@example.com,y$X@YG7^88
5974,الأبتدائية,الأولى,و,2025-2026,2564509225,P2731806000,ar,Layla,Zayne,Tariq,Layla,ليلى زين طارق,Female,12/09/2018 14:27:30,Riyadh,Street 2,+966,5112451328,Saudi,Muslim,layla.tariq547@example.com,^TnheOb3U8,1883348052,5867630988,False,Zayne,Hassan,Tariq,Zayne,زين حسن طارق,Male,12/09/1984 14:27:30,Mecca,Street 3,+966,5867630988,Saudi,Muslim,@m63t&fxZ(,zayne.tariq706@example.com,2419225503,5603717566,True,Aaliyah,Abdullah,Abdulrahman,Aaliyah,عالية عبدالله عبدالرحمن,Female,12/09/1989 14:27:30,Jeddah,Street 2,+966,5603717566,Saudi,Muslim,aaliyah.abdulrahman322@example.com,92JVyxMw8(
8786,الأبتدائية,الأولى,و,2025-2026,1753971610,P2988806231,ar,Riyad,Salman,Abdullah,Riyad,رياض سلمان عبدالله,Male,12/09/2014 14:27:30,Mecca,Street 2,+966,5402110899,Saudi,Christian,riyad.abdullah427@example.com,qLi25RC%p@,2213553628,5505659436,False,Salman,Fahad,Abdullah,Salman,سلمان فهد عبدالله,Male,12/09/1986 14:27:30,Dammam,Street 3,+966,5505659436,Saudi,Christian,mxe^S^4e10,salman.abdullah847@example.com,1904365930,5665383441,True,Salma,Idris,Ali,Salma,سلمى إدريس علي,Female,12/09/1986 14:27:30,Jeddah,Street 4,+966,5665383441,Saudi,Christian,salma.ali375@example.com,u%lxT$87G)
4987,الأبتدائية,الأولى,و,2025-2026,2438016294,P2555424384,ar,Ali,Zayne,Nasser,Ali,علي زين ناصر,Male,12/09/2017 14:27:30,Riyadh,Street 1,+966,5651643693,Saudi,Christian,ali.nasser711@example.com,7!B#cip!N#,1648948515,5465838093,True,Zayne,Zayne,Nasser,Zayne,زين زين ناصر,Male,12/09/1987 14:27:30,Riyadh,Street 2,+966,5465838093,Saudi,Christian,(XXBSz*z62,zayne.nasser985@example.com,1255118492,5828293781,False,Atika,Ibrahim,Turki,Atika,عاتكة إبراهيم تركي,Female,12/09/1983 14:27:30,Jeddah,Street 2,+966,5828293781,Saudi,Christian,atika.turki453@example.com,6j^rEgZDLu
9801,الأبتدائية,الأولى,و,2025-2026,1173897890,P1487078418,en,Mahdi,Riyad,Sultan,Mahdi,مهدي رياض سلطان,Male,12/09/2014 14:27:30,Jeddah,Street 3,+966,5505571061,Saudi,Christian,mahdi.sultan338@example.com,D4pJ!3H86!,2477423635,5915781196,False,Riyad,Zaid,Sultan,Riyad,رياض زيد سلطان,Male,12/09/1990 14:27:30,Dammam,Street 3,+966,5915781196,Saudi,Christian,@99t&wmjDc,riyad.sultan185@example.com,2588778847,5119719857,True,Ruqaya,Yousef,Zayne,Ruqaya,رقية يوسف زين,Female,12/09/1981 14:27:30,Jeddah,Street 4,+966,5119719857,Saudi,Christian,ruqaya.zayne643@example.com,EQ93g9icY#
4059,الأبتدائية,الأولى,و,2025-2026,2660353941,P2449516656,ar,Sultan,Ismail,Zayne,Sultan,سلطان إسماعيل زين,Male,12/09/2017 14:27:30,Medina,Street 5,+966,5637680775,Saudi,Muslim,sultan.zayne134@example.com,%Dpi8s@D65,1790273993,5899960975,False,Ismail,Ibrahim,Zayne,Ismail,إسماعيل إبراهيم زين,Male,12/09/1980 14:27:30,Medina,Street 3,+966,5899960975,Saudi,Muslim,K$1I!Dxo3!,ismail.zayne534@example.com,1805768654,5328180253,True,Fatimah,Ali,Idris,Fatimah,فاطمة علي إدريس,Female,12/09/1983 14:27:30,Medina,Street 3,+966,5328180253,Saudi,Muslim,fatimah.idris835@example.com,uHV7^nMnOv
1982,الأبتدائية,الأولى,و,2025-2026,2472853422,P1572697281,ar,Salman,Akram,Akram,Salman,سلمان أكرم أكرم,Male,12/09/2019 14:27:30,Jeddah,Street 3,+966,5671413035,Saudi,Christian,salman.akram205@example.com,DkqLQloK0&,2108455182,5386975053,True,Akram,Sulaiman,Akram,Akram,أكرم سليمان أكرم,Male,12/09/1978 14:27:30,Jeddah,Street 2,+966,5386975053,Saudi,Christian,^Ef99%KV4w,akram.akram799@example.com,2290523998,5850897333,False,Sara,Nasser,Ali,Sara,سارة ناصر علي,Female,12/09/1989 14:27:30,Jeddah,Street 2,+966,5850897333,Saudi,Christian,sara.ali738@example.com,nTLg%D*Xo8
7433,الأبتدائية,الأولى,و,2025-2026,2980717163,P1227975343,en,Yousef,Akram,Akram,Yousef,يوسف أكرم أكرم,Male,12/09/2017 14:27:30,Jeddah,Street 1,+966,5499011167,Saudi,Christian,yousef.akram257@example.com,cUOaT#1L5W,2108455182,5386975053,True,Akram,Sulaiman,Akram,Akram,أكرم سليمان أكرم,Male,12/09/1978 14:27:30,Jeddah,Street 2,+966,5386975053,Saudi,Christian,^Ef99%KV4w,akram.akram799@example.com,2290523998,5850897333,False,Sara,Nasser,Ali,Sara,سارة ناصر علي,Female,12/09/1989 14:27:30,Jeddah,Street 2,+966,5850897333,Saudi,Christian,sara.ali738@example.com,nTLg%D*Xo8
5917,الأبتدائية,الأولى,و,2025-2026,1263422041,P2953593388,ar,Sultan,Akram,Akram,Sultan,سلطان أكرم أكرم,Male,12/09/2014 14:27:30,Medina,Street 4,+966,5986291313,Saudi,Christian,sultan.akram655@example.com,bzB&BLi0yr,2108455182,5386975053,True,Akram,Sulaiman,Akram,Akram,أكرم سليمان أكرم,Male,12/09/1978 14:27:30,Jeddah,Street 2,+966,5386975053,Saudi,Christian,^Ef99%KV4w,akram.akram799@example.com,2290523998,5850897333,False,Sara,Nasser,Ali,Sara,سارة ناصر علي,Female,12/09/1989 14:27:30,Jeddah,Street 2,+966,5850897333,Saudi,Christian,sara.ali738@example.com,nTLg%D*Xo8
6355,الأبتدائية,الأولى,و,2025-2026,2697495020,P1202030200,ar,Hassan,Abdulrahman,Saud,Hassan,حسن عبدالرحمن سعود,Male,12/09/2014 14:27:30,Jeddah,Street 5,+966,5754868982,Saudi,Muslim,hassan.saud449@example.com,%8mekJOzCM,2561663361,5262877708,True,Abdulrahman,Saud,Saud,Abdulrahman,عبدالرحمن سعود سعود,Male,12/09/1986 14:27:30,Medina,Street 1,+966,5262877708,Saudi,Muslim,g*2X0LyjOs,abdulrahman.saud748@example.com,2195252104,5145446961,False,Amal,Abdulrahman,Zaid,Amal,أمل عبدالرحمن زيد,Female,12/09/1993 14:27:30,Riyadh,Street 4,+966,5145446961,Saudi,Muslim,amal.zaid389@example.com,6E@UZpir&9
3863,الأبتدائية,الأولى,و,2025-2026,1691672098,P1107174570,ar,Nasser,Omar,Nasser,Nasser,ناصر عمر ناصر,Male,12/09/2015 14:27:30,Riyadh,Street 5,+966,5351780670,Saudi,Christian,nasser.nasser673@example.com,hpIZJ@1kdR,2831853895,5283451247,True,Omar,Abdulrahman,Nasser,Omar,عمر عبدالرحمن ناصر,Male,12/09/1988 14:27:30,Riyadh,Street 4,+966,5283451247,Saudi,Christian,7Sq(A0@(48,omar.nasser747@example.com,2668280060,5441000556,False,Tamadur,Ahmed,Abdulaziz,Tamadur,تماضر أحمد عبدالعزيز,Female,12/09/1986 14:27:30,Riyadh,Street 4,+966,5441000556,Saudi,Christian,tamadur.abdulaziz862@example.com,)Wx!^dD8(W
1375,الأبتدائية,الأولى,و,2025-2026,1974411042,P2643926659,en,Dana,Abdullah,Bilal,Dana,دانا عبدالله بلال,Female,12/09/2017 14:27:30,Dammam,Street 2,+966,5948339744,Saudi,Christian,dana.bilal441@example.com,Wh*8oAxR*L,2908830301,5329367208,False,Abdullah,Turki,Bilal,Abdullah,عبدالله تركي بلال,Male,12/09/1985 14:27:30,Riyadh,Street 2,+966,5329367208,Saudi,Christian,H5ULz9h!2X,abdullah.bilal719@example.com,1353968163,5689883428,True,Reem,Riyad,Abdulrahman,Reem,ريم رياض عبدالرحمن,Female,12/09/1986 14:27:30,Riyadh,Street 1,+966,5689883428,Saudi,Christian,reem.abdulrahman616@example.com,b%mr#Qh$2S
4125,الأبتدائية,الأولى,و,2025-2026,1116814691,P2186657142,en,Hanan,Sulaiman,Abdulrahman,Hanan,حنان سليمان عبدالرحمن,Female,12/09/2016 14:27:30,Jeddah,Street 3,+966,5382884778,Saudi,Muslim,hanan.abdulrahman720@example.com,^V^VFd8#v^,2786965877,5276673948,True,Sulaiman,Abdullah,Abdulrahman,Sulaiman,سليمان عبدالله عبدالرحمن,Male,12/09/1994 14:27:30,Dammam,Street 4,+966,5276673948,Saudi,Muslim,!1QBFi8xct,sulaiman.abdulrahman542@example.com,2219109342,5254923612,False,Lina,Ali,Riyad,Lina,لينا علي رياض,Female,12/09/1992 14:27:30,Dammam,Street 5,+966,5254923612,Saudi,Muslim,lina.riyad489@example.com,tdD5dWn)b6
8253,الأبتدائية,الأولى,و,2025-2026,1276944648,P1225491776,ar,Mahdi,Abdulaziz,Nasser,Mahdi,مهدي عبدالعزيز ناصر,Male,12/09/2018 14:27:30,Riyadh,Street 4,+966,5289521933,Saudi,Muslim,mahdi.nasser685@example.com,cP%6W^!7eM,1403865683,5501564296,True,Abdulaziz,Mohammed,Nasser,Abdulaziz,عبدالعزيز محمد ناصر,Male,12/09/1992 14:27:30,Riyadh,Street 4,+966,5501564296,Saudi,Muslim,wS2c$h9m%X,abdulaziz.nasser971@example.com,2405818744,5936730570,False,Aisha,Hussein,Riyad,Aisha,عائشة حسين رياض,Female,12/09/1997 14:27:30,Mecca,Street 1,+966,5936730570,Saudi,Muslim,aisha.riyad712@example.com,*4#ISYej#j
6860,الأبتدائية,الأولى,و,2025-2026,1240473158,P1119182354,ar,Zainab,Nasser,Turki,Zainab,زينب ناصر تركي,Female,12/09/2015 14:27:30,Medina,Street 5,+966,5197139358,Saudi,Christian,zainab.turki528@example.com,7@&!)X2Oq6,1804548142,5823583981,True,Nasser,Akram,Turki,Nasser,ناصر أكرم تركي,Male,12/09/1982 14:27:30,Medina,Street 1,+966,5823583981,Saudi,Christian,W*X#^9dU)y,nasser.turki230@example.com,2657456886,5463868324,False,Rania,Bilal,Tariq,Rania,رانيا بلال طارق,Female,12/09/1995 14:27:30,Riyadh,Street 2,+966,5463868324,Saudi,Christian,rania.tariq530@example.com,%@i49YQlXO
7918,الأبتدائية,الأولى,و,2025-2026,2802481439,P2228796682,ar,Lina,Ahmed,Abdulrahman,Lina,لينا أحمد عبدالرحمن,Female,12/09/2014 14:27:30,Mecca,Street 2,+966,5453208198,Saudi,Christian,lina.abdulrahman751@example.com,*M5Z^WLK2n,2212062810,5472527070,False,Ahmed,Hassan,Abdulrahman,Ahmed,أحمد حسن عبدالرحمن,Male,12/09/1993 14:27:30,Dammam,Street 5,+966,5472527070,Saudi,Christian,0jQ0!K$nBN,ahmed.abdulrahman317@example.com,1876901659,5121991546,True,Maha,Idris,Hussein,Maha,مها إدريس حسين,Female,12/09/1992 14:27:30,Medina,Street 3,+966,5121991546,Saudi,Christian,maha.hussein926@example.com,R3k@b5q$$a
4488,الأبتدائية,الأولى,و,2025-2026,1299744158,P1941849482,en,Aisha,Mohammed,Tariq,Aisha,عائشة محمد طارق,Female,12/09/2018 14:27:30,Dammam,Street 3,+966,5612673214,Saudi,Christian,aisha.tariq823@example.com,dh0QyTK)zu,2716514638,5884651986,False,Mohammed,Yousef,Tariq,Mohammed,محمد يوسف طارق,Male,12/09/1989 14:27:30,Dammam,Street 4,+966,5884651986,Saudi,Christian,Fm5$r&GMMO,mohammed.tariq483@example.com,2964013575,5609427942,True,Zahra,Idris,Saud,Zahra,زهرة إدريس سعود,Female,12/09/1982 14:27:30,Dammam,Street 1,+966,5609427942,Saudi,Christian,zahra.saud536@example.com,SvFV0KjYI*
6978,الأبتدائية,الأولى,و,2025-2026,1808858924,P2355195993,ar,Ali,Ismail,Omar,Ali,علي إسماعيل عمر,Male,12/09/2018 14:27:30,Dammam,Street 4,+966,5943490737,Saudi,Muslim,ali.omar546@example.com,1V*c&SHySC,1676334314,5427563863,True,Ismail,Ismail,Omar,Ismail,إسماعيل إسماعيل عمر,Male,12/09/1982 14:27:30,Riyadh,Street 3,+966,5427563863,Saudi,Muslim,j3^03eT*zj,ismail.omar331@example.com,1258591313,5216567383,False,Fatimah,Salem,Turki,Fatimah,فاطمة سالم تركي,Female,12/09/1982 14:27:30,Mecca,Street 1,+966,5216567383,Saudi,Muslim,fatimah.turki659@example.com,T%je(l@K48
9359,الأبتدائية,الأولى,و,2025-2026,1807250385,P1210508217,ar,Zainab,Khalid,Mohammed,Zainab,زينب خالد محمد,Female,12/09/2018 14:27:30,Medina,Street 2,+966,5134300878,Saudi,Christian,zainab.mohammed562@example.com,sYFq7MnYJ#,1956107882,5960902111,True,Khalid,Hassan,Mohammed,Khalid,خالد حسن محمد,Male,12/09/1978 14:27:30,Dammam,Street 3,+966,5960902111,Saudi,Christian,9bYbv#vGk0,khalid.mohammed232@example.com,1239727093,5883627965,False,Yasmin,Fahad,Abdulaziz,Yasmin,ياسمين فهد عبدالعزيز,Female,12/09/1981 14:27:30,Mecca,Street 4,+966,5883627965,Saudi,Christian,yasmin.abdulaziz527@example.com,VpP8JTA$x5
1139,الأبتدائية,الأولى,و,2025-2026,2285984642,P2995861540,en,Maryam,Zayne,Turki,Maryam,مريم زين تركي,Female,12/09/2014 14:27:30,Riyadh,Street 5,+966,5407221017,Saudi,Muslim,maryam.turki333@example.com,T^kqGhNU16,2166037315,5712440368,True,Zayne,Mahdi,Turki,Zayne,زين مهدي تركي,Male,12/09/1991 14:27:30,Medina,Street 3,+966,5712440368,Saudi,Muslim,VQl8Q#u7#z,zayne.turki496@example.com,1318029012,5151609576,False,Sara,Ali,Abdulrahman,Sara,سارة علي عبدالرحمن,Female,12/09/1984 14:27:30,Riyadh,Street 5,+966,5151609576,Saudi,Muslim,sara.abdulrahman587@example.com,@Zbk^lt0)%
3549,الأبتدائية,الأولى,و,2025-2026,1855622548,P2615399128,ar,Sultan,Zayne,Turki,Sultan,سلطان زين تركي,Male,12/09/2019 14:27:30,Riyadh,Street 1,+966,5939250674,Saudi,Muslim,sultan.turki202@example.com,%Eis$M%2ov,2166037315,5712440368,True,Zayne,Mahdi,Turki,Zayne,زين مهدي تركي,Male,12/09/1991 14:27:30,Medina,Street 3,+966,5712440368,Saudi,Muslim,VQl8Q#u7#z,zayne.turki496@example.com,1318029012,5151609576,False,Sara,Ali,Abdulrahman,Sara,سارة علي عبدالرحمن,Female,12/09/1984 14:27:30,Riyadh,Street 5,+966,5151609576,Saudi,Muslim,sara.abdulrahman587@example.com,@Zbk^lt0)%
1865,الأبتدائية,الأولى,و,2025-2026,1752048691,P1367216091,en,Nasser,Akram,Zayne,Nasser,ناصر أكرم زين,Male,12/09/2019 14:27:30,Jeddah,Street 3,+966,5818625759,Saudi,Muslim,nasser.zayne425@example.com,c2j5hZkN^V,1684265687,5916984022,False,Akram,Saud,Zayne,Akram,أكرم سعود زين,Male,12/09/1991 14:27:30,Riyadh,Street 5,+966,5916984022,Saudi,Muslim,0fE$bAh0Kn,akram.zayne320@example.com,1659255688,5789142003,True,Safiyyah,Zaid,Salman,Safiyyah,صفية زيد سلمان,Female,12/09/1993 14:27:30,Riyadh,Street 2,+966,5789142003,Saudi,Muslim,safiyyah.salman448@example.com,#72rq$O)&N
4592,الأبتدائية,الأولى,و,2025-2026,2245314040,P2876805582,en,Assiya,Akram,Zayne,Assiya,أسيا أكرم زين,Female,12/09/2016 14:27:30,Medina,Street 5,+966,5366266544,Saudi,Muslim,assiya.zayne622@example.com,M^kWL8UQCh,1684265687,5916984022,False,Akram,Saud,Zayne,Akram,أكرم سعود زين,Male,12/09/1991 14:27:30,Riyadh,Street 5,+966,5916984022,Saudi,Muslim,0fE$bAh0Kn,akram.zayne320@example.com,1659255688,5789142003,True,Safiyyah,Zaid,Salman,Safiyyah,صفية زيد سلمان,Female,12/09/1993 14:27:30,Riyadh,Street 2,+966,5789142003,Saudi,Muslim,safiyyah.salman448@example.com,#72rq$O)&N
8965,الأبتدائية,الأولى,و,2025-2026,1518370848,P1752407436,ar,Khalid,Akram,Zayne,Khalid,خالد أكرم زين,Male,12/09/2017 14:27:30,Mecca,Street 3,+966,5446136241,Saudi,Muslim,khalid.zayne449@example.com,Wfhi2LJ*f4,1684265687,5916984022,False,Akram,Saud,Zayne,Akram,أكرم سعود زين,Male,12/09/1991 14:27:30,Riyadh,Street 5,+966,5916984022,Saudi,Muslim,0fE$bAh0Kn,akram.zayne320@example.com,1659255688,5789142003,True,Safiyyah,Zaid,Salman,Safiyyah,صفية زيد سلمان,Female,12/09/1993 14:27:30,Riyadh,Street 2,+966,5789142003,Saudi,Muslim,safiyyah.salman448@example.com,#72rq$O)&N
6211,الأبتدائية,الأولى,ج,2025-2026,1705664494,P1468166312,en,Aisha,Mohammed,Zayne,Aisha,عائشة محمد زين,Female,12/09/2016 14:27:30,Riyadh,Street 2,+966,5619914670,Saudi,Muslim,aisha.zayne375@example.com,5aDzD)ZZ%O,1310113448,5752509608,True,Mohammed,Sultan,Zayne,Mohammed,محمد سلطان زين,Male,12/09/1992 14:27:30,Medina,Street 3,+966,5752509608,Saudi,Muslim,vz0A!QM44W,mohammed.zayne709@example.com,2403804761,5911687934,False,Yasmin,Sultan,Fahad,Yasmin,ياسمين سلطان فهد,Female,12/09/1996 14:27:30,Riyadh,Street 1,+966,5911687934,Saudi,Muslim,yasmin.fahad495@example.com,1l@svWM4vE
7881,الأبتدائية,الأولى,ج,2025-2026,1424522088,P2759840551,ar,Haya,Yousef,Ali,Haya,هيا يوسف علي,Female,12/09/2018 14:27:30,Dammam,Street 1,+966,5638627053,Saudi,Muslim,haya.ali820@example.com,wmWIK*d3#7,1904366565,5947401846,False,Yousef,Mohammed,Ali,Yousef,يوسف محمد علي,Male,12/09/1979 14:27:30,Dammam,Street 3,+966,5947401846,Saudi,Muslim,0HgNU)PsfA,yousef.ali103@example.com,1329687074,5800176385,True,Amal,Ali,Saud,Amal,أمل علي سعود,Female,12/09/1997 14:27:30,Medina,Street 4,+966,5800176385,Saudi,Muslim,amal.saud903@example.com,SPE*@eRw03
2856,الأبتدائية,الأولى,ج,2025-2026,2497255274,P2355303428,ar,Fatimah,Abdulrahman,Salem,Fatimah,فاطمة عبدالرحمن سالم,Female,12/09/2017 14:27:30,Mecca,Street 2,+966,5131430751,Saudi,Christian,fatimah.salem248@example.com,6Nn7V1Gr**,1310959075,5495780201,False,Abdulrahman,Zaid,Salem,Abdulrahman,عبدالرحمن زيد سالم,Male,12/09/1983 14:27:30,Mecca,Street 2,+966,5495780201,Saudi,Christian,F3MuY1tZ@w,abdulrahman.salem483@example.com,1468384913,5831707091,True,Aaliyah,Turki,Hussein,Aaliyah,عالية تركي حسين,Female,12/09/1990 14:27:30,Jeddah,Street 1,+966,5831707091,Saudi,Christian,aaliyah.hussein958@example.com,ir5vMiIm^o
6695,الأبتدائية,الأولى,ج,2025-2026,2992131122,P1883297094,ar,Mohammed,Sultan,Riyad,Mohammed,محمد سلطان رياض,Male,12/09/2014 14:27:30,Medina,Street 4,+966,5763910728,Saudi,Muslim,mohammed.riyad479@example.com,CF!r8CK@cd,2376220848,5508170322,True,Sultan,Hamza,Riyad,Sultan,سلطان حمزة رياض,Male,12/09/1976 14:27:30,Mecca,Street 4,+966,5508170322,Saudi,Muslim,TncHTY3^Wj,sultan.riyad169@example.com,1918093683,5541623580,False,Lubaba,Turki,Ibrahim,Lubaba,لبابة تركي إبراهيم,Female,12/09/1995 14:27:30,Medina,Street 3,+966,5541623580,Saudi,Muslim,lubaba.ibrahim208@example.com,53A)*r&G&p
5214,الأبتدائية,الأولى,ج,2025-2026,1282208026,P1908833282,ar,Zahra,Yousef,Hassan,Zahra,زهرة يوسف حسن,Female,12/09/2017 14:27:30,Dammam,Street 4,+966,5648846631,Saudi,Muslim,zahra.hassan332@example.com,R8i&^E&tYf,1392925173,5734613112,False,Yousef,Idris,Hassan,Yousef,يوسف إدريس حسن,Male,12/09/1976 14:27:30,Medina,Street 1,+966,5734613112,Saudi,Muslim,IBc9&m2fUb,yousef.hassan763@example.com,1626149484,5956157385,True,Aisha,Mahdi,Salman,Aisha,عائشة مهدي سلمان,Female,12/09/1990 14:27:30,Riyadh,Street 5,+966,5956157385,Saudi,Muslim,aisha.salman666@example.com,yYnN9b9#Z6
1325,الأبتدائية,الأولى,ج,2025-2026,2470241402,P1701330442,ar,Abdulaziz,Yousef,Hassan,Abdulaziz,عبدالعزيز يوسف حسن,Male,12/09/2016 14:27:30,Riyadh,Street 5,+966,5781060704,Saudi,Muslim,abdulaziz.hassan837@example.com,pc2xH&N3jR,1392925173,5734613112,False,Yousef,Idris,Hassan,Yousef,يوسف إدريس حسن,Male,12/09/1976 14:27:30,Medina,Street 1,+966,5734613112,Saudi,Muslim,IBc9&m2fUb,yousef.hassan763@example.com,1626149484,5956157385,True,Aisha,Mahdi,Salman,Aisha,عائشة مهدي سلمان,Female,12/09/1990 14:27:30,Riyadh,Street 5,+966,5956157385,Saudi,Muslim,aisha.salman666@example.com,yYnN9b9#Z6
7110,الأبتدائية,الأولى,ج,2025-2026,1278521257,P1212026900,ar,Tariq,Saud,Akram,Tariq,طارق سعود أكرم,Male,12/09/2017 14:27:30,Riyadh,Street 4,+966,5498029723,Saudi,Christian,tariq.akram289@example.com,)r&(P8kcQN,1855080537,5600962580,True,Saud,Zaid,Akram,Saud,سعود زيد أكرم,Male,12/09/1995 14:27:30,Mecca,Street 3,+966,5600962580,Saudi,Christian,Dy!YrhGl9O,saud.akram452@example.com,2326636634,5334418272,False,Amal,Zaid,Ibrahim,Amal,أمل زيد إبراهيم,Female,12/09/1982 14:27:30,Riyadh,Street 4,+966,5334418272,Saudi,Christian,amal.ibrahim384@example.com,SqZRb#Qq9O
8151,الأبتدائية,الأولى,ج,2025-2026,1951777186,P1270782802,ar,Amal,Saud,Akram,Amal,أمل سعود أكرم,Female,12/09/2019 14:27:30,Medina,Street 2,+966,5502993620,Saudi,Christian,amal.akram257@example.com,0$c6RK4IR$,1855080537,5600962580,True,Saud,Zaid,Akram,Saud,سعود زيد أكرم,Male,12/09/1995 14:27:30,Mecca,Street 3,+966,5600962580,Saudi,Christian,Dy!YrhGl9O,saud.akram452@example.com,2326636634,5334418272,False,Amal,Zaid,Ibrahim,Amal,أمل زيد إبراهيم,Female,12/09/1982 14:27:30,Riyadh,Street 4,+966,5334418272,Saudi,Christian,amal.ibrahim384@example.com,SqZRb#Qq9O
5979,الأبتدائية,الأولى,ج,2025-2026,2367706328,P2138229294,ar,Aaliyah,Ali,Saud,Aaliyah,عالية علي سعود,Female,12/09/2016 14:27:30,Mecca,Street 1,+966,5775388204,Saudi,Muslim,aaliyah.saud742@example.com,FyC(4Jy(@0,1300893593,5391601228,True,Ali,Nasser,Saud,Ali,علي ناصر سعود,Male,12/09/1977 14:27:30,Mecca,Street 1,+966,5391601228,Saudi,Muslim,#S7lk#@P#o,ali.saud561@example.com,1312148282,5924691177,False,Sedra,Hussein,Fahad,Sedra,سدرة حسين فهد,Female,12/09/1983 14:27:30,Jeddah,Street 2,+966,5924691177,Saudi,Muslim,sedra.fahad893@example.com,IwGDb5^kE@
4681,الأبتدائية,الأولى,ج,2025-2026,2156589908,P2279512843,en,Zaid,Salman,Ali,Zaid,زيد سلمان علي,Male,12/09/2017 14:27:30,Mecca,Street 1,+966,5724756647,Saudi,Christian,zaid.ali237@example.com,%j7Tu!bLGR,1879128386,5672197558,True,Salman,Abdulaziz,Ali,Salman,سلمان عبدالعزيز علي,Male,12/09/1984 14:27:30,Medina,Street 3,+966,5672197558,Saudi,Christian,N3zOP)EaYD,salman.ali855@example.com,1867574867,5321747204,False,Aaliyah,Idris,Ahmed,Aaliyah,عالية إدريس أحمد,Female,12/09/1991 14:27:30,Jeddah,Street 3,+966,5321747204,Saudi,Christian,aaliyah.ahmed114@example.com,oyBn0SJM(H
9303,الأبتدائية,الأولى,ج,2025-2026,1421955876,P2455950643,ar,Abdulrahman,Hamza,Abdullah,Abdulrahman,عبدالرحمن حمزة عبدالله,Male,12/09/2017 14:27:30,Mecca,Street 2,+966,5861270693,Saudi,Muslim,abdulrahman.abdullah987@example.com,w&C*8$Qkz#,2626077855,5338830123,False,Hamza,Khalid,Abdullah,Hamza,حمزة خالد عبدالله,Male,12/09/1989 14:27:30,Mecca,Street 2,+966,5338830123,Saudi,Muslim,8k^iniPumD,hamza.abdullah258@example.com,1871993981,5204943596,True,Sara,Abdullah,Omar,Sara,سارة عبدالله عمر,Female,12/09/1981 14:27:30,Dammam,Street 5,+966,5204943596,Saudi,Muslim,sara.omar636@example.com,S55#jAmmHz
6534,الأبتدائية,الأولى,ج,2025-2026,1556083490,P2737129262,ar,Mahdi,Hamza,Abdullah,Mahdi,مهدي حمزة عبدالله,Male,12/09/2015 14:27:30,Dammam,Street 5,+966,5763884996,Saudi,Muslim,mahdi.abdullah359@example.com,%7m^rL5968,2626077855,5338830123,False,Hamza,Khalid,Abdullah,Hamza,حمزة خالد عبدالله,Male,12/09/1989 14:27:30,Mecca,Street 2,+966,5338830123,Saudi,Muslim,8k^iniPumD,hamza.abdullah258@example.com,1871993981,5204943596,True,Sara,Abdullah,Omar,Sara,سارة عبدالله عمر,Female,12/09/1981 14:27:30,Dammam,Street 5,+966,5204943596,Saudi,Muslim,sara.omar636@example.com,S55#jAmmHz
2911,الأبتدائية,الأولى,ج,2025-2026,1562729845,P2185632511,ar,Safiyyah,Nasser,Fahad,Safiyyah,صفية ناصر فهد,Female,12/09/2015 14:27:30,Mecca,Street 5,+966,5120742633,Saudi,Muslim,safiyyah.fahad299@example.com,4p@p&0ecSF,1405874760,5633409251,False,Nasser,Salman,Fahad,Nasser,ناصر سلمان فهد,Male,12/09/1983 14:27:30,Medina,Street 3,+966,5633409251,Saudi,Muslim,DGjTZ)6%t^,nasser.fahad533@example.com,2284280446,5569364199,True,Layla,Abdulaziz,Yousef,Layla,ليلى عبدالعزيز يوسف,Female,12/09/1991 14:27:30,Mecca,Street 4,+966,5569364199,Saudi,Muslim,layla.yousef613@example.com,!dc9wc(96I
6359,الأبتدائية,الأولى,ج,2025-2026,2366807344,P2547933770,en,Noor,Riyad,Sulaiman,Noor,نور رياض سليمان,Female,12/09/2018 14:27:30,Jeddah,Street 4,+966,5894985371,Saudi,Muslim,noor.sulaiman125@example.com,I2t%GoYUfW,1293222437,5546003332,True,Riyad,Salman,Sulaiman,Riyad,رياض سلمان سليمان,Male,12/09/1976 14:27:30,Dammam,Street 4,+966,5546003332,Saudi,Muslim,5hc%&YVsq3,riyad.sulaiman917@example.com,1502212604,5195967300,False,Lama,Hussein,Sulaiman,Lama,لمى حسين سليمان,Female,12/09/1982 14:27:30,Jeddah,Street 2,+966,5195967300,Saudi,Muslim,lama.sulaiman419@example.com,rkHIm0pJ%g
1143,الأبتدائية,الأولى,ج,2025-2026,1539848382,P2914247358,ar,Sedra,Ahmed,Khalid,Sedra,سدرة أحمد خالد,Female,12/09/2019 14:27:30,Jeddah,Street 3,+966,5415630884,Saudi,Christian,sedra.khalid111@example.com,^80AxSwrzu,1402761509,5954357623,False,Ahmed,Riyad,Khalid,Ahmed,أحمد رياض خالد,Male,12/09/1982 14:27:30,Medina,Street 5,+966,5954357623,Saudi,Christian,2&vQ62u)N^,ahmed.khalid391@example.com,1933566026,5229807635,True,Rania,Idris,Sulaiman,Rania,رانيا إدريس سليمان,Female,12/09/1981 14:27:30,Riyadh,Street 5,+966,5229807635,Saudi,Christian,rania.sulaiman320@example.com,5uOOG@a*a0
5446,الأبتدائية,الأولى,ج,2025-2026,1945977772,P2705628180,ar,Hanan,Riyad,Mohammed,Hanan,حنان رياض محمد,Female,12/09/2019 14:27:30,Mecca,Street 2,+966,5331800254,Saudi,Muslim,hanan.mohammed642@example.com,(t9W5V2F*T,2602745327,5259272236,False,Riyad,Nasser,Mohammed,Riyad,رياض ناصر محمد,Male,12/09/1986 14:27:30,Riyadh,Street 1,+966,5259272236,Saudi,Muslim,*GBh2k1#tF,riyad.mohammed340@example.com,1955094695,5726419905,True,Reem,Nasser,Riyad,Reem,ريم ناصر رياض,Female,12/09/1982 14:27:30,Jeddah,Street 3,+966,5726419905,Saudi,Muslim,reem.riyad109@example.com,Ppcq!07wCa
2647,الأبتدائية,الأولى,ج,2025-2026,2743994877,P2472387455,ar,Sara,Riyad,Mohammed,Sara,سارة رياض محمد,Female,12/09/2018 14:27:30,Medina,Street 4,+966,5259092905,Saudi,Muslim,sara.mohammed239@example.com,@VL8wmINCr,2602745327,5259272236,False,Riyad,Nasser,Mohammed,Riyad,رياض ناصر محمد,Male,12/09/1986 14:27:30,Riyadh,Street 1,+966,5259272236,Saudi,Muslim,*GBh2k1#tF,riyad.mohammed340@example.com,1955094695,5726419905,True,Reem,Nasser,Riyad,Reem,ريم ناصر رياض,Female,12/09/1982 14:27:30,Jeddah,Street 3,+966,5726419905,Saudi,Muslim,reem.riyad109@example.com,Ppcq!07wCa
2741,الأبتدائية,الأولى,ج,2025-2026,1730582354,P2109858788,en,Aisha,Riyad,Mohammed,Aisha,عائشة رياض محمد,Female,12/09/2015 14:27:30,Mecca,Street 4,+966,5239424900,Saudi,Muslim,aisha.mohammed994@example.com,%AZgo7bG%A,2602745327,5259272236,False,Riyad,Nasser,Mohammed,Riyad,رياض ناصر محمد,Male,12/09/1986 14:27:30,Riyadh,Street 1,+966,5259272236,Saudi,Muslim,*GBh2k1#tF,riyad.mohammed340@example.com,1955094695,5726419905,True,Reem,Nasser,Riyad,Reem,ريم ناصر رياض,Female,12/09/1982 14:27:30,Jeddah,Street 3,+966,5726419905,Saudi,Muslim,reem.riyad109@example.com,Ppcq!07wCa
5755,الأبتدائية,الأولى,ج,2025-2026,2551175884,P1144335554,ar,Ismail,Zayne,Idris,Ismail,إسماعيل زين إدريس,Male,12/09/2014 14:27:30,Jeddah,Street 3,+966,5399727945,Saudi,Christian,ismail.idris747@example.com,5J0%^*5JQp,2212814144,5744984644,True,Zayne,Yousef,Idris,Zayne,زين يوسف إدريس,Male,12/09/1977 14:27:30,Medina,Street 4,+966,5744984644,Saudi,Christian,!l*D7upPm9,zayne.idris888@example.com,2294582642,5907136019,False,Amal,Omar,Bilal,Amal,أمل عمر بلال,Female,12/09/1986 14:27:30,Mecca,Street 5,+966,5907136019,Saudi,Christian,amal.bilal964@example.com,MWu85X1qH#
7129,الأبتدائية,الأولى,ج,2025-2026,2405942065,P2524170433,ar,Lina,Mohammed,Omar,Lina,لينا محمد عمر,Female,12/09/2017 14:27:30,Medina,Street 4,+966,5552799120,Saudi,Muslim,lina.omar303@example.com,noL6s&qVBU,1946683363,5633021766,True,Mohammed,Sultan,Omar,Mohammed,محمد سلطان عمر,Male,12/09/1994 14:27:30,Dammam,Street 2,+966,5633021766,Saudi,Muslim,nDa@fn)J2(,mohammed.omar186@example.com,1341206515,5717683494,False,Layla,Ali,Omar,Layla,ليلى علي عمر,Female,12/09/1989 14:27:30,Mecca,Street 4,+966,5717683494,Saudi,Muslim,layla.omar133@example.com,4LuH%ZYc3b
8440,الأبتدائية,الأولى,ج,2025-2026,2503515751,P1599422616,ar,Salma,Salman,Riyad,Salma,سلمى سلمان رياض,Female,12/09/2014 14:27:30,Jeddah,Street 3,+966,5674756056,Saudi,Christian,salma.riyad603@example.com,QuKFnJ)6^7,2476904169,5449402453,True,Salman,Riyad,Riyad,Salman,سلمان رياض رياض,Male,12/09/1984 14:27:30,Medina,Street 5,+966,5449402453,Saudi,Christian,bu)k354BEV,salman.riyad307@example.com,1552318097,5909798489,False,Hanan,Yousef,Hassan,Hanan,حنان يوسف حسن,Female,12/09/1988 14:27:30,Riyadh,Street 4,+966,5909798489,Saudi,Christian,hanan.hassan961@example.com,#6B)ax1VD*
3993,الأبتدائية,الأولى,ج,2025-2026,1297802409,P2556453330,en,Hamza,Zaid,Ismail,Hamza,حمزة زيد إسماعيل,Male,12/09/2014 14:27:30,Jeddah,Street 3,+966,5265324015,Saudi,Muslim,hamza.ismail796@example.com,Z)nz6SU@r),2188324095,5192093446,False,Zaid,Abdulaziz,Ismail,Zaid,زيد عبدالعزيز إسماعيل,Male,12/09/1994 14:27:30,Mecca,Street 3,+966,5192093446,Saudi,Muslim,4E)D5P8zPf,zaid.ismail706@example.com,2899665563,5183961927,True,Salma,Zaid,Hamza,Salma,سلمى زيد حمزة,Female,12/09/1990 14:27:30,Jeddah,Street 4,+966,5183961927,Saudi,Muslim,salma.hamza870@example.com,05q&!LKC73
3602,الأبتدائية,الأولى,ج,2025-2026,1805386399,P1808166399,ar,Abdulrahman,Salman,Omar,Abdulrahman,عبدالرحمن سلمان عمر,Male,12/09/2016 14:27:30,Riyadh,Street 2,+966,5640894182,Saudi,Muslim,abdulrahman.omar682@example.com,8yw1MXs^)),2590407025,5290276208,True,Salman,Sulaiman,Omar,Salman,سلمان سليمان عمر,Male,12/09/1978 14:27:30,Medina,Street 1,+966,5290276208,Saudi,Muslim,l4UwZm*^2P,salman.omar344@example.com,1329594710,5829591166,False,Tamadur,Abdulrahman,Fahad,Tamadur,تماضر عبدالرحمن فهد,Female,12/09/1982 14:27:30,Medina,Street 4,+966,5829591166,Saudi,Muslim,tamadur.fahad264@example.com,TLK2tRT4j%
7025,الأبتدائية,الأولى,0,2025-2026,2791735994,P2126083373,en,Sultan,Akram,Ahmed,Sultan,سلطان أكرم أحمد,Male,12/09/2017 14:27:30,Dammam,Street 2,+966,5463122513,Saudi,Christian,sultan.ahmed280@example.com,cspoyD^1Rf,1996015051,5292020504,False,Akram,Hassan,Ahmed,Akram,أكرم حسن أحمد,Male,12/09/1988 14:27:30,Medina,Street 2,+966,5292020504,Saudi,Christian,H%#iYz9NtF,akram.ahmed345@example.com,1329264623,5396290745,True,Zainab,Hamza,Abdulrahman,Zainab,زينب حمزة عبدالرحمن,Female,12/09/1986 14:27:30,Riyadh,Street 1,+966,5396290745,Saudi,Christian,zainab.abdulrahman808@example.com,H8WXISR$bc
9182,الأبتدائية,الأولى,0,2025-2026,1126426518,P1488775531,ar,Yasmin,Akram,Ahmed,Yasmin,ياسمين أكرم أحمد,Female,12/09/2016 14:27:30,Riyadh,Street 1,+966,5612346249,Saudi,Christian,yasmin.ahmed192@example.com,2n&I%$DgZd,1996015051,5292020504,False,Akram,Hassan,Ahmed,Akram,أكرم حسن أحمد,Male,12/09/1988 14:27:30,Medina,Street 2,+966,5292020504,Saudi,Christian,H%#iYz9NtF,akram.ahmed345@example.com,1329264623,5396290745,True,Zainab,Hamza,Abdulrahman,Zainab,زينب حمزة عبدالرحمن,Female,12/09/1986 14:27:30,Riyadh,Street 1,+966,5396290745,Saudi,Christian,zainab.abdulrahman808@example.com,H8WXISR$bc
1780,الأبتدائية,الأولى,0,2025-2026,2275715646,P1877806835,ar,Hussein,Akram,Ahmed,Hussein,حسين أكرم أحمد,Male,12/09/2015 14:27:30,Medina,Street 5,+966,5243256757,Saudi,Christian,hussein.ahmed681@example.com,ncY)@i2GP4,1996015051,5292020504,False,Akram,Hassan,Ahmed,Akram,أكرم حسن أحمد,Male,12/09/1988 14:27:30,Medina,Street 2,+966,5292020504,Saudi,Christian,H%#iYz9NtF,akram.ahmed345@example.com,1329264623,5396290745,True,Zainab,Hamza,Abdulrahman,Zainab,زينب حمزة عبدالرحمن,Female,12/09/1986 14:27:30,Riyadh,Street 1,+966,5396290745,Saudi,Christian,zainab.abdulrahman808@example.com,H8WXISR$bc
3964,الأبتدائية,الأولى,0,2025-2026,1209983275,P2255833488,en,Sara,Zayne,Abdulrahman,Sara,سارة زين عبدالرحمن,Female,12/09/2019 14:27:30,Riyadh,Street 1,+966,5863952012,Saudi,Muslim,sara.abdulrahman738@example.com,crC^4S1nBS,1214772205,5946551513,False,Zayne,Zayne,Abdulrahman,Zayne,زين زين عبدالرحمن,Male,12/09/1992 14:27:30,Medina,Street 4,+966,5946551513,Saudi,Muslim,b6VeLdR)0D,zayne.abdulrahman986@example.com,2711106154,5782582808,True,Layla,Idris,Sultan,Layla,ليلى إدريس سلطان,Female,12/09/1983 14:27:30,Mecca,Street 2,+966,5782582808,Saudi,Muslim,layla.sultan946@example.com,AE%IK4(Wym
9372,الأبتدائية,الأولى,0,2025-2026,2894268059,P2954698743,ar,Atika,Zayne,Abdulrahman,Atika,عاتكة زين عبدالرحمن,Female,12/09/2016 14:27:30,Mecca,Street 5,+966,5187299935,Saudi,Muslim,atika.abdulrahman585@example.com,2IJ9e3&WfS,1214772205,5946551513,False,Zayne,Zayne,Abdulrahman,Zayne,زين زين عبدالرحمن,Male,12/09/1992 14:27:30,Medina,Street 4,+966,5946551513,Saudi,Muslim,b6VeLdR)0D,zayne.abdulrahman986@example.com,2711106154,5782582808,True,Layla,Idris,Sultan,Layla,ليلى إدريس سلطان,Female,12/09/1983 14:27:30,Mecca,Street 2,+966,5782582808,Saudi,Muslim,layla.sultan946@example.com,AE%IK4(Wym
3966,الأبتدائية,الأولى,0,2025-2026,1361893313,P1190768027,ar,Omar,Hussein,Saud,Omar,عمر حسين سعود,Male,12/09/2018 14:27:30,Jeddah,Street 5,+966,5819064691,Saudi,Muslim,omar.saud753@example.com,f!3Xq4ahpz,2175446934,5382770965,True,Hussein,Salman,Saud,Hussein,حسين سلمان سعود,Male,12/09/1981 14:27:30,Mecca,Street 2,+966,5382770965,Saudi,Muslim,*%3^YfJBd2,hussein.saud398@example.com,1563241906,5342384389,False,Haya,Hassan,Sulaiman,Haya,هيا حسن سليمان,Female,12/09/1994 14:27:30,Dammam,Street 4,+966,5342384389,Saudi,Muslim,haya.sulaiman311@example.com,drV8h3*Kbl
8689,الأبتدائية,الأولى,0,2025-2026,2963097113,P1829857325,en,Sultan,Turki,Hamza,Sultan,سلطان تركي حمزة,Male,12/09/2017 14:27:30,Mecca,Street 1,+966,5161410259,Saudi,Christian,sultan.hamza856@example.com,b%4pBZ)xKy,1919919989,5924914483,True,Turki,Mohammed,Hamza,Turki,تركي محمد حمزة,Male,12/09/1993 14:27:30,Jeddah,Street 5,+966,5924914483,Saudi,Christian,0Qd#cRRQdg,turki.hamza715@example.com,1651809619,5170448494,False,Safiyyah,Abdulrahman,Bilal,Safiyyah,صفية عبدالرحمن بلال,Female,12/09/1986 14:27:30,Mecca,Street 1,+966,5170448494,Saudi,Christian,safiyyah.bilal815@example.com,o7)Ur9P4zB
9626,الأبتدائية,الأولى,0,2025-2026,2323830763,P2795191236,ar,Aaliyah,Turki,Hamza,Aaliyah,عالية تركي حمزة,Female,12/09/2017 14:27:30,Mecca,Street 3,+966,5748913565,Saudi,Christian,aaliyah.hamza489@example.com,#aU8HljJ$j,1919919989,5924914483,True,Turki,Mohammed,Hamza,Turki,تركي محمد حمزة,Male,12/09/1993 14:27:30,Jeddah,Street 5,+966,5924914483,Saudi,Christian,0Qd#cRRQdg,turki.hamza715@example.com,1651809619,5170448494,False,Safiyyah,Abdulrahman,Bilal,Safiyyah,صفية عبدالرحمن بلال,Female,12/09/1986 14:27:30,Mecca,Street 1,+966,5170448494,Saudi,Christian,safiyyah.bilal815@example.com,o7)Ur9P4zB
9887,الأبتدائية,الأولى,0,2025-2026,1735624553,P1191931547,en,Atika,Zayne,Salman,Atika,عاتكة زين سلمان,Female,12/09/2015 14:27:30,Mecca,Street 2,+966,5106922652,Saudi,Christian,atika.salman355@example.com,&FHz2I)rSr,2612636844,5936581208,True,Zayne,Idris,Salman,Zayne,زين إدريس سلمان,Male,12/09/1982 14:27:30,Jeddah,Street 1,+966,5936581208,Saudi,Christian,RkZ@Y3io$M,zayne.salman396@example.com,2215016604,5239864183,False,Haya,Sultan,Zaid,Haya,هيا سلطان زيد,Female,12/09/1989 14:27:30,Riyadh,Street 3,+966,5239864183,Saudi,Christian,haya.zaid962@example.com,^3Qts5ms%v
7920,الأبتدائية,الأولى,0,2025-2026,2891920241,P1375623177,ar,Sara,Zayne,Salman,Sara,سارة زين سلمان,Female,12/09/2017 14:27:30,Mecca,Street 4,+966,5775206967,Saudi,Christian,sara.salman151@example.com,D%U6!CakTC,2612636844,5936581208,True,Zayne,Idris,Salman,Zayne,زين إدريس سلمان,Male,12/09/1982 14:27:30,Jeddah,Street 1,+966,5936581208,Saudi,Christian,RkZ@Y3io$M,zayne.salman396@example.com,2215016604,5239864183,False,Haya,Sultan,Zaid,Haya,هيا سلطان زيد,Female,12/09/1989 14:27:30,Riyadh,Street 3,+966,5239864183,Saudi,Christian,haya.zaid962@example.com,^3Qts5ms%v
5795,الأبتدائية,الأولى,0,2025-2026,2746999770,P1434005427,en,Zaid,Ahmed,Salman,Zaid,زيد أحمد سلمان,Male,12/09/2016 14:27:30,Mecca,Street 3,+966,5494065432,Saudi,Muslim,zaid.salman946@example.com,)^rjG@87JU,1710929186,5313297371,False,Ahmed,Idris,Salman,Ahmed,أحمد إدريس سلمان,Male,12/09/1983 14:27:30,Mecca,Street 5,+966,5313297371,Saudi,Muslim,K7Aa$NLklj,ahmed.salman992@example.com,2172954675,5407625450,True,Lina,Ibrahim,Abdullah,Lina,لينا إبراهيم عبدالله,Female,12/09/1992 14:27:30,Dammam,Street 5,+966,5407625450,Saudi,Muslim,lina.abdullah785@example.com,X!Vh3qrsIi
5984,الأبتدائية,الأولى,0,2025-2026,2804947705,P2108291651,en,Turki,Abdulrahman,Saud,Turki,تركي عبدالرحمن سعود,Male,12/09/2015 14:27:30,Mecca,Street 4,+966,5278792116,Saudi,Muslim,turki.saud588@example.com,AUEK#@d3ro,1222317988,5443017004,True,Abdulrahman,Riyad,Saud,Abdulrahman,عبدالرحمن رياض سعود,Male,12/09/1976 14:27:30,Riyadh,Street 5,+966,5443017004,Saudi,Muslim,Phy8w$)2W&,abdulrahman.saud841@example.com,1965079540,5773303203,False,Lama,Hassan,Ali,Lama,لمى حسن علي,Female,12/09/1991 14:27:30,Jeddah,Street 4,+966,5773303203,Saudi,Muslim,lama.ali944@example.com,HHOTx@X6Lk
4919,الأبتدائية,الأولى,0,2025-2026,1914395173,P1459122428,en,Yousef,Salman,Hussein,Yousef,يوسف سلمان حسين,Male,12/09/2015 14:27:30,Mecca,Street 2,+966,5866556000,Saudi,Muslim,yousef.hussein978@example.com,s1qvH!J&t3,1175623036,5400111646,False,Salman,Fahad,Hussein,Salman,سلمان فهد حسين,Male,12/09/1985 14:27:30,Medina,Street 2,+966,5400111646,Saudi,Muslim,02!*#m7Vk9,salman.hussein900@example.com,2285057872,5491416857,True,Aaliyah,Riyad,Turki,Aaliyah,عالية رياض تركي,Female,12/09/1989 14:27:30,Dammam,Street 1,+966,5491416857,Saudi,Muslim,aaliyah.turki863@example.com,k3UTyNu%$1
3251,الأبتدائية,الأولى,0,2025-2026,1867407303,P1695845232,en,Sultan,Salman,Hussein,Sultan,سلطان سلمان حسين,Male,12/09/2018 14:27:30,Mecca,Street 4,+966,5528426012,Saudi,Muslim,sultan.hussein950@example.com,#$E2f^$3v9,1175623036,5400111646,False,Salman,Fahad,Hussein,Salman,سلمان فهد حسين,Male,12/09/1985 14:27:30,Medina,Street 2,+966,5400111646,Saudi,Muslim,02!*#m7Vk9,salman.hussein900@example.com,2285057872,5491416857,True,Aaliyah,Riyad,Turki,Aaliyah,عالية رياض تركي,Female,12/09/1989 14:27:30,Dammam,Street 1,+966,5491416857,Saudi,Muslim,aaliyah.turki863@example.com,k3UTyNu%$1
5764,الأبتدائية,الأولى,0,2025-2026,2655280517,P1757203033,en,Atika,Mohammed,Yousef,Atika,عاتكة محمد يوسف,Female,12/09/2019 14:27:30,Medina,Street 2,+966,5131333942,Saudi,Christian,atika.yousef733@example.com,R(YTFD9pA6,2671257100,5433503187,True,Mohammed,Zaid,Yousef,Mohammed,محمد زيد يوسف,Male,12/09/1993 14:27:30,Jeddah,Street 4,+966,5433503187,Saudi,Christian,X)jZK&kp9g,mohammed.yousef520@example.com,1270369137,5766979698,False,Zainab,Zaid,Ahmed,Zainab,زينب زيد أحمد,Female,12/09/1995 14:27:30,Mecca,Street 2,+966,5766979698,Saudi,Christian,zainab.ahmed924@example.com,gBm&FkdEL1
6157,الأبتدائية,الأولى,0,2025-2026,1942182653,P2456293924,ar,Turki,Turki,Sulaiman,Turki,تركي تركي سليمان,Male,12/09/2017 14:27:30,Jeddah,Street 3,+966,5982050305,Saudi,Christian,turki.sulaiman961@example.com,Ynl9D*yG**,2955249129,5650882888,True,Turki,Turki,Sulaiman,Turki,تركي تركي سليمان,Male,12/09/1994 14:27:30,Medina,Street 4,+966,5650882888,Saudi,Christian,BlQl9%rvOB,turki.sulaiman495@example.com,1680069800,5836074166,False,Ruqaya,Idris,Sultan,Ruqaya,رقية إدريس سلطان,Female,12/09/1982 14:27:30,Riyadh,Street 2,+966,5836074166,Saudi,Christian,ruqaya.sultan826@example.com,@#@0y7B1xB
2520,الأبتدائية,الأولى,0,2025-2026,2530555398,P2302003000,en,Layla,Turki,Sulaiman,Layla,ليلى تركي سليمان,Female,12/09/2017 14:27:30,Jeddah,Street 5,+966,5877486670,Saudi,Christian,layla.sulaiman844@example.com,rZ8Y46mq$*,2955249129,5650882888,True,Turki,Turki,Sulaiman,Turki,تركي تركي سليمان,Male,12/09/1994 14:27:30,Medina,Street 4,+966,5650882888,Saudi,Christian,BlQl9%rvOB,turki.sulaiman495@example.com,1680069800,5836074166,False,Ruqaya,Idris,Sultan,Ruqaya,رقية إدريس سلطان,Female,12/09/1982 14:27:30,Riyadh,Street 2,+966,5836074166,Saudi,Christian,ruqaya.sultan826@example.com,@#@0y7B1xB
5920,الأبتدائية,الأولى,0,2025-2026,2533969203,P2666541591,en,Abdullah,Ahmed,Omar,Abdullah,عبدالله أحمد عمر,Male,12/09/2017 14:27:30,Medina,Street 2,+966,5243457135,Saudi,Christian,abdullah.omar589@example.com,9iYiBoR&T2,1362516304,5345980039,True,Ahmed,Ahmed,Omar,Ahmed,أحمد أحمد عمر,Male,12/09/1981 14:27:30,Mecca,Street 1,+966,5345980039,Saudi,Christian,R$jbu9tZ^2,ahmed.omar906@example.com,2341150216,5868382280,False,Tamadur,Hamza,Akram,Tamadur,تماضر حمزة أكرم,Female,12/09/1983 14:27:30,Medina,Street 2,+966,5868382280,Saudi,Christian,tamadur.akram355@example.com,T9^3myMuxs
5689,الأبتدائية,الأولى,0,2025-2026,1758814944,P1868576479,en,Hanan,Ibrahim,Idris,Hanan,حنان إبراهيم إدريس,Female,12/09/2017 14:27:30,Riyadh,Street 3,+966,5480433076,Saudi,Muslim,hanan.idris978@example.com,vJHh49f*lz,2556421830,5386790545,False,Ibrahim,Mahdi,Idris,Ibrahim,إبراهيم مهدي إدريس,Male,12/09/1995 14:27:30,Dammam,Street 1,+966,5386790545,Saudi,Muslim,5ZNSlEp)^T,ibrahim.idris985@example.com,1486072413,5838756727,True,Lubaba,Akram,Ali,Lubaba,لبابة أكرم علي,Female,12/09/1992 14:27:30,Medina,Street 4,+966,5838756727,Saudi,Muslim,lubaba.ali913@example.com,d&uH3%F8#6
6189,الأبتدائية,الأولى,0,2025-2026,2785343213,P2453281140,ar,Riyad,Hussein,Saud,Riyad,رياض حسين سعود,Male,12/09/2019 14:27:30,Mecca,Street 2,+966,5151697945,Saudi,Christian,riyad.saud107@example.com,#XCjPc46a8,2190020261,5183585470,False,Hussein,Salman,Saud,Hussein,حسين سلمان سعود,Male,12/09/1981 14:27:30,Riyadh,Street 5,+966,5183585470,Saudi,Christian,NV0)iqh7NE,hussein.saud561@example.com,2241368328,5140598856,True,Safiyyah,Idris,Fahad,Safiyyah,صفية إدريس فهد,Female,12/09/1994 14:27:30,Riyadh,Street 3,+966,5140598856,Saudi,Christian,safiyyah.fahad781@example.com,2j)GTLzgrb
2218,الأبتدائية,الأولى,0,2025-2026,1136376786,P1835480610,ar,Hanan,Hussein,Saud,Hanan,حنان حسين سعود,Female,12/09/2016 14:27:30,Riyadh,Street 1,+966,5684200945,Saudi,Christian,hanan.saud761@example.com,YR)4gpNKfr,2190020261,5183585470,False,Hussein,Salman,Saud,Hussein,حسين سلمان سعود,Male,12/09/1981 14:27:30,Riyadh,Street 5,+966,5183585470,Saudi,Christian,NV0)iqh7NE,hussein.saud561@example.com,2241368328,5140598856,True,Safiyyah,Idris,Fahad,Safiyyah,صفية إدريس فهد,Female,12/09/1994 14:27:30,Riyadh,Street 3,+966,5140598856,Saudi,Christian,safiyyah.fahad781@example.com,2j)GTLzgrb
3591,الأبتدائية,الأولى,0,2025-2026,1422345217,P1751666313,en,Nadia,Hussein,Saud,Nadia,نادية حسين سعود,Female,12/09/2015 14:27:30,Riyadh,Street 5,+966,5766830532,Saudi,Christian,nadia.saud850@example.com,HlLlY1ARb),2190020261,5183585470,False,Hussein,Salman,Saud,Hussein,حسين سلمان سعود,Male,12/09/1981 14:27:30,Riyadh,Street 5,+966,5183585470,Saudi,Christian,NV0)iqh7NE,hussein.saud561@example.com,2241368328,5140598856,True,Safiyyah,Idris,Fahad,Safiyyah,صفية إدريس فهد,Female,12/09/1994 14:27:30,Riyadh,Street 3,+966,5140598856,Saudi,Christian,safiyyah.fahad781@example.com,2j)GTLzgrb
8275,الأبتدائية,الأولى,0,2025-2026,1444515292,P1905471940,en,Sulaiman,Khalid,Bilal,Sulaiman,سليمان خالد بلال,Male,12/09/2017 14:27:30,Dammam,Street 3,+966,5592385929,Saudi,Christian,sulaiman.bilal845@example.com,Y!t&YqbfN2,1237693461,5663587744,False,Khalid,Omar,Bilal,Khalid,خالد عمر بلال,Male,12/09/1979 14:27:30,Dammam,Street 1,+966,5663587744,Saudi,Christian,BQ3ofzm(%D,khalid.bilal459@example.com,1646752655,5654467182,True,Tamadur,Turki,Idris,Tamadur,تماضر تركي إدريس,Female,12/09/1993 14:27:30,Dammam,Street 4,+966,5654467182,Saudi,Christian,tamadur.idris861@example.com,cANf(S9fkh
3246,الأبتدائية,الأولى,0,2025-2026,1925853611,P1980604908,en,Yousef,Omar,Hassan,Yousef,يوسف عمر حسن,Male,12/09/2018 14:27:30,Mecca,Street 1,+966,5353168099,Saudi,Muslim,yousef.hassan872@example.com,01xuGYXR)H,2827226781,5626939088,False,Omar,Khalid,Hassan,Omar,عمر خالد حسن,Male,12/09/1985 14:27:30,Medina,Street 3,+966,5626939088,Saudi,Muslim,x$j^8h2KKm,omar.hassan573@example.com,2163689704,5519780777,True,Layla,Fahad,Akram,Layla,ليلى فهد أكرم,Female,12/09/1995 14:27:30,Mecca,Street 5,+966,5519780777,Saudi,Muslim,layla.akram696@example.com,Oux%LOc1T4
3920,الأبتدائية,الأولى,0,2025-2026,2261962447,P2964825855,en,Reem,Omar,Hassan,Reem,ريم عمر حسن,Female,12/09/2019 14:27:30,Riyadh,Street 2,+966,5658500731,Saudi,Muslim,reem.hassan180@example.com,S*bII4*7Cw,2827226781,5626939088,False,Omar,Khalid,Hassan,Omar,عمر خالد حسن,Male,12/09/1985 14:27:30,Medina,Street 3,+966,5626939088,Saudi,Muslim,x$j^8h2KKm,omar.hassan573@example.com,2163689704,5519780777,True,Layla,Fahad,Akram,Layla,ليلى فهد أكرم,Female,12/09/1995 14:27:30,Mecca,Street 5,+966,5519780777,Saudi,Muslim,layla.akram696@example.com,Oux%LOc1T4
9522,الأبتدائية,الثانية,د,2025-2026,1357348893,P1567550302,ar,Hassan,Nasser,Omar,Hassan,حسن ناصر عمر,Male,12/09/2019 14:27:30,Medina,Street 2,+966,5901444160,Saudi,Muslim,hassan.omar601@example.com,E(mrxaKb5k,2709019139,5171112309,True,Nasser,Mahdi,Omar,Nasser,ناصر مهدي عمر,Male,12/09/1981 14:27:30,Riyadh,Street 3,+966,5171112309,Saudi,Muslim,5PL@HxWK8z,nasser.omar448@example.com,1866202039,5577586327,False,Maha,Tariq,Zaid,Maha,مها طارق زيد,Female,12/09/1987 14:27:30,Medina,Street 1,+966,5577586327,Saudi,Muslim,maha.zaid501@example.com,X^SCC8NHkk
4548,الأبتدائية,الثانية,د,2025-2026,1796390801,P1286824548,ar,Lubaba,Nasser,Omar,Lubaba,لبابة ناصر عمر,Female,12/09/2018 14:27:30,Mecca,Street 4,+966,5489351033,Saudi,Muslim,lubaba.omar975@example.com,1YPq*TR&*f,2709019139,5171112309,True,Nasser,Mahdi,Omar,Nasser,ناصر مهدي عمر,Male,12/09/1981 14:27:30,Riyadh,Street 3,+966,5171112309,Saudi,Muslim,5PL@HxWK8z,nasser.omar448@example.com,1866202039,5577586327,False,Maha,Tariq,Zaid,Maha,مها طارق زيد,Female,12/09/1987 14:27:30,Medina,Street 1,+966,5577586327,Saudi,Muslim,maha.zaid501@example.com,X^SCC8NHkk
1009,الأبتدائية,الثانية,د,2025-2026,2661323565,P1865448510,en,Aisha,Nasser,Omar,Aisha,عائشة ناصر عمر,Female,12/09/2018 14:27:30,Riyadh,Street 3,+966,5341140991,Saudi,Muslim,aisha.omar295@example.com,M)IiYJFDk6,2709019139,5171112309,True,Nasser,Mahdi,Omar,Nasser,ناصر مهدي عمر,Male,12/09/1981 14:27:30,Riyadh,Street 3,+966,5171112309,Saudi,Muslim,5PL@HxWK8z,nasser.omar448@example.com,1866202039,5577586327,False,Maha,Tariq,Zaid,Maha,مها طارق زيد,Female,12/09/1987 14:27:30,Medina,Street 1,+966,5577586327,Saudi,Muslim,maha.zaid501@example.com,X^SCC8NHkk
8088,الأبتدائية,الثانية,د,2025-2026,2186041318,P1864596315,en,Aaliyah,Mohammed,Abdulaziz,Aaliyah,عالية محمد عبدالعزيز,Female,12/09/2018 14:27:30,Medina,Street 2,+966,5243544848,Saudi,Christian,aaliyah.abdulaziz769@example.com,eWoz8YmOm),2950997246,5772782131,False,Mohammed,Sulaiman,Abdulaziz,Mohammed,محمد سليمان عبدالعزيز,Male,12/09/1984 14:27:30,Dammam,Street 1,+966,5772782131,Saudi,Christian,stQ1x$b&%H,mohammed.abdulaziz957@example.com,1788429910,5919265892,True,Zainab,Sultan,Bilal,Zainab,زينب سلطان بلال,Female,12/09/1982 14:27:30,Jeddah,Street 3,+966,5919265892,Saudi,Christian,zainab.bilal725@example.com,LpDK$6bz&D
7040,الأبتدائية,الثانية,د,2025-2026,1851285745,P1239821333,en,Saud,Fahad,Tariq,Saud,سعود فهد طارق,Male,12/09/2019 14:27:30,Mecca,Street 2,+966,5672469889,Saudi,Muslim,saud.tariq555@example.com,9xyKjanUT%,2778719750,5410985436,False,Fahad,Akram,Tariq,Fahad,فهد أكرم طارق,Male,12/09/1980 14:27:30,Mecca,Street 5,+966,5410985436,Saudi,Muslim,dFE*0bGu0N,fahad.tariq595@example.com,1168291154,5495534212,True,Maryam,Hussein,Ali,Maryam,مريم حسين علي,Female,12/09/1991 14:27:30,Jeddah,Street 3,+966,5495534212,Saudi,Muslim,maryam.ali134@example.com,zBWtX(27Hy
3442,الأبتدائية,الثانية,د,2025-2026,2873274835,P1877137751,en,Zayne,Ibrahim,Fahad,Zayne,زين إبراهيم فهد,Male,12/09/2018 14:27:30,Jeddah,Street 2,+966,5254798750,Saudi,Christian,zayne.fahad815@example.com,Boz7W4Ob!z,2647261127,5559854535,False,Ibrahim,Zaid,Fahad,Ibrahim,إبراهيم زيد فهد,Male,12/09/1991 14:27:30,Mecca,Street 2,+966,5559854535,Saudi,Christian,sWxO@FwId5,ibrahim.fahad289@example.com,2495517948,5263560587,True,Khadijah,Mohammed,Zayne,Khadijah,خديجة محمد زين,Female,12/09/1993 14:27:30,Medina,Street 5,+966,5263560587,Saudi,Christian,khadijah.zayne948@example.com,%zkrG7BnIN
5136,الأبتدائية,الثانية,د,2025-2026,2514579960,P1850083427,en,Bilal,Mahdi,Omar,Bilal,بلال مهدي عمر,Male,12/09/2018 14:27:30,Riyadh,Street 2,+966,5293308939,Saudi,Christian,bilal.omar421@example.com,%by4$HeOIj,1968268892,5728162950,True,Mahdi,Ali,Omar,Mahdi,مهدي علي عمر,Male,12/09/1982 14:27:30,Riyadh,Street 5,+966,5728162950,Saudi,Christian,k(c4sEnJ&F,mahdi.omar125@example.com,1209015976,5977250925,False,Amal,Mahdi,Mahdi,Amal,أمل مهدي مهدي,Female,12/09/1987 14:27:30,Dammam,Street 1,+966,5977250925,Saudi,Christian,amal.mahdi781@example.com,y*c!D(9JBz
2592,الأبتدائية,الثانية,د,2025-2026,1467886958,P2473000956,en,Ruqaya,Mahdi,Omar,Ruqaya,رقية مهدي عمر,Female,12/09/2017 14:27:30,Jeddah,Street 4,+966,5111005849,Saudi,Christian,ruqaya.omar738@example.com,8r!98SFacm,1968268892,5728162950,True,Mahdi,Ali,Omar,Mahdi,مهدي علي عمر,Male,12/09/1982 14:27:30,Riyadh,Street 5,+966,5728162950,Saudi,Christian,k(c4sEnJ&F,mahdi.omar125@example.com,1209015976,5977250925,False,Amal,Mahdi,Mahdi,Amal,أمل مهدي مهدي,Female,12/09/1987 14:27:30,Dammam,Street 1,+966,5977250925,Saudi,Christian,amal.mahdi781@example.com,y*c!D(9JBz
4216,الأبتدائية,الثانية,د,2025-2026,2126080639,P1734988546,ar,Noor,Mahdi,Omar,Noor,نور مهدي عمر,Female,12/09/2016 14:27:30,Dammam,Street 5,+966,5977595571,Saudi,Christian,noor.omar885@example.com,VrP#EIs#0),1968268892,5728162950,True,Mahdi,Ali,Omar,Mahdi,مهدي علي عمر,Male,12/09/1982 14:27:30,Riyadh,Street 5,+966,5728162950,Saudi,Christian,k(c4sEnJ&F,mahdi.omar125@example.com,1209015976,5977250925,False,Amal,Mahdi,Mahdi,Amal,أمل مهدي مهدي,Female,12/09/1987 14:27:30,Dammam,Street 1,+966,5977250925,Saudi,Christian,amal.mahdi781@example.com,y*c!D(9JBz
5741,الأبتدائية,الثانية,د,2025-2026,2960810029,P1726960922,en,Hussein,Ali,Hamza,Hussein,حسين علي حمزة,Male,12/09/2019 14:27:30,Mecca,Street 3,+966,5393297971,Saudi,Christian,hussein.hamza847@example.com,I%p5Oh0wS1,2540241112,5214788388,False,Ali,Riyad,Hamza,Ali,علي رياض حمزة,Male,12/09/1978 14:27:30,Medina,Street 4,+966,5214788388,Saudi,Christian,3k*6CywIxh,ali.hamza985@example.com,2695398632,5324806068,True,Sara,Ismail,Sultan,Sara,سارة إسماعيل سلطان,Female,12/09/1996 14:27:30,Medina,Street 2,+966,5324806068,Saudi,Christian,sara.sultan458@example.com,7SzcWG8%z6
3727,الأبتدائية,الثانية,د,2025-2026,1168724789,P1124373284,en,Ahmed,Saud,Ibrahim,Ahmed,أحمد سعود إبراهيم,Male,12/09/2018 14:27:30,Dammam,Street 1,+966,5125130146,Saudi,Muslim,ahmed.ibrahim435@example.com,twE*d$5iH#,1133898988,5294544577,True,Saud,Turki,Ibrahim,Saud,سعود تركي إبراهيم,Male,12/09/1980 14:27:30,Jeddah,Street 4,+966,5294544577,Saudi,Muslim,2kfxHmfJ%J,saud.ibrahim921@example.com,2445348291,5864568337,False,Reem,Zayne,Hassan,Reem,ريم زين حسن,Female,12/09/1995 14:27:30,Riyadh,Street 4,+966,5864568337,Saudi,Muslim,reem.hassan442@example.com,6XO*R3oio%
3288,الأبتدائية,الثانية,د,2025-2026,1360870735,P2464356899,ar,Dana,Turki,Abdullah,Dana,دانا تركي عبدالله,Female,12/09/2018 14:27:30,Dammam,Street 5,+966,5467943724,Saudi,Christian,dana.abdullah463@example.com,@(@2P74Jz(,1925891806,5621135269,True,Turki,Salem,Abdullah,Turki,تركي سالم عبدالله,Male,12/09/1995 14:27:30,Dammam,Street 1,+966,5621135269,Saudi,Christian,MJB&#Wo#71,turki.abdullah753@example.com,2500955124,5123100243,False,Reem,Ahmed,Abdulrahman,Reem,ريم أحمد عبدالرحمن,Female,12/09/1985 14:27:30,Riyadh,Street 4,+966,5123100243,Saudi,Christian,reem.abdulrahman896@example.com,Y$7%X8ortv
9449,الأبتدائية,الثانية,د,2025-2026,2108376682,P1623099353,ar,Yasmin,Zaid,Tariq,Yasmin,ياسمين زيد طارق,Female,12/09/2015 14:27:30,Mecca,Street 4,+966,5646413661,Saudi,Christian,yasmin.tariq695@example.com,2m%(D$)bhq,1212113542,5255250746,True,Zaid,Abdulrahman,Tariq,Zaid,زيد عبدالرحمن طارق,Male,12/09/1986 14:27:30,Jeddah,Street 1,+966,5255250746,Saudi,Christian,RHp^6)OPoY,zaid.tariq257@example.com,2924709298,5394983821,False,Yasmin,Zaid,Tariq,Yasmin,ياسمين زيد طارق,Female,12/09/1981 14:27:30,Riyadh,Street 1,+966,5394983821,Saudi,Christian,yasmin.tariq213@example.com,CUop4Hx^%z
3024,الأبتدائية,الثانية,د,2025-2026,2133379001,P1213536200,ar,Abdulaziz,Zaid,Sultan,Abdulaziz,عبدالعزيز زيد سلطان,Male,12/09/2015 14:27:30,Medina,Street 2,+966,5442503737,Saudi,Christian,abdulaziz.sultan757@example.com,mA#^ukFNC3,1921976013,5264603244,True,Zaid,Sulaiman,Sultan,Zaid,زيد سليمان سلطان,Male,12/09/1993 14:27:30,Riyadh,Street 2,+966,5264603244,Saudi,Christian,nK^)VtYbG1,zaid.sultan952@example.com,1574860775,5923505020,False,Ruqaya,Idris,Khalid,Ruqaya,رقية إدريس خالد,Female,12/09/1994 14:27:30,Jeddah,Street 4,+966,5923505020,Saudi,Christian,ruqaya.khalid112@example.com,K@j%g3CQF9
4519,الأبتدائية,الثانية,د,2025-2026,2358257341,P2459237424,en,Sedra,Riyad,Ibrahim,Sedra,سدرة رياض إبراهيم,Female,12/09/2018 14:27:30,Jeddah,Street 2,+966,5687477007,Saudi,Muslim,sedra.ibrahim352@example.com,sY0t)oO#50,1173269052,5703505816,False,Riyad,Mahdi,Ibrahim,Riyad,رياض مهدي إبراهيم,Male,12/09/1977 14:27:30,Jeddah,Street 1,+966,5703505816,Saudi,Muslim,YOabTf$Nu2,riyad.ibrahim309@example.com,2380502779,5564234265,True,Amal,Turki,Mahdi,Amal,أمل تركي مهدي,Female,12/09/1992 14:27:30,Riyadh,Street 2,+966,5564234265,Saudi,Muslim,amal.mahdi865@example.com,CJr)@)Rj2*
3841,الأبتدائية,الثانية,د,2025-2026,2624570945,P2390921047,en,Hanan,Salem,Khalid,Hanan,حنان سالم خالد,Female,12/09/2017 14:27:30,Mecca,Street 5,+966,5806941232,Saudi,Muslim,hanan.khalid151@example.com,TaJo6*(E!2,1493837207,5687095401,False,Salem,Omar,Khalid,Salem,سالم عمر خالد,Male,12/09/1992 14:27:30,Riyadh,Street 2,+966,5687095401,Saudi,Muslim,#6mI6$(#S$,salem.khalid533@example.com,2466669949,5220118242,True,Amal,Ali,Fahad,Amal,أمل علي فهد,Female,12/09/1990 14:27:30,Dammam,Street 1,+966,5220118242,Saudi,Muslim,amal.fahad216@example.com,9Q^jO%^3#O
8305,الأبتدائية,الثانية,د,2025-2026,2413135080,P2800759309,ar,Yousef,Abdullah,Abdullah,Yousef,يوسف عبدالله عبدالله,Male,12/09/2018 14:27:30,Riyadh,Street 4,+966,5936294877,Saudi,Muslim,yousef.abdullah649@example.com,%iLUu7yqMp,2289203385,5824301215,True,Abdullah,Salem,Abdullah,Abdullah,عبدالله سالم عبدالله,Male,12/09/1987 14:27:30,Medina,Street 3,+966,5824301215,Saudi,Muslim,EKFF7l%pDI,abdullah.abdullah512@example.com,2476866920,5187324285,False,Lubaba,Saud,Ibrahim,Lubaba,لبابة سعود إبراهيم,Female,12/09/1988 14:27:30,Riyadh,Street 5,+966,5187324285,Saudi,Muslim,lubaba.ibrahim780@example.com,kiN%*2JH^y
5391,الأبتدائية,الثانية,د,2025-2026,1644694040,P2898261999,en,Omar,Tariq,Sultan,Omar,عمر طارق سلطان,Male,12/09/2019 14:27:30,Jeddah,Street 3,+966,5841787711,Saudi,Muslim,omar.sultan312@example.com,hOc#JxHz9K,2144209364,5937632586,True,Tariq,Ibrahim,Sultan,Tariq,طارق إبراهيم سلطان,Male,12/09/1981 14:27:30,Riyadh,Street 5,+966,5937632586,Saudi,Muslim,O6BAhZq%jx,tariq.sultan359@example.com,2359332016,5401856821,False,Fatimah,Mohammed,Mohammed,Fatimah,فاطمة محمد محمد,Female,12/09/1992 14:27:30,Jeddah,Street 1,+966,5401856821,Saudi,Muslim,fatimah.mohammed795@example.com,XZk*%GZ4mS
2691,الأبتدائية,الثانية,د,2025-2026,2466822748,P1329287549,ar,Fatimah,Khalid,Turki,Fatimah,فاطمة خالد تركي,Female,12/09/2019 14:27:30,Dammam,Street 2,+966,5675283126,Saudi,Christian,fatimah.turki519@example.com,fMoj1BLhp^,1182715942,5728772592,False,Khalid,Abdullah,Turki,Khalid,خالد عبدالله تركي,Male,12/09/1990 14:27:30,Riyadh,Street 1,+966,5728772592,Saudi,Christian,^iL$h3aWS#,khalid.turki109@example.com,1767521498,5233334509,True,Dana,Abdulrahman,Sultan,Dana,دانا عبدالرحمن سلطان,Female,12/09/1991 14:27:30,Jeddah,Street 5,+966,5233334509,Saudi,Christian,dana.sultan178@example.com,6eJ(4mx0Q7
2989,الأبتدائية,الثانية,د,2025-2026,1936092800,P2284909862,en,Hanan,Omar,Yousef,Hanan,حنان عمر يوسف,Female,12/09/2018 14:27:30,Riyadh,Street 1,+966,5452808443,Saudi,Christian,hanan.yousef444@example.com,$42lYaA9TP,2660620937,5684970775,True,Omar,Ahmed,Yousef,Omar,عمر أحمد يوسف,Male,12/09/1984 14:27:30,Dammam,Street 1,+966,5684970775,Saudi,Christian,Dd2xg^3POm,omar.yousef739@example.com,2874810646,5588084573,False,Nadia,Hussein,Zaid,Nadia,نادية حسين زيد,Female,12/09/1988 14:27:30,Jeddah,Street 4,+966,5588084573,Saudi,Christian,nadia.zaid465@example.com,c%O3V^LtMQ
5454,الأبتدائية,الثانية,د,2025-2026,1502067018,P2669266679,en,Layla,Akram,Abdulaziz,Layla,ليلى أكرم عبدالعزيز,Female,12/09/2016 14:27:30,Mecca,Street 1,+966,5341050707,Saudi,Christian,layla.abdulaziz377@example.com,TBu*kXr907,2535443839,5448184590,True,Akram,Ali,Abdulaziz,Akram,أكرم علي عبدالعزيز,Male,12/09/1988 14:27:30,Mecca,Street 5,+966,5448184590,Saudi,Christian,I!BlA&*f8Q,akram.abdulaziz107@example.com,1647964649,5743651087,False,Zainab,Sulaiman,Riyad,Zainab,زينب سليمان رياض,Female,12/09/1992 14:27:30,Mecca,Street 5,+966,5743651087,Saudi,Christian,zainab.riyad637@example.com,I(Ov@zag1P
1533,الأبتدائية,الثانية,د,2025-2026,1285937590,P2145503220,en,Hanan,Akram,Abdulaziz,Hanan,حنان أكرم عبدالعزيز,Female,12/09/2018 14:27:30,Jeddah,Street 3,+966,5349693138,Saudi,Christian,hanan.abdulaziz951@example.com,p9M&4m4PVU,2535443839,5448184590,True,Akram,Ali,Abdulaziz,Akram,أكرم علي عبدالعزيز,Male,12/09/1988 14:27:30,Mecca,Street 5,+966,5448184590,Saudi,Christian,I!BlA&*f8Q,akram.abdulaziz107@example.com,1647964649,5743651087,False,Zainab,Sulaiman,Riyad,Zainab,زينب سليمان رياض,Female,12/09/1992 14:27:30,Mecca,Street 5,+966,5743651087,Saudi,Christian,zainab.riyad637@example.com,I(Ov@zag1P
5623,الأبتدائية,الثانية,د,2025-2026,1534413818,P1906399996,en,Amal,Akram,Abdulaziz,Amal,أمل أكرم عبدالعزيز,Female,12/09/2019 14:27:30,Medina,Street 4,+966,5478838007,Saudi,Christian,amal.abdulaziz154@example.com,^8cp^VAyAp,2535443839,5448184590,True,Akram,Ali,Abdulaziz,Akram,أكرم علي عبدالعزيز,Male,12/09/1988 14:27:30,Mecca,Street 5,+966,5448184590,Saudi,Christian,I!BlA&*f8Q,akram.abdulaziz107@example.com,1647964649,5743651087,False,Zainab,Sulaiman,Riyad,Zainab,زينب سليمان رياض,Female,12/09/1992 14:27:30,Mecca,Street 5,+966,5743651087,Saudi,Christian,zainab.riyad637@example.com,I(Ov@zag1P
4967,الأبتدائية,الثانية,د,2025-2026,1631770603,P2130162396,ar,Idris,Abdulrahman,Ismail,Idris,إدريس عبدالرحمن إسماعيل,Male,12/09/2015 14:27:30,Medina,Street 2,+966,5210461387,Saudi,Christian,idris.ismail695@example.com,s2n97H)KGu,1305343225,5490801566,False,Abdulrahman,Abdulrahman,Ismail,Abdulrahman,عبدالرحمن عبدالرحمن إسماعيل,Male,12/09/1982 14:27:30,Riyadh,Street 5,+966,5490801566,Saudi,Christian,839qA(RsrR,abdulrahman.ismail710@example.com,2569528751,5205102786,True,Nadia,Hamza,Abdulaziz,Nadia,نادية حمزة عبدالعزيز,Female,12/09/1986 14:27:30,Riyadh,Street 1,+966,5205102786,Saudi,Christian,nadia.abdulaziz705@example.com,OD9q$oyLU6
1953,الأبتدائية,الثانية,د,2025-2026,1834391043,P2394084389,ar,Nora,Abdulrahman,Bilal,Nora,نورا عبدالرحمن بلال,Female,12/09/2017 14:27:30,Mecca,Street 1,+966,5232329104,Saudi,Muslim,nora.bilal122@example.com,y$Q*xY6yOC,2411796551,5585418816,True,Abdulrahman,Mahdi,Bilal,Abdulrahman,عبدالرحمن مهدي بلال,Male,12/09/1976 14:27:30,Medina,Street 3,+966,5585418816,Saudi,Muslim,0hLV&ZZC4z,abdulrahman.bilal173@example.com,2919586369,5801062725,False,Aaliyah,Abdullah,Ali,Aaliyah,عالية عبدالله علي,Female,12/09/1982 14:27:30,Mecca,Street 2,+966,5801062725,Saudi,Muslim,aaliyah.ali931@example.com,#p6OG*Ep9V
9989,الأبتدائية,الثانية,د,2025-2026,1242490965,P1709831680,ar,Hassan,Zaid,Nasser,Hassan,حسن زيد ناصر,Male,12/09/2017 14:27:30,Medina,Street 1,+966,5853786359,Saudi,Muslim,hassan.nasser264@example.com,P#@6m&5BzZ,2451201670,5913975867,True,Zaid,Mahdi,Nasser,Zaid,زيد مهدي ناصر,Male,12/09/1990 14:27:30,Mecca,Street 5,+966,5913975867,Saudi,Muslim,i!9Tl1&or&,zaid.nasser392@example.com,2731179779,5527982677,False,Khadijah,Sultan,Yousef,Khadijah,خديجة سلطان يوسف,Female,12/09/1992 14:27:30,Dammam,Street 1,+966,5527982677,Saudi,Muslim,khadijah.yousef607@example.com,T^9AhJ3#*t
3365,الأبتدائية,الثانية,هـ,2025-2026,1139984021,P2503825776,ar,Sedra,Bilal,Zayne,Sedra,سدرة بلال زين,Female,12/09/2018 14:27:30,Mecca,Street 5,+966,5500795909,Saudi,Muslim,sedra.zayne684@example.com,^Yo6VNXomu,2221783405,5994795873,True,Bilal,Riyad,Zayne,Bilal,بلال رياض زين,Male,12/09/1982 14:27:30,Medina,Street 1,+966,5994795873,Saudi,Muslim,GV$Es74Bf$,bilal.zayne540@example.com,1873662857,5289097380,False,Tamadur,Abdullah,Turki,Tamadur,تماضر عبدالله تركي,Female,12/09/1986 14:27:30,Medina,Street 2,+966,5289097380,Saudi,Muslim,tamadur.turki721@example.com,1mFWieq3!8
3868,الأبتدائية,الثانية,هـ,2025-2026,1659677632,P2653050881,en,Fahad,Khalid,Zayne,Fahad,فهد خالد زين,Male,12/09/2017 14:27:30,Dammam,Street 3,+966,5427786309,Saudi,Muslim,fahad.zayne761@example.com,VDuCjl0&I8,1474382062,5591939900,True,Khalid,Yousef,Zayne,Khalid,خالد يوسف زين,Male,12/09/1979 14:27:30,Mecca,Street 2,+966,5591939900,Saudi,Muslim,g$4PwcpL4T,khalid.zayne284@example.com,1408511351,5246698346,False,Rania,Salem,Zayne,Rania,رانيا سالم زين,Female,12/09/1989 14:27:30,Medina,Street 4,+966,5246698346,Saudi,Muslim,rania.zayne894@example.com,V04bq&Iv%E
6994,الأبتدائية,الثانية,هـ,2025-2026,2846536074,P2537644807,ar,Reem,Sultan,Omar,Reem,ريم سلطان عمر,Female,12/09/2017 14:27:30,Dammam,Street 1,+966,5390181170,Saudi,Muslim,reem.omar614@example.com,!KuPm31Ase,2917645211,5914039667,True,Sultan,Mohammed,Omar,Sultan,سلطان محمد عمر,Male,12/09/1977 14:27:30,Mecca,Street 5,+966,5914039667,Saudi,Muslim,E*9!K!0x0U,sultan.omar721@example.com,2523608900,5825295933,False,Safiyyah,Mohammed,Abdullah,Safiyyah,صفية محمد عبدالله,Female,12/09/1987 14:27:30,Riyadh,Street 4,+966,5825295933,Saudi,Muslim,safiyyah.abdullah186@example.com,3gG#^RaAtW
2408,الأبتدائية,الثانية,هـ,2025-2026,1613902473,P1900276865,en,Omar,Ali,Idris,Omar,عمر علي إدريس,Male,12/09/2014 14:27:30,Riyadh,Street 3,+966,5786169355,Saudi,Muslim,omar.idris997@example.com,aPN((!ZeG2,1854400650,5136243931,False,Ali,Omar,Idris,Ali,علي عمر إدريس,Male,12/09/1978 14:27:30,Riyadh,Street 3,+966,5136243931,Saudi,Muslim,)bdK58u7*1,ali.idris718@example.com,2958400029,5615971636,True,Layla,Akram,Salem,Layla,ليلى أكرم سالم,Female,12/09/1987 14:27:30,Dammam,Street 3,+966,5615971636,Saudi,Muslim,layla.salem529@example.com,*dnKc3B3um
5160,الأبتدائية,الثانية,هـ,2025-2026,1136710279,P1909017953,ar,Maha,Ali,Idris,Maha,مها علي إدريس,Female,12/09/2014 14:27:30,Riyadh,Street 3,+966,5194442906,Saudi,Muslim,maha.idris860@example.com,6Gutc4org*,1854400650,5136243931,False,Ali,Omar,Idris,Ali,علي عمر إدريس,Male,12/09/1978 14:27:30,Riyadh,Street 3,+966,5136243931,Saudi,Muslim,)bdK58u7*1,ali.idris718@example.com,2958400029,5615971636,True,Layla,Akram,Salem,Layla,ليلى أكرم سالم,Female,12/09/1987 14:27:30,Dammam,Street 3,+966,5615971636,Saudi,Muslim,layla.salem529@example.com,*dnKc3B3um
1819,الأبتدائية,الثانية,هـ,2025-2026,1913606215,P1397727600,en,Assiya,Abdulaziz,Sulaiman,Assiya,أسيا عبدالعزيز سليمان,Female,12/09/2017 14:27:30,Jeddah,Street 3,+966,5611925824,Saudi,Christian,assiya.sulaiman126@example.com,4EmhHK(!o%,1177103048,5126570863,False,Abdulaziz,Tariq,Sulaiman,Abdulaziz,عبدالعزيز طارق سليمان,Male,12/09/1995 14:27:30,Dammam,Street 1,+966,5126570863,Saudi,Christian,S#L7*f9WhA,abdulaziz.sulaiman644@example.com,2257555898,5384214550,True,Tamadur,Hussein,Abdullah,Tamadur,تماضر حسين عبدالله,Female,12/09/1995 14:27:30,Mecca,Street 5,+966,5384214550,Saudi,Christian,tamadur.abdullah484@example.com,Oa%kGRL0Fw
1908,الأبتدائية,الثانية,هـ,2025-2026,1546176020,P2945271766,en,Lubaba,Ibrahim,Nasser,Lubaba,لبابة إبراهيم ناصر,Female,12/09/2019 14:27:30,Jeddah,Street 4,+966,5107432088,Saudi,Christian,lubaba.nasser513@example.com,uebLP^yP6R,2380651474,5927027687,False,Ibrahim,Saud,Nasser,Ibrahim,إبراهيم سعود ناصر,Male,12/09/1993 14:27:30,Medina,Street 5,+966,5927027687,Saudi,Christian,NL#Uues@3y,ibrahim.nasser730@example.com,1362946673,5463505304,True,Salma,Tariq,Fahad,Salma,سلمى طارق فهد,Female,12/09/1982 14:27:30,Medina,Street 1,+966,5463505304,Saudi,Christian,salma.fahad971@example.com,v3^nv0KX96
7473,الأبتدائية,الثانية,هـ,2025-2026,1139168466,P1916351146,en,Hanan,Mahdi,Riyad,Hanan,حنان مهدي رياض,Female,12/09/2017 14:27:30,Mecca,Street 4,+966,5779615152,Saudi,Christian,hanan.riyad755@example.com,Gq5d)a4Y(y,1419564854,5153035580,True,Mahdi,Abdulrahman,Riyad,Mahdi,مهدي عبدالرحمن رياض,Male,12/09/1978 14:27:30,Jeddah,Street 4,+966,5153035580,Saudi,Christian,u734Z4uAm(,mahdi.riyad777@example.com,2405953549,5493960535,False,Zahra,Mohammed,Ibrahim,Zahra,زهرة محمد إبراهيم,Female,12/09/1990 14:27:30,Dammam,Street 1,+966,5493960535,Saudi,Christian,zahra.ibrahim601@example.com,Hl!9$0K9iW
5239,الأبتدائية,الثانية,هـ,2025-2026,1161977010,P1183174738,en,Lubaba,Zaid,Sultan,Lubaba,لبابة زيد سلطان,Female,12/09/2018 14:27:30,Jeddah,Street 4,+966,5951459441,Saudi,Muslim,lubaba.sultan550@example.com,w9$&XmXDwS,1111806262,5135988409,False,Zaid,Sultan,Sultan,Zaid,زيد سلطان سلطان,Male,12/09/1989 14:27:30,Jeddah,Street 3,+966,5135988409,Saudi,Muslim,8n^X4#rM&5,zaid.sultan254@example.com,1560696638,5983980628,True,Sara,Turki,Nasser,Sara,سارة تركي ناصر,Female,12/09/1986 14:27:30,Dammam,Street 4,+966,5983980628,Saudi,Muslim,sara.nasser527@example.com,!yA*r!026E
6066,الأبتدائية,الثانية,هـ,2025-2026,2157769860,P1944161299,ar,Aaliyah,Salman,Mahdi,Aaliyah,عالية سلمان مهدي,Female,12/09/2016 14:27:30,Jeddah,Street 5,+966,5250947105,Saudi,Muslim,aaliyah.mahdi933@example.com,Z7aNa&dJoa,2567610223,5763449684,True,Salman,Yousef,Mahdi,Salman,سلمان يوسف مهدي,Male,12/09/1986 14:27:30,Riyadh,Street 2,+966,5763449684,Saudi,Muslim,pFpMDF53K$,salman.mahdi139@example.com,2704179624,5531782331,False,Haya,Turki,Zaid,Haya,هيا تركي زيد,Female,12/09/1983 14:27:30,Mecca,Street 4,+966,5531782331,Saudi,Muslim,haya.zaid691@example.com,@hdabY1jay
5675,الأبتدائية,الثانية,هـ,2025-2026,1702648038,P2944732010,en,Reem,Abdulaziz,Khalid,Reem,ريم عبدالعزيز خالد,Female,12/09/2017 14:27:30,Mecca,Street 1,+966,5126344543,Saudi,Christian,reem.khalid438@example.com,Bn051CsQ(L,1783699853,5460434560,True,Abdulaziz,Abdulaziz,Khalid,Abdulaziz,عبدالعزيز عبدالعزيز خالد,Male,12/09/1981 14:27:30,Dammam,Street 1,+966,5460434560,Saudi,Christian,$c%Y04IJVa,abdulaziz.khalid846@example.com,1464894288,5474382482,False,Maryam,Sultan,Zaid,Maryam,مريم سلطان زيد,Female,12/09/1992 14:27:30,Dammam,Street 3,+966,5474382482,Saudi,Christian,maryam.zaid366@example.com,0Pp)j0#PFa
1241,الأبتدائية,الثانية,هـ,2025-2026,1105238212,P1714267377,ar,Dana,Abdulrahman,Zaid,Dana,دانا عبدالرحمن زيد,Female,12/09/2015 14:27:30,Mecca,Street 1,+966,5719486014,Saudi,Christian,dana.zaid340@example.com,ddJw$W53wL,1636611393,5764216129,True,Abdulrahman,Zaid,Zaid,Abdulrahman,عبدالرحمن زيد زيد,Male,12/09/1989 14:27:30,Jeddah,Street 2,+966,5764216129,Saudi,Christian,75Nq(CqVSA,abdulrahman.zaid451@example.com,1472137599,5654429268,False,Haya,Zayne,Riyad,Haya,هيا زين رياض,Female,12/09/1993 14:27:30,Medina,Street 2,+966,5654429268,Saudi,Christian,haya.riyad731@example.com,S5$E$hto3B
3521,الأبتدائية,الثانية,هـ,2025-2026,2697045088,P2348100801,en,Mahdi,Tariq,Idris,Mahdi,مهدي طارق إدريس,Male,12/09/2016 14:27:30,Riyadh,Street 2,+966,5850708060,Saudi,Muslim,mahdi.idris940@example.com,k#TvMwk#O8,2267197714,5709853689,False,Tariq,Tariq,Idris,Tariq,طارق طارق إدريس,Male,12/09/1987 14:27:30,Riyadh,Street 3,+966,5709853689,Saudi,Muslim,zuV1Xj(17O,tariq.idris992@example.com,2602767031,5313676141,True,Ruqaya,Ali,Salman,Ruqaya,رقية علي سلمان,Female,12/09/1982 14:27:30,Mecca,Street 3,+966,5313676141,Saudi,Muslim,ruqaya.salman736@example.com,2^&!CdPLq2
5515,الأبتدائية,الثانية,هـ,2025-2026,1355008258,P2902496409,en,Fatimah,Fahad,Tariq,Fatimah,فاطمة فهد طارق,Female,12/09/2015 14:27:30,Riyadh,Street 3,+966,5343801281,Saudi,Christian,fatimah.tariq270@example.com,bX@G#4m!G!,2697438450,5347676902,True,Fahad,Salman,Tariq,Fahad,فهد سلمان طارق,Male,12/09/1993 14:27:30,Dammam,Street 5,+966,5347676902,Saudi,Christian,*0HAyOPPvv,fahad.tariq149@example.com,2800172763,5279402219,False,Aaliyah,Hamza,Omar,Aaliyah,عالية حمزة عمر,Female,12/09/1987 14:27:30,Riyadh,Street 1,+966,5279402219,Saudi,Christian,aaliyah.omar507@example.com,HQZw)T7mZK
3178,الأبتدائية,الثانية,هـ,2025-2026,1443462767,P1856632256,ar,Zayne,Fahad,Tariq,Zayne,زين فهد طارق,Male,12/09/2015 14:27:30,Dammam,Street 5,+966,5290437264,Saudi,Christian,zayne.tariq475@example.com,cFB6Xi@2(c,2697438450,5347676902,True,Fahad,Salman,Tariq,Fahad,فهد سلمان طارق,Male,12/09/1993 14:27:30,Dammam,Street 5,+966,5347676902,Saudi,Christian,*0HAyOPPvv,fahad.tariq149@example.com,2800172763,5279402219,False,Aaliyah,Hamza,Omar,Aaliyah,عالية حمزة عمر,Female,12/09/1987 14:27:30,Riyadh,Street 1,+966,5279402219,Saudi,Christian,aaliyah.omar507@example.com,HQZw)T7mZK
3366,الأبتدائية,الثانية,هـ,2025-2026,1368789827,P2994060581,en,Tariq,Abdullah,Idris,Tariq,طارق عبدالله إدريس,Male,12/09/2014 14:27:30,Medina,Street 1,+966,5707858232,Saudi,Muslim,tariq.idris148@example.com,RDjU9v#jxK,1951363387,5372202737,True,Abdullah,Tariq,Idris,Abdullah,عبدالله طارق إدريس,Male,12/09/1978 14:27:30,Mecca,Street 1,+966,5372202737,Saudi,Muslim,Je3HZ!Q6aO,abdullah.idris323@example.com,2416652584,5209038640,False,Noor,Sulaiman,Ahmed,Noor,نور سليمان أحمد,Female,12/09/1984 14:27:30,Dammam,Street 1,+966,5209038640,Saudi,Muslim,noor.ahmed905@example.com,1)p8()%ayQ
5995,الأبتدائية,الثانية,هـ,2025-2026,2922486168,P2104000217,ar,Khadijah,Abdullah,Idris,Khadijah,خديجة عبدالله إدريس,Female,12/09/2018 14:27:30,Riyadh,Street 5,+966,5213727042,Saudi,Muslim,khadijah.idris422@example.com,GTaEXL)9%1,1951363387,5372202737,True,Abdullah,Tariq,Idris,Abdullah,عبدالله طارق إدريس,Male,12/09/1978 14:27:30,Mecca,Street 1,+966,5372202737,Saudi,Muslim,Je3HZ!Q6aO,abdullah.idris323@example.com,2416652584,5209038640,False,Noor,Sulaiman,Ahmed,Noor,نور سليمان أحمد,Female,12/09/1984 14:27:30,Dammam,Street 1,+966,5209038640,Saudi,Muslim,noor.ahmed905@example.com,1)p8()%ayQ
9183,الأبتدائية,الثانية,هـ,2025-2026,1947606397,P2580113874,ar,Idris,Nasser,Fahad,Idris,إدريس ناصر فهد,Male,12/09/2018 14:27:30,Medina,Street 4,+966,5159398202,Saudi,Christian,idris.fahad764@example.com,QoLC1tbx$3,1283859273,5763282965,False,Nasser,Bilal,Fahad,Nasser,ناصر بلال فهد,Male,12/09/1986 14:27:30,Medina,Street 4,+966,5763282965,Saudi,Christian,Vl(hiC6bzp,nasser.fahad290@example.com,1437553777,5317711797,True,Lina,Mohammed,Riyad,Lina,لينا محمد رياض,Female,12/09/1996 14:27:30,Jeddah,Street 5,+966,5317711797,Saudi,Christian,lina.riyad699@example.com,Qx%EKAbM36
7175,الأبتدائية,الثانية,هـ,2025-2026,2961623625,P2858774961,en,Salman,Nasser,Fahad,Salman,سلمان ناصر فهد,Male,12/09/2014 14:27:30,Riyadh,Street 3,+966,5509898424,Saudi,Christian,salman.fahad314@example.com,@%Z1am2qWj,1283859273,5763282965,False,Nasser,Bilal,Fahad,Nasser,ناصر بلال فهد,Male,12/09/1986 14:27:30,Medina,Street 4,+966,5763282965,Saudi,Christian,Vl(hiC6bzp,nasser.fahad290@example.com,1437553777,5317711797,True,Lina,Mohammed,Riyad,Lina,لينا محمد رياض,Female,12/09/1996 14:27:30,Jeddah,Street 5,+966,5317711797,Saudi,Christian,lina.riyad699@example.com,Qx%EKAbM36
1385,الأبتدائية,الثانية,هـ,2025-2026,1454097263,P1267255482,ar,Maha,Hassan,Riyad,Maha,مها حسن رياض,Female,12/09/2016 14:27:30,Riyadh,Street 5,+966,5262435595,Saudi,Christian,maha.riyad287@example.com,jgRz%$uN3&,1598731819,5936547710,True,Hassan,Bilal,Riyad,Hassan,حسن بلال رياض,Male,12/09/1993 14:27:30,Mecca,Street 2,+966,5936547710,Saudi,Christian,qD%1O6j$Fx,hassan.riyad802@example.com,2774372573,5875543929,False,Salma,Salem,Fahad,Salma,سلمى سالم فهد,Female,12/09/1995 14:27:30,Medina,Street 3,+966,5875543929,Saudi,Christian,salma.fahad217@example.com,189y*DsMl1
4329,الأبتدائية,الثانية,هـ,2025-2026,1792201309,P1809833935,ar,Ali,Idris,Abdulrahman,Ali,علي إدريس عبدالرحمن,Male,12/09/2017 14:27:30,Jeddah,Street 3,+966,5728841762,Saudi,Muslim,ali.abdulrahman889@example.com,20BA*ec1cN,1897991858,5675442876,True,Idris,Sultan,Abdulrahman,Idris,إدريس سلطان عبدالرحمن,Male,12/09/1995 14:27:30,Dammam,Street 4,+966,5675442876,Saudi,Muslim,9j3vm$yV)r,idris.abdulrahman608@example.com,2626156259,5993274705,False,Noor,Ahmed,Abdulaziz,Noor,نور أحمد عبدالعزيز,Female,12/09/1986 14:27:30,Mecca,Street 1,+966,5993274705,Saudi,Muslim,noor.abdulaziz993@example.com,WNVeng(uM1
7075,الأبتدائية,الثانية,و,2025-2026,1293592499,P2734951656,ar,Zayne,Sulaiman,Salem,Zayne,زين سليمان سالم,Male,12/09/2019 14:27:30,Medina,Street 1,+966,5682133579,Saudi,Muslim,zayne.salem497@example.com,OYC@7Wi9&*,2454557566,5690510105,False,Sulaiman,Abdulaziz,Salem,Sulaiman,سليمان عبدالعزيز سالم,Male,12/09/1980 14:27:30,Jeddah,Street 4,+966,5690510105,Saudi,Muslim,#vN7tx*gnk,sulaiman.salem184@example.com,1361248154,5693680908,True,Yasmin,Ahmed,Zayne,Yasmin,ياسمين أحمد زين,Female,12/09/1993 14:27:30,Medina,Street 3,+966,5693680908,Saudi,Muslim,yasmin.zayne680@example.com,HljVu)E89E
7562,الأبتدائية,الثانية,و,2025-2026,2805975380,P1374560863,en,Khadijah,Sulaiman,Salem,Khadijah,خديجة سليمان سالم,Female,12/09/2019 14:27:30,Dammam,Street 1,+966,5386633877,Saudi,Muslim,khadijah.salem967@example.com,iyP6o@x*2U,2454557566,5690510105,False,Sulaiman,Abdulaziz,Salem,Sulaiman,سليمان عبدالعزيز سالم,Male,12/09/1980 14:27:30,Jeddah,Street 4,+966,5690510105,Saudi,Muslim,#vN7tx*gnk,sulaiman.salem184@example.com,1361248154,5693680908,True,Yasmin,Ahmed,Zayne,Yasmin,ياسمين أحمد زين,Female,12/09/1993 14:27:30,Medina,Street 3,+966,5693680908,Saudi,Muslim,yasmin.zayne680@example.com,HljVu)E89E
8334,الأبتدائية,الثانية,و,2025-2026,1323377792,P1956295216,ar,Lama,Hassan,Fahad,Lama,لمى حسن فهد,Female,12/09/2015 14:27:30,Dammam,Street 5,+966,5625017574,Saudi,Muslim,lama.fahad805@example.com,cy@0a4y7@M,1624046442,5940062704,True,Hassan,Hassan,Fahad,Hassan,حسن حسن فهد,Male,12/09/1978 14:27:30,Riyadh,Street 3,+966,5940062704,Saudi,Muslim,Xfo$op5e%%,hassan.fahad721@example.com,2678884309,5135832369,False,Fatimah,Zayne,Yousef,Fatimah,فاطمة زين يوسف,Female,12/09/1988 14:27:30,Dammam,Street 5,+966,5135832369,Saudi,Muslim,fatimah.yousef119@example.com,6LISr^io2l
7920,الأبتدائية,الثانية,و,2025-2026,2747356017,P2931262331,ar,Nadia,Ali,Akram,Nadia,نادية علي أكرم,Female,12/09/2015 14:27:30,Medina,Street 4,+966,5595262940,Saudi,Christian,nadia.akram594@example.com,Krg$ux&2Gy,1194536507,5176806967,False,Ali,Hussein,Akram,Ali,علي حسين أكرم,Male,12/09/1987 14:27:30,Dammam,Street 4,+966,5176806967,Saudi,Christian,4HWxgu#z^H,ali.akram297@example.com,2895505764,5593902765,True,Assiya,Hassan,Omar,Assiya,أسيا حسن عمر,Female,12/09/1992 14:27:30,Medina,Street 4,+966,5593902765,Saudi,Christian,assiya.omar470@example.com,)bC5bnILiD
3017,الأبتدائية,الثانية,و,2025-2026,1504185432,P2870997808,ar,Zahra,Ali,Akram,Zahra,زهرة علي أكرم,Female,12/09/2014 14:27:30,Riyadh,Street 1,+966,5793058877,Saudi,Christian,zahra.akram855@example.com,E&r^0gOW1G,1194536507,5176806967,False,Ali,Hussein,Akram,Ali,علي حسين أكرم,Male,12/09/1987 14:27:30,Dammam,Street 4,+966,5176806967,Saudi,Christian,4HWxgu#z^H,ali.akram297@example.com,2895505764,5593902765,True,Assiya,Hassan,Omar,Assiya,أسيا حسن عمر,Female,12/09/1992 14:27:30,Medina,Street 4,+966,5593902765,Saudi,Christian,assiya.omar470@example.com,)bC5bnILiD
2110,الأبتدائية,الثانية,و,2025-2026,2789496264,P1541629131,ar,Salma,Abdulrahman,Ahmed,Salma,سلمى عبدالرحمن أحمد,Female,12/09/2014 14:27:30,Medina,Street 4,+966,5836906362,Saudi,Christian,salma.ahmed787@example.com,U!97OhSW4M,1382019194,5365368471,False,Abdulrahman,Nasser,Ahmed,Abdulrahman,عبدالرحمن ناصر أحمد,Male,12/09/1985 14:27:30,Mecca,Street 4,+966,5365368471,Saudi,Christian,^Q5B#ZDwGU,abdulrahman.ahmed372@example.com,2675564843,5993976317,True,Zahra,Abdulrahman,Fahad,Zahra,زهرة عبدالرحمن فهد,Female,12/09/1984 14:27:30,Medina,Street 4,+966,5993976317,Saudi,Christian,zahra.fahad791@example.com,Yv2*Jz*G1L
4900,الأبتدائية,الثانية,و,2025-2026,2764420537,P1523270702,en,Fahad,Ali,Ahmed,Fahad,فهد علي أحمد,Male,12/09/2016 14:27:30,Mecca,Street 4,+966,5546473450,Saudi,Muslim,fahad.ahmed624@example.com,1UCYEBS&se,1635415900,5583289324,True,Ali,Abdulaziz,Ahmed,Ali,علي عبدالعزيز أحمد,Male,12/09/1981 14:27:30,Medina,Street 4,+966,5583289324,Saudi,Muslim,f3Zt1pxe8*,ali.ahmed329@example.com,2327502795,5686889296,False,Atika,Bilal,Omar,Atika,عاتكة بلال عمر,Female,12/09/1981 14:27:30,Medina,Street 1,+966,5686889296,Saudi,Muslim,atika.omar726@example.com,FHyTE(O3qS
4218,الأبتدائية,الثانية,و,2025-2026,1619797756,P2800627817,en,Omar,Ali,Ahmed,Omar,عمر علي أحمد,Male,12/09/2016 14:27:30,Medina,Street 2,+966,5201778131,Saudi,Muslim,omar.ahmed210@example.com,yURZ@1m1!F,1635415900,5583289324,True,Ali,Abdulaziz,Ahmed,Ali,علي عبدالعزيز أحمد,Male,12/09/1981 14:27:30,Medina,Street 4,+966,5583289324,Saudi,Muslim,f3Zt1pxe8*,ali.ahmed329@example.com,2327502795,5686889296,False,Atika,Bilal,Omar,Atika,عاتكة بلال عمر,Female,12/09/1981 14:27:30,Medina,Street 1,+966,5686889296,Saudi,Muslim,atika.omar726@example.com,FHyTE(O3qS
2908,الأبتدائية,الثانية,و,2025-2026,2536815278,P1537244686,en,Akram,Yousef,Idris,Akram,أكرم يوسف إدريس,Male,12/09/2014 14:27:30,Dammam,Street 5,+966,5805015987,Saudi,Muslim,akram.idris342@example.com,fQCaQ^9Z&5,1127630195,5904275016,False,Yousef,Hassan,Idris,Yousef,يوسف حسن إدريس,Male,12/09/1977 14:27:30,Medina,Street 5,+966,5904275016,Saudi,Muslim,(J&T99Xl3J,yousef.idris560@example.com,1263096716,5795305034,True,Amal,Riyad,Hussein,Amal,أمل رياض حسين,Female,12/09/1990 14:27:30,Medina,Street 5,+966,5795305034,Saudi,Muslim,amal.hussein866@example.com,4L(8h)$kB&
4831,الأبتدائية,الثانية,و,2025-2026,2497576499,P2811359617,en,Rania,Omar,Zayne,Rania,رانيا عمر زين,Female,12/09/2014 14:27:30,Mecca,Street 4,+966,5780080084,Saudi,Muslim,rania.zayne110@example.com,z3K!vcRbJ4,2114766324,5766479790,False,Omar,Saud,Zayne,Omar,عمر سعود زين,Male,12/09/1985 14:27:30,Jeddah,Street 1,+966,5766479790,Saudi,Muslim,qw()U1btqE,omar.zayne480@example.com,2102817769,5873960067,True,Lama,Abdullah,Nasser,Lama,لمى عبدالله ناصر,Female,12/09/1988 14:27:30,Medina,Street 4,+966,5873960067,Saudi,Muslim,lama.nasser974@example.com,7h0bW^B3xA
4241,الأبتدائية,الثانية,و,2025-2026,1233466315,P2128944632,en,Nadia,Yousef,Hussein,Nadia,نادية يوسف حسين,Female,12/09/2014 14:27:30,Mecca,Street 2,+966,5296649552,Saudi,Muslim,nadia.hussein824@example.com,@lV7R@@XOv,2163413865,5764945965,True,Yousef,Khalid,Hussein,Yousef,يوسف خالد حسين,Male,12/09/1988 14:27:30,Jeddah,Street 1,+966,5764945965,Saudi,Muslim,hXVP@u6sOz,yousef.hussein320@example.com,1248592897,5180568512,False,Tamadur,Hassan,Turki,Tamadur,تماضر حسن تركي,Female,12/09/1981 14:27:30,Mecca,Street 1,+966,5180568512,Saudi,Muslim,tamadur.turki909@example.com,IGEY)&IaR9
2469,الأبتدائية,الثانية,و,2025-2026,1510210912,P2902006469,en,Zainab,Mohammed,Saud,Zainab,زينب محمد سعود,Female,12/09/2015 14:27:30,Medina,Street 2,+966,5518762894,Saudi,Muslim,zainab.saud208@example.com,)X@jn8JZuv,2724725005,5743348354,False,Mohammed,Akram,Saud,Mohammed,محمد أكرم سعود,Male,12/09/1981 14:27:30,Dammam,Street 4,+966,5743348354,Saudi,Muslim,oqwmfJYu(9,mohammed.saud516@example.com,1967107513,5781881219,True,Rania,Bilal,Ali,Rania,رانيا بلال علي,Female,12/09/1990 14:27:30,Jeddah,Street 4,+966,5781881219,Saudi,Muslim,rania.ali409@example.com,RGl81y^)*f
4968,الأبتدائية,الثانية,و,2025-2026,1630284150,P2316883774,ar,Lina,Mohammed,Saud,Lina,لينا محمد سعود,Female,12/09/2019 14:27:30,Riyadh,Street 1,+966,5815005863,Saudi,Muslim,lina.saud586@example.com,ZkIE3^DeCN,2724725005,5743348354,False,Mohammed,Akram,Saud,Mohammed,محمد أكرم سعود,Male,12/09/1981 14:27:30,Dammam,Street 4,+966,5743348354,Saudi,Muslim,oqwmfJYu(9,mohammed.saud516@example.com,1967107513,5781881219,True,Rania,Bilal,Ali,Rania,رانيا بلال علي,Female,12/09/1990 14:27:30,Jeddah,Street 4,+966,5781881219,Saudi,Muslim,rania.ali409@example.com,RGl81y^)*f
3200,الأبتدائية,الثانية,و,2025-2026,2155581998,P2129760517,en,Haya,Mohammed,Saud,Haya,هيا محمد سعود,Female,12/09/2016 14:27:30,Jeddah,Street 4,+966,5496800040,Saudi,Muslim,haya.saud163@example.com,w$GO#1Sugy,2724725005,5743348354,False,Mohammed,Akram,Saud,Mohammed,محمد أكرم سعود,Male,12/09/1981 14:27:30,Dammam,Street 4,+966,5743348354,Saudi,Muslim,oqwmfJYu(9,mohammed.saud516@example.com,1967107513,5781881219,True,Rania,Bilal,Ali,Rania,رانيا بلال علي,Female,12/09/1990 14:27:30,Jeddah,Street 4,+966,5781881219,Saudi,Muslim,rania.ali409@example.com,RGl81y^)*f
3002,الأبتدائية,الثانية,و,2025-2026,1574398885,P2145519504,ar,Sultan,Khalid,Omar,Sultan,سلطان خالد عمر,Male,12/09/2015 14:27:30,Mecca,Street 3,+966,5221955606,Saudi,Christian,sultan.omar833@example.com,MsHI4xkKw%,2287786423,5515627472,False,Khalid,Omar,Omar,Khalid,خالد عمر عمر,Male,12/09/1986 14:27:30,Jeddah,Street 2,+966,5515627472,Saudi,Christian,qzWv1Zk*@E,khalid.omar984@example.com,1422846453,5191114165,True,Ruqaya,Abdulaziz,Mohammed,Ruqaya,رقية عبدالعزيز محمد,Female,12/09/1992 14:27:30,Riyadh,Street 4,+966,5191114165,Saudi,Christian,ruqaya.mohammed669@example.com,*2$3EUR5ct
5595,الأبتدائية,الثانية,و,2025-2026,1321336701,P1807972149,ar,Hussein,Salem,Hassan,Hussein,حسين سالم حسن,Male,12/09/2015 14:27:30,Dammam,Street 4,+966,5234575831,Saudi,Christian,hussein.hassan475@example.com,v(^25%(zCt,1974433613,5730546635,False,Salem,Akram,Hassan,Salem,سالم أكرم حسن,Male,12/09/1986 14:27:30,Medina,Street 2,+966,5730546635,Saudi,Christian,e3FTMns%8a,salem.hassan990@example.com,1316794632,5276707751,True,Assiya,Hamza,Salem,Assiya,أسيا حمزة سالم,Female,12/09/1990 14:27:30,Jeddah,Street 2,+966,5276707751,Saudi,Christian,assiya.salem278@example.com,i87PSkHpx*
8120,الأبتدائية,الثانية,و,2025-2026,2552116508,P2938831371,en,Sultan,Ali,Sulaiman,Sultan,سلطان علي سليمان,Male,12/09/2017 14:27:30,Medina,Street 2,+966,5905601824,Saudi,Christian,sultan.sulaiman973@example.com,91sCM(xJRw,1142625538,5138089007,True,Ali,Abdullah,Sulaiman,Ali,علي عبدالله سليمان,Male,12/09/1991 14:27:30,Riyadh,Street 4,+966,5138089007,Saudi,Christian,(rp2^E)q)W,ali.sulaiman878@example.com,2173847265,5775965967,False,Maryam,Abdulaziz,Abdulrahman,Maryam,مريم عبدالعزيز عبدالرحمن,Female,12/09/1987 14:27:30,Jeddah,Street 5,+966,5775965967,Saudi,Christian,maryam.abdulrahman632@example.com,gE6f8%H2yL
7764,الأبتدائية,الثانية,و,2025-2026,2681237300,P2442379807,ar,Sultan,Ibrahim,Hassan,Sultan,سلطان إبراهيم حسن,Male,12/09/2019 14:27:30,Dammam,Street 5,+966,5437136917,Saudi,Christian,sultan.hassan325@example.com,@89yd%$mJ7,2279542036,5152741400,True,Ibrahim,Salman,Hassan,Ibrahim,إبراهيم سلمان حسن,Male,12/09/1992 14:27:30,Riyadh,Street 3,+966,5152741400,Saudi,Christian,*k^O*dTkK4,ibrahim.hassan822@example.com,2635232144,5342005696,False,Maryam,Ismail,Bilal,Maryam,مريم إسماعيل بلال,Female,12/09/1991 14:27:30,Mecca,Street 5,+966,5342005696,Saudi,Christian,maryam.bilal481@example.com,!Jcr$VI1OL
6128,الأبتدائية,الثانية,و,2025-2026,1782538020,P2637968860,ar,Abdulaziz,Saud,Sulaiman,Abdulaziz,عبدالعزيز سعود سليمان,Male,12/09/2015 14:27:30,Jeddah,Street 5,+966,5746465953,Saudi,Christian,abdulaziz.sulaiman608@example.com,xtAxs*3Oii,2452267015,5362910114,True,Saud,Abdulaziz,Sulaiman,Saud,سعود عبدالعزيز سليمان,Male,12/09/1985 14:27:30,Mecca,Street 2,+966,5362910114,Saudi,Christian,q##T3p(wy@,saud.sulaiman113@example.com,1419924531,5279900723,False,Sara,Tariq,Ahmed,Sara,سارة طارق أحمد,Female,12/09/1989 14:27:30,Dammam,Street 1,+966,5279900723,Saudi,Christian,sara.ahmed785@example.com,B5FCTaJv%R
8041,الأبتدائية,الثانية,و,2025-2026,2657519772,P1516857929,en,Zayne,Abdulaziz,Sultan,Zayne,زين عبدالعزيز سلطان,Male,12/09/2018 14:27:30,Medina,Street 4,+966,5320610286,Saudi,Christian,zayne.sultan250@example.com,JUq#$YSyK9,1252980668,5652696111,False,Abdulaziz,Yousef,Sultan,Abdulaziz,عبدالعزيز يوسف سلطان,Male,12/09/1978 14:27:30,Medina,Street 5,+966,5652696111,Saudi,Christian,FZXgZ&Wa4&,abdulaziz.sultan291@example.com,1394140589,5280680599,True,Lubaba,Salem,Abdulaziz,Lubaba,لبابة سالم عبدالعزيز,Female,12/09/1987 14:27:30,Medina,Street 3,+966,5280680599,Saudi,Christian,lubaba.abdulaziz372@example.com,e(tT9E4ALm
4461,الأبتدائية,الثانية,و,2025-2026,2234215123,P2480099679,ar,Nadia,Omar,Ali,Nadia,نادية عمر علي,Female,12/09/2017 14:27:30,Riyadh,Street 2,+966,5953213672,Saudi,Christian,nadia.ali457@example.com,0bCC#LI%TS,1474399955,5677539914,True,Omar,Ismail,Ali,Omar,عمر إسماعيل علي,Male,12/09/1977 14:27:30,Dammam,Street 4,+966,5677539914,Saudi,Christian,RJyWy*h^j8,omar.ali198@example.com,1157166635,5315389215,False,Lina,Sulaiman,Ibrahim,Lina,لينا سليمان إبراهيم,Female,12/09/1989 14:27:30,Mecca,Street 3,+966,5315389215,Saudi,Christian,lina.ibrahim621@example.com,3biM&K8IE3
8429,الأبتدائية,الثانية,و,2025-2026,1589755966,P2324146006,ar,Atika,Hussein,Bilal,Atika,عاتكة حسين بلال,Female,12/09/2015 14:27:30,Jeddah,Street 1,+966,5326910668,Saudi,Muslim,atika.bilal146@example.com,2Ctfw1N$N(,2214777727,5362001069,False,Hussein,Abdulaziz,Bilal,Hussein,حسين عبدالعزيز بلال,Male,12/09/1988 14:27:30,Dammam,Street 2,+966,5362001069,Saudi,Muslim,oKB!z4(RA2,hussein.bilal348@example.com,1329259107,5977421406,True,Nora,Salem,Omar,Nora,نورا سالم عمر,Female,12/09/1981 14:27:30,Jeddah,Street 5,+966,5977421406,Saudi,Muslim,nora.omar973@example.com,@ik#9Xu2LH
6888,الأبتدائية,الثانية,و,2025-2026,2106225377,P1271140293,en,Salman,Hussein,Bilal,Salman,سلمان حسين بلال,Male,12/09/2015 14:27:30,Riyadh,Street 4,+966,5457048838,Saudi,Muslim,salman.bilal188@example.com,^cpN)P2Qzw,2214777727,5362001069,False,Hussein,Abdulaziz,Bilal,Hussein,حسين عبدالعزيز بلال,Male,12/09/1988 14:27:30,Dammam,Street 2,+966,5362001069,Saudi,Muslim,oKB!z4(RA2,hussein.bilal348@example.com,1329259107,5977421406,True,Nora,Salem,Omar,Nora,نورا سالم عمر,Female,12/09/1981 14:27:30,Jeddah,Street 5,+966,5977421406,Saudi,Muslim,nora.omar973@example.com,@ik#9Xu2LH
3494,الأبتدائية,الثانية,و,2025-2026,2215986618,P2780895158,en,Sara,Riyad,Tariq,Sara,سارة رياض طارق,Female,12/09/2018 14:27:30,Riyadh,Street 5,+966,5271645120,Saudi,Christian,sara.tariq552@example.com,w%j0(*qVh2,1946569008,5288004951,True,Riyad,Khalid,Tariq,Riyad,رياض خالد طارق,Male,12/09/1989 14:27:30,Riyadh,Street 3,+966,5288004951,Saudi,Christian,!yEcLzPg52,riyad.tariq516@example.com,1770432281,5598773191,False,Rania,Fahad,Abdullah,Rania,رانيا فهد عبدالله,Female,12/09/1992 14:27:30,Medina,Street 5,+966,5598773191,Saudi,Christian,rania.abdullah940@example.com,RvP^1Q)VNv
5307,الأبتدائية,الثانية,و,2025-2026,2553630494,P1544323157,ar,Reem,Riyad,Tariq,Reem,ريم رياض طارق,Female,12/09/2018 14:27:30,Dammam,Street 5,+966,5914370722,Saudi,Christian,reem.tariq863@example.com,VJ4#Nq3*X),1946569008,5288004951,True,Riyad,Khalid,Tariq,Riyad,رياض خالد طارق,Male,12/09/1989 14:27:30,Riyadh,Street 3,+966,5288004951,Saudi,Christian,!yEcLzPg52,riyad.tariq516@example.com,1770432281,5598773191,False,Rania,Fahad,Abdullah,Rania,رانيا فهد عبدالله,Female,12/09/1992 14:27:30,Medina,Street 5,+966,5598773191,Saudi,Christian,rania.abdullah940@example.com,RvP^1Q)VNv
1201,الأبتدائية,الثانية,و,2025-2026,2359474161,P1106206434,en,Khalid,Salman,Riyad,Khalid,خالد سلمان رياض,Male,12/09/2018 14:27:30,Mecca,Street 3,+966,5846596068,Saudi,Muslim,khalid.riyad719@example.com,GZE^u4ad!O,1121471674,5534239946,True,Salman,Ibrahim,Riyad,Salman,سلمان إبراهيم رياض,Male,12/09/1989 14:27:30,Medina,Street 2,+966,5534239946,Saudi,Muslim,X7Ph82rus!,salman.riyad890@example.com,2419979705,5738861747,False,Aaliyah,Abdulaziz,Ibrahim,Aaliyah,عالية عبدالعزيز إبراهيم,Female,12/09/1984 14:27:30,Mecca,Street 5,+966,5738861747,Saudi,Muslim,aaliyah.ibrahim237@example.com,vJSp(yW80B
7562,الأبتدائية,الثانية,و,2025-2026,2986256066,P1466916041,ar,Hassan,Hamza,Ibrahim,Hassan,حسن حمزة إبراهيم,Male,12/09/2018 14:27:30,Dammam,Street 4,+966,5383248377,Saudi,Muslim,hassan.ibrahim177@example.com,qnt6iE#O%2,2602050733,5994868727,True,Hamza,Nasser,Ibrahim,Hamza,حمزة ناصر إبراهيم,Male,12/09/1976 14:27:30,Mecca,Street 2,+966,5994868727,Saudi,Muslim,HY*#NS24mF,hamza.ibrahim218@example.com,2261236869,5198192356,False,Rania,Ibrahim,Hussein,Rania,رانيا إبراهيم حسين,Female,12/09/1987 14:27:30,Medina,Street 5,+966,5198192356,Saudi,Muslim,rania.hussein591@example.com,8MczrHcsT@
6508,الأبتدائية,الثانية,و,2025-2026,2831734752,P2560529117,en,Aaliyah,Hamza,Ibrahim,Aaliyah,عالية حمزة إبراهيم,Female,12/09/2019 14:27:30,Riyadh,Street 2,+966,5629490413,Saudi,Muslim,aaliyah.ibrahim372@example.com,xf(fEs9dEO,2602050733,5994868727,True,Hamza,Nasser,Ibrahim,Hamza,حمزة ناصر إبراهيم,Male,12/09/1976 14:27:30,Mecca,Street 2,+966,5994868727,Saudi,Muslim,HY*#NS24mF,hamza.ibrahim218@example.com,2261236869,5198192356,False,Rania,Ibrahim,Hussein,Rania,رانيا إبراهيم حسين,Female,12/09/1987 14:27:30,Medina,Street 5,+966,5198192356,Saudi,Muslim,rania.hussein591@example.com,8MczrHcsT@
3853,الأبتدائية,الثالثة,ز,2025-2026,1256760210,P2327774101,en,Reem,Mohammed,Zayne,Reem,ريم محمد زين,Female,12/09/2017 14:27:30,Dammam,Street 1,+966,5374320499,Saudi,Christian,reem.zayne961@example.com,*9FRq5D93e,2973750843,5115591609,False,Mohammed,Abdulrahman,Zayne,Mohammed,محمد عبدالرحمن زين,Male,12/09/1992 14:27:30,Riyadh,Street 4,+966,5115591609,Saudi,Christian,gVCycY@H6d,mohammed.zayne920@example.com,1953115401,5529715945,True,Hanan,Hassan,Mohammed,Hanan,حنان حسن محمد,Female,12/09/1995 14:27:30,Mecca,Street 3,+966,5529715945,Saudi,Christian,hanan.mohammed407@example.com,B!l9Ir#36X
6009,الأبتدائية,الثالثة,ز,2025-2026,2551279774,P1166110271,ar,Sara,Turki,Abdullah,Sara,سارة تركي عبدالله,Female,12/09/2014 14:27:30,Riyadh,Street 3,+966,5788444915,Saudi,Christian,sara.abdullah815@example.com,OIX7f&x8@n,1705327607,5536884760,False,Turki,Ismail,Abdullah,Turki,تركي إسماعيل عبدالله,Male,12/09/1982 14:27:30,Jeddah,Street 5,+966,5536884760,Saudi,Christian,3Xi@KTor8n,turki.abdullah426@example.com,1634848984,5342125721,True,Maha,Yousef,Yousef,Maha,مها يوسف يوسف,Female,12/09/1988 14:27:30,Jeddah,Street 4,+966,5342125721,Saudi,Christian,maha.yousef572@example.com,6FkbE$mYt9
7068,الأبتدائية,الثالثة,ز,2025-2026,1371972728,P1591890910,en,Hassan,Hussein,Ali,Hassan,حسن حسين علي,Male,12/09/2019 14:27:30,Medina,Street 3,+966,5681751933,Saudi,Christian,hassan.ali302@example.com,Jpv6Mm^7Q),1349689495,5608131081,True,Hussein,Yousef,Ali,Hussein,حسين يوسف علي,Male,12/09/1995 14:27:30,Medina,Street 3,+966,5608131081,Saudi,Christian,8m7h#@YjyO,hussein.ali770@example.com,2476194543,5903129353,False,Haya,Sultan,Turki,Haya,هيا سلطان تركي,Female,12/09/1985 14:27:30,Jeddah,Street 3,+966,5903129353,Saudi,Christian,haya.turki237@example.com,**5&^4crFx
5384,الأبتدائية,الثالثة,ز,2025-2026,2805092512,P2681420328,en,Abdulrahman,Hussein,Ali,Abdulrahman,عبدالرحمن حسين علي,Male,12/09/2019 14:27:30,Jeddah,Street 1,+966,5730274861,Saudi,Christian,abdulrahman.ali600@example.com,cPIR%(8d06,1349689495,5608131081,True,Hussein,Yousef,Ali,Hussein,حسين يوسف علي,Male,12/09/1995 14:27:30,Medina,Street 3,+966,5608131081,Saudi,Christian,8m7h#@YjyO,hussein.ali770@example.com,2476194543,5903129353,False,Haya,Sultan,Turki,Haya,هيا سلطان تركي,Female,12/09/1985 14:27:30,Jeddah,Street 3,+966,5903129353,Saudi,Christian,haya.turki237@example.com,**5&^4crFx
6072,الأبتدائية,الثالثة,ز,2025-2026,1701731759,P2165795372,en,Riyad,Tariq,Riyad,Riyad,رياض طارق رياض,Male,12/09/2019 14:27:30,Medina,Street 5,+966,5105366751,Saudi,Muslim,riyad.riyad125@example.com,NSa$WW$8Q7,2829953992,5355701017,False,Tariq,Akram,Riyad,Tariq,طارق أكرم رياض,Male,12/09/1983 14:27:30,Dammam,Street 1,+966,5355701017,Saudi,Muslim,qucaRc!3%8,tariq.riyad409@example.com,2281126291,5920320323,True,Nora,Salem,Sultan,Nora,نورا سالم سلطان,Female,12/09/1989 14:27:30,Jeddah,Street 3,+966,5920320323,Saudi,Muslim,nora.sultan488@example.com,yl@slE(1do
6741,الأبتدائية,الثالثة,ز,2025-2026,1593984912,P2703672803,en,Turki,Tariq,Riyad,Turki,تركي طارق رياض,Male,12/09/2018 14:27:30,Riyadh,Street 2,+966,5621032819,Saudi,Muslim,turki.riyad825@example.com,E)74mPwrMD,2829953992,5355701017,False,Tariq,Akram,Riyad,Tariq,طارق أكرم رياض,Male,12/09/1983 14:27:30,Dammam,Street 1,+966,5355701017,Saudi,Muslim,qucaRc!3%8,tariq.riyad409@example.com,2281126291,5920320323,True,Nora,Salem,Sultan,Nora,نورا سالم سلطان,Female,12/09/1989 14:27:30,Jeddah,Street 3,+966,5920320323,Saudi,Muslim,nora.sultan488@example.com,yl@slE(1do
7389,الأبتدائية,الثالثة,ز,2025-2026,1480882151,P2141232657,en,Yasmin,Akram,Akram,Yasmin,ياسمين أكرم أكرم,Female,12/09/2016 14:27:30,Mecca,Street 4,+966,5639504298,Saudi,Christian,yasmin.akram474@example.com,6eio60Xm#&,2608067899,5378784708,True,Akram,Yousef,Akram,Akram,أكرم يوسف أكرم,Male,12/09/1977 14:27:30,Medina,Street 3,+966,5378784708,Saudi,Christian,(L6$H0eens,akram.akram823@example.com,2822921174,5178545978,False,Lubaba,Yousef,Ali,Lubaba,لبابة يوسف علي,Female,12/09/1986 14:27:30,Mecca,Street 1,+966,5178545978,Saudi,Christian,lubaba.ali357@example.com,t85UC5cv@d
7229,الأبتدائية,الثالثة,ز,2025-2026,1354025982,P1360826481,en,Maryam,Akram,Sultan,Maryam,مريم أكرم سلطان,Female,12/09/2018 14:27:30,Riyadh,Street 2,+966,5298060432,Saudi,Christian,maryam.sultan170@example.com,BQh!by@1&u,2672218638,5454217876,True,Akram,Ali,Sultan,Akram,أكرم علي سلطان,Male,12/09/1976 14:27:30,Riyadh,Street 3,+966,5454217876,Saudi,Christian,%cNtp87N9n,akram.sultan421@example.com,1332940118,5404128569,False,Nora,Hamza,Ismail,Nora,نورا حمزة إسماعيل,Female,12/09/1988 14:27:30,Dammam,Street 5,+966,5404128569,Saudi,Christian,nora.ismail440@example.com,I3s^Ru$oAU
3850,الأبتدائية,الثالثة,ز,2025-2026,2998657936,P2199738963,en,Riyad,Ahmed,Akram,Riyad,رياض أحمد أكرم,Male,12/09/2015 14:27:30,Medina,Street 4,+966,5530675730,Saudi,Muslim,riyad.akram711@example.com,0!y*a1aeV9,1529880061,5743891445,False,Ahmed,Fahad,Akram,Ahmed,أحمد فهد أكرم,Male,12/09/1977 14:27:30,Dammam,Street 5,+966,5743891445,Saudi,Muslim,htJA9)RwQ#,ahmed.akram710@example.com,1242987134,5897195433,True,Safiyyah,Bilal,Ismail,Safiyyah,صفية بلال إسماعيل,Female,12/09/1988 14:27:30,Dammam,Street 5,+966,5897195433,Saudi,Muslim,safiyyah.ismail327@example.com,D(L&%t89mb
1652,الأبتدائية,الثالثة,ز,2025-2026,1686616119,P1888615298,ar,Akram,Saud,Hussein,Akram,أكرم سعود حسين,Male,12/09/2015 14:27:30,Medina,Street 5,+966,5747228703,Saudi,Christian,akram.hussein938@example.com,&HF2s8CGNJ,2115848321,5906358731,True,Saud,Fahad,Hussein,Saud,سعود فهد حسين,Male,12/09/1977 14:27:30,Mecca,Street 5,+966,5906358731,Saudi,Christian,8kUG)ot^41,saud.hussein901@example.com,1727716751,5345166232,False,Layla,Hamza,Ahmed,Layla,ليلى حمزة أحمد,Female,12/09/1983 14:27:30,Jeddah,Street 1,+966,5345166232,Saudi,Christian,layla.ahmed842@example.com,7I5&#$4GiQ
2632,الأبتدائية,الثالثة,ز,2025-2026,1776921822,P1905806814,en,Lubaba,Saud,Hussein,Lubaba,لبابة سعود حسين,Female,12/09/2016 14:27:30,Dammam,Street 4,+966,5672890162,Saudi,Christian,lubaba.hussein794@example.com,(@5WwRS@BX,2115848321,5906358731,True,Saud,Fahad,Hussein,Saud,سعود فهد حسين,Male,12/09/1977 14:27:30,Mecca,Street 5,+966,5906358731,Saudi,Christian,8kUG)ot^41,saud.hussein901@example.com,1727716751,5345166232,False,Layla,Hamza,Ahmed,Layla,ليلى حمزة أحمد,Female,12/09/1983 14:27:30,Jeddah,Street 1,+966,5345166232,Saudi,Christian,layla.ahmed842@example.com,7I5&#$4GiQ
1651,الأبتدائية,الثالثة,ز,2025-2026,2984247638,P1108446968,en,Aaliyah,Yousef,Nasser,Aaliyah,عالية يوسف ناصر,Female,12/09/2019 14:27:30,Mecca,Street 3,+966,5874968414,Saudi,Muslim,aaliyah.nasser278@example.com,&QNDp2!!0f,1316696122,5944951339,False,Yousef,Ali,Nasser,Yousef,يوسف علي ناصر,Male,12/09/1980 14:27:30,Riyadh,Street 2,+966,5944951339,Saudi,Muslim,d8O#HPFy6Y,yousef.nasser318@example.com,2524733430,5650851564,True,Khadijah,Ismail,Abdulaziz,Khadijah,خديجة إسماعيل عبدالعزيز,Female,12/09/1986 14:27:30,Medina,Street 5,+966,5650851564,Saudi,Muslim,khadijah.abdulaziz978@example.com,(g2mIJao%Z
4868,الأبتدائية,الثالثة,ز,2025-2026,2608658913,P2532209831,ar,Tamadur,Yousef,Nasser,Tamadur,تماضر يوسف ناصر,Female,12/09/2019 14:27:30,Jeddah,Street 1,+966,5296718997,Saudi,Muslim,tamadur.nasser942@example.com,M8KOf3xA5$,1316696122,5944951339,False,Yousef,Ali,Nasser,Yousef,يوسف علي ناصر,Male,12/09/1980 14:27:30,Riyadh,Street 2,+966,5944951339,Saudi,Muslim,d8O#HPFy6Y,yousef.nasser318@example.com,2524733430,5650851564,True,Khadijah,Ismail,Abdulaziz,Khadijah,خديجة إسماعيل عبدالعزيز,Female,12/09/1986 14:27:30,Medina,Street 5,+966,5650851564,Saudi,Muslim,khadijah.abdulaziz978@example.com,(g2mIJao%Z
2698,الأبتدائية,الثالثة,ز,2025-2026,1690904972,P1377834460,ar,Lina,Yousef,Nasser,Lina,لينا يوسف ناصر,Female,12/09/2017 14:27:30,Jeddah,Street 5,+966,5516105218,Saudi,Muslim,lina.nasser607@example.com,l2e@N^nS&^,1316696122,5944951339,False,Yousef,Ali,Nasser,Yousef,يوسف علي ناصر,Male,12/09/1980 14:27:30,Riyadh,Street 2,+966,5944951339,Saudi,Muslim,d8O#HPFy6Y,yousef.nasser318@example.com,2524733430,5650851564,True,Khadijah,Ismail,Abdulaziz,Khadijah,خديجة إسماعيل عبدالعزيز,Female,12/09/1986 14:27:30,Medina,Street 5,+966,5650851564,Saudi,Muslim,khadijah.abdulaziz978@example.com,(g2mIJao%Z
2603,الأبتدائية,الثالثة,ز,2025-2026,1711525493,P2858272252,en,Maha,Zayne,Ibrahim,Maha,مها زين إبراهيم,Female,12/09/2017 14:27:30,Riyadh,Street 1,+966,5327141140,Saudi,Christian,maha.ibrahim643@example.com,RxYKf9(0&s,1358029725,5296503713,False,Zayne,Bilal,Ibrahim,Zayne,زين بلال إبراهيم,Male,12/09/1991 14:27:30,Medina,Street 5,+966,5296503713,Saudi,Christian,b92FR$Sp8D,zayne.ibrahim256@example.com,1823330630,5589672439,True,Aaliyah,Fahad,Abdulaziz,Aaliyah,عالية فهد عبدالعزيز,Female,12/09/1996 14:27:30,Riyadh,Street 3,+966,5589672439,Saudi,Christian,aaliyah.abdulaziz109@example.com,a)^e6WU1#l
5564,الأبتدائية,الثالثة,ز,2025-2026,1962026804,P2857442091,ar,Lubaba,Zayne,Ibrahim,Lubaba,لبابة زين إبراهيم,Female,12/09/2018 14:27:30,Jeddah,Street 4,+966,5387841406,Saudi,Christian,lubaba.ibrahim197@example.com,DT16iCuCX#,1358029725,5296503713,False,Zayne,Bilal,Ibrahim,Zayne,زين بلال إبراهيم,Male,12/09/1991 14:27:30,Medina,Street 5,+966,5296503713,Saudi,Christian,b92FR$Sp8D,zayne.ibrahim256@example.com,1823330630,5589672439,True,Aaliyah,Fahad,Abdulaziz,Aaliyah,عالية فهد عبدالعزيز,Female,12/09/1996 14:27:30,Riyadh,Street 3,+966,5589672439,Saudi,Christian,aaliyah.abdulaziz109@example.com,a)^e6WU1#l
6565,الأبتدائية,الثالثة,ز,2025-2026,1526679335,P1665444837,ar,Tariq,Ibrahim,Ahmed,Tariq,طارق إبراهيم أحمد,Male,12/09/2014 14:27:30,Riyadh,Street 1,+966,5642295683,Saudi,Muslim,tariq.ahmed516@example.com,*g%tX5iDWA,2679039069,5636634960,False,Ibrahim,Ahmed,Ahmed,Ibrahim,إبراهيم أحمد أحمد,Male,12/09/1984 14:27:30,Riyadh,Street 4,+966,5636634960,Saudi,Muslim,cK)jCf964P,ibrahim.ahmed268@example.com,1384840863,5451699191,True,Lubaba,Ali,Ibrahim,Lubaba,لبابة علي إبراهيم,Female,12/09/1983 14:27:30,Mecca,Street 2,+966,5451699191,Saudi,Muslim,lubaba.ibrahim871@example.com,CaHr2QpU^G
4032,الأبتدائية,الثالثة,ز,2025-2026,1579057583,P2232223076,en,Assiya,Akram,Hussein,Assiya,أسيا أكرم حسين,Female,12/09/2018 14:27:30,Dammam,Street 3,+966,5914249354,Saudi,Christian,assiya.hussein494@example.com,vwxO4k$Av),2361393162,5399391154,True,Akram,Turki,Hussein,Akram,أكرم تركي حسين,Male,12/09/1995 14:27:30,Medina,Street 3,+966,5399391154,Saudi,Christian,PRt88P&cK2,akram.hussein360@example.com,2404343515,5397083384,False,Aaliyah,Hussein,Mahdi,Aaliyah,عالية حسين مهدي,Female,12/09/1985 14:27:30,Mecca,Street 4,+966,5397083384,Saudi,Christian,aaliyah.mahdi828@example.com,!3FSr4Q@!x
4260,الأبتدائية,الثالثة,ز,2025-2026,2353452095,P1952692934,en,Atika,Akram,Hussein,Atika,عاتكة أكرم حسين,Female,12/09/2015 14:27:30,Medina,Street 5,+966,5289908718,Saudi,Christian,atika.hussein309@example.com,A!SGXv7Rqc,2361393162,5399391154,True,Akram,Turki,Hussein,Akram,أكرم تركي حسين,Male,12/09/1995 14:27:30,Medina,Street 3,+966,5399391154,Saudi,Christian,PRt88P&cK2,akram.hussein360@example.com,2404343515,5397083384,False,Aaliyah,Hussein,Mahdi,Aaliyah,عالية حسين مهدي,Female,12/09/1985 14:27:30,Mecca,Street 4,+966,5397083384,Saudi,Christian,aaliyah.mahdi828@example.com,!3FSr4Q@!x
4113,الأبتدائية,الثالثة,ز,2025-2026,2592876151,P2117224213,en,Hamza,Abdulaziz,Omar,Hamza,حمزة عبدالعزيز عمر,Male,12/09/2015 14:27:30,Riyadh,Street 2,+966,5438726902,Saudi,Muslim,hamza.omar837@example.com,#&S&WzMI(5,1934300975,5747251028,True,Abdulaziz,Ahmed,Omar,Abdulaziz,عبدالعزيز أحمد عمر,Male,12/09/1990 14:27:30,Dammam,Street 3,+966,5747251028,Saudi,Muslim,M%4mJV@zaK,abdulaziz.omar322@example.com,2635283341,5405089489,False,Atika,Tariq,Yousef,Atika,عاتكة طارق يوسف,Female,12/09/1985 14:27:30,Jeddah,Street 4,+966,5405089489,Saudi,Muslim,atika.yousef741@example.com,cBcj*4JYJ!
5630,الأبتدائية,الثالثة,ز,2025-2026,1254152951,P2523435043,ar,Tamadur,Abdulaziz,Omar,Tamadur,تماضر عبدالعزيز عمر,Female,12/09/2015 14:27:30,Dammam,Street 3,+966,5592967540,Saudi,Muslim,tamadur.omar699@example.com,Q6Lv@l3YZL,1934300975,5747251028,True,Abdulaziz,Ahmed,Omar,Abdulaziz,عبدالعزيز أحمد عمر,Male,12/09/1990 14:27:30,Dammam,Street 3,+966,5747251028,Saudi,Muslim,M%4mJV@zaK,abdulaziz.omar322@example.com,2635283341,5405089489,False,Atika,Tariq,Yousef,Atika,عاتكة طارق يوسف,Female,12/09/1985 14:27:30,Jeddah,Street 4,+966,5405089489,Saudi,Muslim,atika.yousef741@example.com,cBcj*4JYJ!
4461,الأبتدائية,الثالثة,ز,2025-2026,1931213316,P1671474856,ar,Bilal,Hassan,Abdulrahman,Bilal,بلال حسن عبدالرحمن,Male,12/09/2016 14:27:30,Mecca,Street 2,+966,5839053288,Saudi,Muslim,bilal.abdulrahman324@example.com,)k6(3Nkmd*,2702365352,5458663661,True,Hassan,Hussein,Abdulrahman,Hassan,حسن حسين عبدالرحمن,Male,12/09/1976 14:27:30,Riyadh,Street 5,+966,5458663661,Saudi,Muslim,zy4S!!EOse,hassan.abdulrahman633@example.com,2792553061,5920120173,False,Maha,Sulaiman,Ali,Maha,مها سليمان علي,Female,12/09/1991 14:27:30,Riyadh,Street 5,+966,5920120173,Saudi,Muslim,maha.ali911@example.com,&8qe9)A)Vg
7422,الأبتدائية,الثالثة,ز,2025-2026,2292058059,P1994571415,ar,Idris,Turki,Nasser,Idris,إدريس تركي ناصر,Male,12/09/2018 14:27:30,Mecca,Street 3,+966,5224064734,Saudi,Muslim,idris.nasser283@example.com,^6ZS$q$th6,2676313704,5998599731,False,Turki,Hamza,Nasser,Turki,تركي حمزة ناصر,Male,12/09/1981 14:27:30,Dammam,Street 4,+966,5998599731,Saudi,Muslim,#7)f2EFqeW,turki.nasser573@example.com,1116449693,5325661561,True,Lina,Hamza,Sulaiman,Lina,لينا حمزة سليمان,Female,12/09/1992 14:27:30,Jeddah,Street 4,+966,5325661561,Saudi,Muslim,lina.sulaiman437@example.com,Bji6#HP8wJ
8149,الأبتدائية,الثالثة,ز,2025-2026,2985267464,P1194630043,ar,Salma,Saud,Sulaiman,Salma,سلمى سعود سليمان,Female,12/09/2018 14:27:30,Mecca,Street 5,+966,5253322252,Saudi,Christian,salma.sulaiman843@example.com,#EvgO7ev%q,2343660102,5646522032,True,Saud,Ibrahim,Sulaiman,Saud,سعود إبراهيم سليمان,Male,12/09/1976 14:27:30,Riyadh,Street 1,+966,5646522032,Saudi,Christian,L6a27LXC$1,saud.sulaiman994@example.com,2737172113,5552754150,False,Sara,Abdulrahman,Abdullah,Sara,سارة عبدالرحمن عبدالله,Female,12/09/1995 14:27:30,Dammam,Street 4,+966,5552754150,Saudi,Christian,sara.abdullah478@example.com,gU^9O0Qjo4
8727,الأبتدائية,الثالثة,ز,2025-2026,2671778720,P2126531431,en,Abdulrahman,Sultan,Zaid,Abdulrahman,عبدالرحمن سلطان زيد,Male,12/09/2016 14:27:30,Medina,Street 4,+966,5216643422,Saudi,Christian,abdulrahman.zaid158@example.com,mLpz(SP1&K,1181649212,5962815710,True,Sultan,Nasser,Zaid,Sultan,سلطان ناصر زيد,Male,12/09/1994 14:27:30,Mecca,Street 5,+966,5962815710,Saudi,Christian,FL&ZLk6OTs,sultan.zaid906@example.com,1201051734,5416095516,False,Haya,Abdulaziz,Abdullah,Haya,هيا عبدالعزيز عبدالله,Female,12/09/1992 14:27:30,Mecca,Street 3,+966,5416095516,Saudi,Christian,haya.abdullah766@example.com,iS$k^S8u3t
8315,الأبتدائية,الثالثة,ز,2025-2026,2424024603,P1588799490,ar,Haya,Akram,Zayne,Haya,هيا أكرم زين,Female,12/09/2015 14:27:30,Dammam,Street 4,+966,5799187525,Saudi,Muslim,haya.zayne701@example.com,ZtdWs%9F9w,2269285081,5405687583,True,Akram,Hamza,Zayne,Akram,أكرم حمزة زين,Male,12/09/1986 14:27:30,Riyadh,Street 1,+966,5405687583,Saudi,Muslim,G!^!D09p!9,akram.zayne637@example.com,2791411891,5689282961,False,Maha,Bilal,Mohammed,Maha,مها بلال محمد,Female,12/09/1983 14:27:30,Dammam,Street 2,+966,5689282961,Saudi,Muslim,maha.mohammed448@example.com,d*rALxh9O(
3676,الأبتدائية,الثالثة,ز,2025-2026,1533205689,P1271208015,ar,Bilal,Akram,Zayne,Bilal,بلال أكرم زين,Male,12/09/2018 14:27:30,Jeddah,Street 4,+966,5881688969,Saudi,Muslim,bilal.zayne783@example.com,%D7lizH@od,2269285081,5405687583,True,Akram,Hamza,Zayne,Akram,أكرم حمزة زين,Male,12/09/1986 14:27:30,Riyadh,Street 1,+966,5405687583,Saudi,Muslim,G!^!D09p!9,akram.zayne637@example.com,2791411891,5689282961,False,Maha,Bilal,Mohammed,Maha,مها بلال محمد,Female,12/09/1983 14:27:30,Dammam,Street 2,+966,5689282961,Saudi,Muslim,maha.mohammed448@example.com,d*rALxh9O(
3756,الأبتدائية,الثالثة,ز,2025-2026,1839729632,P1179215283,en,Rania,Akram,Zayne,Rania,رانيا أكرم زين,Female,12/09/2018 14:27:30,Dammam,Street 5,+966,5997165000,Saudi,Muslim,rania.zayne417@example.com,buM2Bnk(4L,2269285081,5405687583,True,Akram,Hamza,Zayne,Akram,أكرم حمزة زين,Male,12/09/1986 14:27:30,Riyadh,Street 1,+966,5405687583,Saudi,Muslim,G!^!D09p!9,akram.zayne637@example.com,2791411891,5689282961,False,Maha,Bilal,Mohammed,Maha,مها بلال محمد,Female,12/09/1983 14:27:30,Dammam,Street 2,+966,5689282961,Saudi,Muslim,maha.mohammed448@example.com,d*rALxh9O(
7277,الأبتدائية,الثالثة,ز,2025-2026,1353213217,P1393668241,en,Lubaba,Bilal,Bilal,Lubaba,لبابة بلال بلال,Female,12/09/2017 14:27:30,Jeddah,Street 4,+966,5314796316,Saudi,Christian,lubaba.bilal458@example.com,CBZs&y4*uw,1232001113,5649062378,True,Bilal,Zayne,Bilal,Bilal,بلال زين بلال,Male,12/09/1978 14:27:30,Dammam,Street 4,+966,5649062378,Saudi,Christian,@aiJQs7rtz,bilal.bilal576@example.com,2738345563,5656182243,False,Hanan,Salem,Fahad,Hanan,حنان سالم فهد,Female,12/09/1996 14:27:30,Medina,Street 3,+966,5656182243,Saudi,Christian,hanan.fahad314@example.com,wdkPi9G)5#
7363,الأبتدائية,الثالثة,ز,2025-2026,2943299442,P1581702488,en,Bilal,Bilal,Bilal,Bilal,بلال بلال بلال,Male,12/09/2014 14:27:30,Dammam,Street 3,+966,5331384073,Saudi,Christian,bilal.bilal726@example.com,3Dtzh*0gqB,1232001113,5649062378,True,Bilal,Zayne,Bilal,Bilal,بلال زين بلال,Male,12/09/1978 14:27:30,Dammam,Street 4,+966,5649062378,Saudi,Christian,@aiJQs7rtz,bilal.bilal576@example.com,2738345563,5656182243,False,Hanan,Salem,Fahad,Hanan,حنان سالم فهد,Female,12/09/1996 14:27:30,Medina,Street 3,+966,5656182243,Saudi,Christian,hanan.fahad314@example.com,wdkPi9G)5#
1262,الأبتدائية,الثالثة,ح,2025-2026,2829736252,P1110012512,en,Haya,Abdullah,Salman,Haya,هيا عبدالله سلمان,Female,12/09/2016 14:27:30,Mecca,Street 4,+966,5137293048,Saudi,Christian,haya.salman294@example.com,8j86Z!K04*,1475972892,5900845075,True,Abdullah,Riyad,Salman,Abdullah,عبدالله رياض سلمان,Male,12/09/1985 14:27:30,Riyadh,Street 1,+966,5900845075,Saudi,Christian,)RA1mMrt^5,abdullah.salman470@example.com,1984515403,5337268970,False,Maha,Mahdi,Sultan,Maha,مها مهدي سلطان,Female,12/09/1983 14:27:30,Jeddah,Street 3,+966,5337268970,Saudi,Christian,maha.sultan706@example.com,&W&B1FkGgx
4150,الأبتدائية,الثالثة,ح,2025-2026,2517295053,P1295815707,ar,Zayne,Abdullah,Salman,Zayne,زين عبدالله سلمان,Male,12/09/2016 14:27:30,Jeddah,Street 4,+966,5572695251,Saudi,Christian,zayne.salman921@example.com,f4CAxc*Dz5,1475972892,5900845075,True,Abdullah,Riyad,Salman,Abdullah,عبدالله رياض سلمان,Male,12/09/1985 14:27:30,Riyadh,Street 1,+966,5900845075,Saudi,Christian,)RA1mMrt^5,abdullah.salman470@example.com,1984515403,5337268970,False,Maha,Mahdi,Sultan,Maha,مها مهدي سلطان,Female,12/09/1983 14:27:30,Jeddah,Street 3,+966,5337268970,Saudi,Christian,maha.sultan706@example.com,&W&B1FkGgx
4794,الأبتدائية,الثالثة,ح,2025-2026,1514038068,P2107478364,ar,Reem,Abdullah,Salman,Reem,ريم عبدالله سلمان,Female,12/09/2015 14:27:30,Jeddah,Street 4,+966,5946695699,Saudi,Christian,reem.salman214@example.com,(iIdeazD3k,1475972892,5900845075,True,Abdullah,Riyad,Salman,Abdullah,عبدالله رياض سلمان,Male,12/09/1985 14:27:30,Riyadh,Street 1,+966,5900845075,Saudi,Christian,)RA1mMrt^5,abdullah.salman470@example.com,1984515403,5337268970,False,Maha,Mahdi,Sultan,Maha,مها مهدي سلطان,Female,12/09/1983 14:27:30,Jeddah,Street 3,+966,5337268970,Saudi,Christian,maha.sultan706@example.com,&W&B1FkGgx
7058,الأبتدائية,الثالثة,ح,2025-2026,2571236759,P2645891089,ar,Assiya,Nasser,Yousef,Assiya,أسيا ناصر يوسف,Female,12/09/2014 14:27:30,Dammam,Street 4,+966,5759880477,Saudi,Christian,assiya.yousef254@example.com,*1FG#zN8A5,2149071256,5978428508,True,Nasser,Abdulaziz,Yousef,Nasser,ناصر عبدالعزيز يوسف,Male,12/09/1980 14:27:30,Medina,Street 1,+966,5978428508,Saudi,Christian,FZDiX9y3^y,nasser.yousef519@example.com,1401235384,5903302477,False,Aaliyah,Sultan,Riyad,Aaliyah,عالية سلطان رياض,Female,12/09/1984 14:27:30,Riyadh,Street 5,+966,5903302477,Saudi,Christian,aaliyah.riyad515@example.com,F(*Z0lwBm&
7643,الأبتدائية,الثالثة,ح,2025-2026,2310899368,P2165023985,ar,Ali,Bilal,Zayne,Ali,علي بلال زين,Male,12/09/2017 14:27:30,Mecca,Street 4,+966,5763843757,Saudi,Muslim,ali.zayne299@example.com,EV^TcBzx4d,1466091009,5536663856,True,Bilal,Turki,Zayne,Bilal,بلال تركي زين,Male,12/09/1983 14:27:30,Dammam,Street 4,+966,5536663856,Saudi,Muslim,Cp75@L@DnU,bilal.zayne203@example.com,1703168227,5560211827,False,Amal,Abdulaziz,Mohammed,Amal,أمل عبدالعزيز محمد,Female,12/09/1986 14:27:30,Dammam,Street 2,+966,5560211827,Saudi,Muslim,amal.mohammed775@example.com,@BZ5ztPIW0
3394,الأبتدائية,الثالثة,ح,2025-2026,2108503785,P2491921205,ar,Hussein,Abdulaziz,Ismail,Hussein,حسين عبدالعزيز إسماعيل,Male,12/09/2014 14:27:30,Jeddah,Street 3,+966,5265480324,Saudi,Christian,hussein.ismail965@example.com,w4CcvzYF7#,2233352025,5595879788,True,Abdulaziz,Ahmed,Ismail,Abdulaziz,عبدالعزيز أحمد إسماعيل,Male,12/09/1988 14:27:30,Mecca,Street 2,+966,5595879788,Saudi,Christian,aGDY#tMO8K,abdulaziz.ismail607@example.com,1672130229,5837873886,False,Nadia,Ahmed,Ibrahim,Nadia,نادية أحمد إبراهيم,Female,12/09/1984 14:27:30,Riyadh,Street 5,+966,5837873886,Saudi,Christian,nadia.ibrahim600@example.com,K0nD)zmhpm
8468,الأبتدائية,الثالثة,ح,2025-2026,2638120084,P1307076150,ar,Zaid,Yousef,Bilal,Zaid,زيد يوسف بلال,Male,12/09/2018 14:27:30,Dammam,Street 3,+966,5265918396,Saudi,Christian,zaid.bilal764@example.com,H^@ZE70cn),2281949157,5732217451,False,Yousef,Sulaiman,Bilal,Yousef,يوسف سليمان بلال,Male,12/09/1985 14:27:30,Mecca,Street 3,+966,5732217451,Saudi,Christian,Xw#FxE*0Uf,yousef.bilal864@example.com,2316452455,5370890954,True,Tamadur,Yousef,Zaid,Tamadur,تماضر يوسف زيد,Female,12/09/1996 14:27:30,Medina,Street 2,+966,5370890954,Saudi,Christian,tamadur.zaid783@example.com,5IZD!WE3wQ
9918,الأبتدائية,الثالثة,ح,2025-2026,1370765339,P1310019948,en,Idris,Hassan,Abdulaziz,Idris,إدريس حسن عبدالعزيز,Male,12/09/2014 14:27:30,Jeddah,Street 2,+966,5818761609,Saudi,Christian,idris.abdulaziz223@example.com,gjuS6@Ufc9,2834163735,5966485630,True,Hassan,Hassan,Abdulaziz,Hassan,حسن حسن عبدالعزيز,Male,12/09/1988 14:27:30,Dammam,Street 3,+966,5966485630,Saudi,Christian,uWof$6!sx2,hassan.abdulaziz296@example.com,2354525266,5826160765,False,Hanan,Ibrahim,Salman,Hanan,حنان إبراهيم سلمان,Female,12/09/1981 14:27:30,Riyadh,Street 3,+966,5826160765,Saudi,Christian,hanan.salman360@example.com,)byXSU3AyY
6937,الأبتدائية,الثالثة,ح,2025-2026,2125548411,P2664442420,ar,Omar,Hassan,Abdulaziz,Omar,عمر حسن عبدالعزيز,Male,12/09/2018 14:27:30,Mecca,Street 4,+966,5425049788,Saudi,Christian,omar.abdulaziz110@example.com,dN!M0t^2PJ,2834163735,5966485630,True,Hassan,Hassan,Abdulaziz,Hassan,حسن حسن عبدالعزيز,Male,12/09/1988 14:27:30,Dammam,Street 3,+966,5966485630,Saudi,Christian,uWof$6!sx2,hassan.abdulaziz296@example.com,2354525266,5826160765,False,Hanan,Ibrahim,Salman,Hanan,حنان إبراهيم سلمان,Female,12/09/1981 14:27:30,Riyadh,Street 3,+966,5826160765,Saudi,Christian,hanan.salman360@example.com,)byXSU3AyY
8564,الأبتدائية,الثالثة,ح,2025-2026,1407289295,P2449596476,en,Nadia,Ismail,Sulaiman,Nadia,نادية إسماعيل سليمان,Female,12/09/2014 14:27:30,Jeddah,Street 2,+966,5325027534,Saudi,Muslim,nadia.sulaiman183@example.com,GFgx&u!63p,2586272531,5375239971,True,Ismail,Mahdi,Sulaiman,Ismail,إسماعيل مهدي سليمان,Male,12/09/1994 14:27:30,Medina,Street 5,+966,5375239971,Saudi,Muslim,nj7mP%Qkjw,ismail.sulaiman405@example.com,1232094390,5208698855,False,Assiya,Bilal,Ibrahim,Assiya,أسيا بلال إبراهيم,Female,12/09/1994 14:27:30,Medina,Street 1,+966,5208698855,Saudi,Muslim,assiya.ibrahim860@example.com,Ryv1z%Jig^
4211,الأبتدائية,الثالثة,ح,2025-2026,1297675297,P1351102499,en,Sedra,Salem,Nasser,Sedra,سدرة سالم ناصر,Female,12/09/2016 14:27:30,Jeddah,Street 3,+966,5737630919,Saudi,Muslim,sedra.nasser476@example.com,ohQN^s2w4q,1208809847,5719477975,False,Salem,Abdulaziz,Nasser,Salem,سالم عبدالعزيز ناصر,Male,12/09/1988 14:27:30,Dammam,Street 3,+966,5719477975,Saudi,Muslim,x^Zw7$B)04,salem.nasser689@example.com,2485590928,5552916498,True,Yasmin,Salem,Sulaiman,Yasmin,ياسمين سالم سليمان,Female,12/09/1981 14:27:30,Dammam,Street 4,+966,5552916498,Saudi,Muslim,yasmin.sulaiman639@example.com,cRw7Q$1Kb4
5415,الأبتدائية,الثالثة,ح,2025-2026,2466150401,P2833583630,en,Tariq,Mahdi,Omar,Tariq,طارق مهدي عمر,Male,12/09/2017 14:27:30,Jeddah,Street 5,+966,5150361565,Saudi,Christian,tariq.omar171@example.com,guE72Plb@6,2177564114,5764868292,False,Mahdi,Zayne,Omar,Mahdi,مهدي زين عمر,Male,12/09/1976 14:27:30,Jeddah,Street 4,+966,5764868292,Saudi,Christian,GRo8w@65Q^,mahdi.omar433@example.com,2381121833,5120262555,True,Safiyyah,Bilal,Salman,Safiyyah,صفية بلال سلمان,Female,12/09/1991 14:27:30,Mecca,Street 1,+966,5120262555,Saudi,Christian,safiyyah.salman373@example.com,Yrh#0RFYxq
5289,الأبتدائية,الثالثة,ح,2025-2026,2125249686,P2864278798,en,Abdullah,Mahdi,Omar,Abdullah,عبدالله مهدي عمر,Male,12/09/2017 14:27:30,Mecca,Street 1,+966,5579571743,Saudi,Christian,abdullah.omar204@example.com,*DYjVNca23,2177564114,5764868292,False,Mahdi,Zayne,Omar,Mahdi,مهدي زين عمر,Male,12/09/1976 14:27:30,Jeddah,Street 4,+966,5764868292,Saudi,Christian,GRo8w@65Q^,mahdi.omar433@example.com,2381121833,5120262555,True,Safiyyah,Bilal,Salman,Safiyyah,صفية بلال سلمان,Female,12/09/1991 14:27:30,Mecca,Street 1,+966,5120262555,Saudi,Christian,safiyyah.salman373@example.com,Yrh#0RFYxq
9835,الأبتدائية,الثالثة,ح,2025-2026,2557748928,P2833856472,ar,Amal,Saud,Hussein,Amal,أمل سعود حسين,Female,12/09/2015 14:27:30,Riyadh,Street 1,+966,5210733722,Saudi,Muslim,amal.hussein688@example.com,sK&u2bUGml,2248718246,5657010340,False,Saud,Salem,Hussein,Saud,سعود سالم حسين,Male,12/09/1976 14:27:30,Jeddah,Street 1,+966,5657010340,Saudi,Muslim,!G8vgCkn75,saud.hussein894@example.com,1914769014,5641193575,True,Rania,Saud,Idris,Rania,رانيا سعود إدريس,Female,12/09/1981 14:27:30,Riyadh,Street 1,+966,5641193575,Saudi,Muslim,rania.idris752@example.com,08R^%zBb!b
1493,الأبتدائية,الثالثة,ح,2025-2026,2750898096,P2441938620,ar,Sara,Abdulrahman,Abdullah,Sara,سارة عبدالرحمن عبدالله,Female,12/09/2019 14:27:30,Riyadh,Street 4,+966,5212991540,Saudi,Christian,sara.abdullah594@example.com,h9G3&xwE(O,1695405400,5653463933,True,Abdulrahman,Yousef,Abdullah,Abdulrahman,عبدالرحمن يوسف عبدالله,Male,12/09/1992 14:27:30,Medina,Street 1,+966,5653463933,Saudi,Christian,8jL!7nOs%A,abdulrahman.abdullah239@example.com,1311038878,5829544728,False,Tamadur,Saud,Ismail,Tamadur,تماضر سعود إسماعيل,Female,12/09/1981 14:27:30,Medina,Street 5,+966,5829544728,Saudi,Christian,tamadur.ismail834@example.com,m5XERjrw$B
2961,الأبتدائية,الثالثة,ح,2025-2026,2574238522,P1907430750,en,Idris,Abdulaziz,Hussein,Idris,إدريس عبدالعزيز حسين,Male,12/09/2016 14:27:30,Riyadh,Street 4,+966,5659829140,Saudi,Muslim,idris.hussein518@example.com,6eC!oT&rZc,2888580744,5856998673,False,Abdulaziz,Abdulrahman,Hussein,Abdulaziz,عبدالعزيز عبدالرحمن حسين,Male,12/09/1985 14:27:30,Medina,Street 5,+966,5856998673,Saudi,Muslim,uVB&Nc9F%j,abdulaziz.hussein279@example.com,1821595859,5501438923,True,Ruqaya,Riyad,Abdulaziz,Ruqaya,رقية رياض عبدالعزيز,Female,12/09/1992 14:27:30,Riyadh,Street 4,+966,5501438923,Saudi,Muslim,ruqaya.abdulaziz683@example.com,3^FulI$ILm
4770,الأبتدائية,الثالثة,ح,2025-2026,2238799353,P2551937432,en,Layla,Hassan,Nasser,Layla,ليلى حسن ناصر,Female,12/09/2018 14:27:30,Mecca,Street 4,+966,5133933406,Saudi,Christian,layla.nasser936@example.com,%&vBN3QZ23,2332853856,5942637358,True,Hassan,Ali,Nasser,Hassan,حسن علي ناصر,Male,12/09/1989 14:27:30,Riyadh,Street 2,+966,5942637358,Saudi,Christian,S@X863ot4H,hassan.nasser598@example.com,2812031182,5887325598,False,Aisha,Riyad,Khalid,Aisha,عائشة رياض خالد,Female,12/09/1991 14:27:30,Jeddah,Street 2,+966,5887325598,Saudi,Christian,aisha.khalid144@example.com,M1)@4AhID7
5504,الأبتدائية,الثالثة,ح,2025-2026,2251911427,P2190738705,en,Sulaiman,Abdulrahman,Zayne,Sulaiman,سليمان عبدالرحمن زين,Male,12/09/2018 14:27:30,Riyadh,Street 4,+966,5663931034,Saudi,Muslim,sulaiman.zayne423@example.com,agtQ78!yAK,2403676564,5562615307,True,Abdulrahman,Fahad,Zayne,Abdulrahman,عبدالرحمن فهد زين,Male,12/09/1987 14:27:30,Jeddah,Street 5,+966,5562615307,Saudi,Muslim,xSYQ!%HS6w,abdulrahman.zayne708@example.com,1561039704,5728690543,False,Layla,Yousef,Ahmed,Layla,ليلى يوسف أحمد,Female,12/09/1984 14:27:30,Mecca,Street 3,+966,5728690543,Saudi,Muslim,layla.ahmed522@example.com,4C#Y!!z$m5
2515,الأبتدائية,الثالثة,ح,2025-2026,2568315610,P1119359755,ar,Atika,Abdulrahman,Zayne,Atika,عاتكة عبدالرحمن زين,Female,12/09/2016 14:27:30,Riyadh,Street 1,+966,5487270743,Saudi,Muslim,atika.zayne343@example.com,6cKFlzgnA&,2403676564,5562615307,True,Abdulrahman,Fahad,Zayne,Abdulrahman,عبدالرحمن فهد زين,Male,12/09/1987 14:27:30,Jeddah,Street 5,+966,5562615307,Saudi,Muslim,xSYQ!%HS6w,abdulrahman.zayne708@example.com,1561039704,5728690543,False,Layla,Yousef,Ahmed,Layla,ليلى يوسف أحمد,Female,12/09/1984 14:27:30,Mecca,Street 3,+966,5728690543,Saudi,Muslim,layla.ahmed522@example.com,4C#Y!!z$m5
1147,الأبتدائية,الثالثة,ح,2025-2026,2928876862,P2751575960,en,Turki,Abdulrahman,Zayne,Turki,تركي عبدالرحمن زين,Male,12/09/2019 14:27:30,Jeddah,Street 4,+966,5896117862,Saudi,Muslim,turki.zayne528@example.com,FrgxBvt5^7,2403676564,5562615307,True,Abdulrahman,Fahad,Zayne,Abdulrahman,عبدالرحمن فهد زين,Male,12/09/1987 14:27:30,Jeddah,Street 5,+966,5562615307,Saudi,Muslim,xSYQ!%HS6w,abdulrahman.zayne708@example.com,1561039704,5728690543,False,Layla,Yousef,Ahmed,Layla,ليلى يوسف أحمد,Female,12/09/1984 14:27:30,Mecca,Street 3,+966,5728690543,Saudi,Muslim,layla.ahmed522@example.com,4C#Y!!z$m5
7389,الأبتدائية,الثالثة,ح,2025-2026,1533677725,P2382441882,ar,Salman,Mahdi,Bilal,Salman,سلمان مهدي بلال,Male,12/09/2014 14:27:30,Mecca,Street 1,+966,5305037362,Saudi,Muslim,salman.bilal806@example.com,osmajYe2J&,2690004618,5996990269,True,Mahdi,Idris,Bilal,Mahdi,مهدي إدريس بلال,Male,12/09/1985 14:27:30,Riyadh,Street 3,+966,5996990269,Saudi,Muslim,vBqc9f$l^B,mahdi.bilal743@example.com,2121261089,5664026788,False,Haya,Zaid,Sulaiman,Haya,هيا زيد سليمان,Female,12/09/1986 14:27:30,Riyadh,Street 5,+966,5664026788,Saudi,Muslim,haya.sulaiman600@example.com,8S^$D7W6jm
2757,الأبتدائية,الثالثة,ح,2025-2026,1803971860,P1601153506,ar,Safiyyah,Mahdi,Bilal,Safiyyah,صفية مهدي بلال,Female,12/09/2018 14:27:30,Medina,Street 1,+966,5585544688,Saudi,Muslim,safiyyah.bilal412@example.com,j^Z3AI7883,2690004618,5996990269,True,Mahdi,Idris,Bilal,Mahdi,مهدي إدريس بلال,Male,12/09/1985 14:27:30,Riyadh,Street 3,+966,5996990269,Saudi,Muslim,vBqc9f$l^B,mahdi.bilal743@example.com,2121261089,5664026788,False,Haya,Zaid,Sulaiman,Haya,هيا زيد سليمان,Female,12/09/1986 14:27:30,Riyadh,Street 5,+966,5664026788,Saudi,Muslim,haya.sulaiman600@example.com,8S^$D7W6jm
9031,الأبتدائية,الثالثة,ح,2025-2026,2565861427,P1976245170,en,Ruqaya,Zayne,Hassan,Ruqaya,رقية زين حسن,Female,12/09/2014 14:27:30,Riyadh,Street 4,+966,5744571630,Saudi,Muslim,ruqaya.hassan510@example.com,Z1$TT3gg&l,1601087023,5307569226,False,Zayne,Ibrahim,Hassan,Zayne,زين إبراهيم حسن,Male,12/09/1983 14:27:30,Jeddah,Street 2,+966,5307569226,Saudi,Muslim,Tzqd4R(zQh,zayne.hassan779@example.com,2152935801,5543068203,True,Fatimah,Fahad,Hamza,Fatimah,فاطمة فهد حمزة,Female,12/09/1987 14:27:30,Dammam,Street 3,+966,5543068203,Saudi,Muslim,fatimah.hamza451@example.com,5nUnYhl0#t
3707,الأبتدائية,الثالثة,ح,2025-2026,1654262646,P1608771759,ar,Lubaba,Zayne,Hassan,Lubaba,لبابة زين حسن,Female,12/09/2016 14:27:30,Mecca,Street 5,+966,5358358709,Saudi,Muslim,lubaba.hassan668@example.com,)9(4L*kSgJ,1601087023,5307569226,False,Zayne,Ibrahim,Hassan,Zayne,زين إبراهيم حسن,Male,12/09/1983 14:27:30,Jeddah,Street 2,+966,5307569226,Saudi,Muslim,Tzqd4R(zQh,zayne.hassan779@example.com,2152935801,5543068203,True,Fatimah,Fahad,Hamza,Fatimah,فاطمة فهد حمزة,Female,12/09/1987 14:27:30,Dammam,Street 3,+966,5543068203,Saudi,Muslim,fatimah.hamza451@example.com,5nUnYhl0#t
4528,الأبتدائية,الثالثة,ط,2025-2026,2746632431,P2751413175,en,Akram,Abdulaziz,Idris,Akram,أكرم عبدالعزيز إدريس,Male,12/09/2018 14:27:30,Dammam,Street 1,+966,5927723297,Saudi,Muslim,akram.idris465@example.com,pB(Ev8Xtkh,2292924974,5856346185,False,Abdulaziz,Ibrahim,Idris,Abdulaziz,عبدالعزيز إبراهيم إدريس,Male,12/09/1989 14:27:30,Riyadh,Street 5,+966,5856346185,Saudi,Muslim,r2evtD&Agl,abdulaziz.idris902@example.com,2915036684,5339554451,True,Tamadur,Turki,Saud,Tamadur,تماضر تركي سعود,Female,12/09/1992 14:27:30,Jeddah,Street 3,+966,5339554451,Saudi,Muslim,tamadur.saud264@example.com,J(X##lMB3q
8652,الأبتدائية,الثالثة,ط,2025-2026,2632870735,P1769979367,ar,Salman,Abdulaziz,Idris,Salman,سلمان عبدالعزيز إدريس,Male,12/09/2018 14:27:30,Riyadh,Street 2,+966,5677701498,Saudi,Muslim,salman.idris522@example.com,XjXV5$9d)B,2292924974,5856346185,False,Abdulaziz,Ibrahim,Idris,Abdulaziz,عبدالعزيز إبراهيم إدريس,Male,12/09/1989 14:27:30,Riyadh,Street 5,+966,5856346185,Saudi,Muslim,r2evtD&Agl,abdulaziz.idris902@example.com,2915036684,5339554451,True,Tamadur,Turki,Saud,Tamadur,تماضر تركي سعود,Female,12/09/1992 14:27:30,Jeddah,Street 3,+966,5339554451,Saudi,Muslim,tamadur.saud264@example.com,J(X##lMB3q
9938,الأبتدائية,الثالثة,ط,2025-2026,2475637609,P1555997045,en,Hanan,Abdulaziz,Idris,Hanan,حنان عبدالعزيز إدريس,Female,12/09/2015 14:27:30,Mecca,Street 4,+966,5694142904,Saudi,Muslim,hanan.idris281@example.com,D79tO2Hnz%,2292924974,5856346185,False,Abdulaziz,Ibrahim,Idris,Abdulaziz,عبدالعزيز إبراهيم إدريس,Male,12/09/1989 14:27:30,Riyadh,Street 5,+966,5856346185,Saudi,Muslim,r2evtD&Agl,abdulaziz.idris902@example.com,2915036684,5339554451,True,Tamadur,Turki,Saud,Tamadur,تماضر تركي سعود,Female,12/09/1992 14:27:30,Jeddah,Street 3,+966,5339554451,Saudi,Muslim,tamadur.saud264@example.com,J(X##lMB3q
1624,الأبتدائية,الثالثة,ط,2025-2026,2507993853,P1442874924,ar,Nasser,Omar,Ibrahim,Nasser,ناصر عمر إبراهيم,Male,12/09/2019 14:27:30,Riyadh,Street 4,+966,5889781481,Saudi,Christian,nasser.ibrahim327@example.com,La9(s6#W&J,1320433561,5528136341,True,Omar,Zayne,Ibrahim,Omar,عمر زين إبراهيم,Male,12/09/1989 14:27:30,Jeddah,Street 2,+966,5528136341,Saudi,Christian,Cw*fHWYcj7,omar.ibrahim899@example.com,1388062514,5856272954,False,Tamadur,Nasser,Saud,Tamadur,تماضر ناصر سعود,Female,12/09/1984 14:27:30,Riyadh,Street 2,+966,5856272954,Saudi,Christian,tamadur.saud967@example.com,(Xgb29tJi&
5455,الأبتدائية,الثالثة,ط,2025-2026,2163550163,P1873503439,ar,Zayne,Saud,Tariq,Zayne,زين سعود طارق,Male,12/09/2017 14:27:30,Medina,Street 5,+966,5834237340,Saudi,Muslim,zayne.tariq887@example.com,5G18Q&e!yM,1353398954,5276212209,True,Saud,Yousef,Tariq,Saud,سعود يوسف طارق,Male,12/09/1988 14:27:30,Jeddah,Street 4,+966,5276212209,Saudi,Muslim,H3d@v7sxK%,saud.tariq509@example.com,2907997590,5556664409,False,Khadijah,Salem,Yousef,Khadijah,خديجة سالم يوسف,Female,12/09/1988 14:27:30,Mecca,Street 2,+966,5556664409,Saudi,Muslim,khadijah.yousef810@example.com,LWC0b87&5O
3755,الأبتدائية,الثالثة,ط,2025-2026,2443890760,P1126529980,ar,Noor,Riyad,Salem,Noor,نور رياض سالم,Female,12/09/2017 14:27:30,Jeddah,Street 1,+966,5587904114,Saudi,Christian,noor.salem361@example.com,O$Rs1M8wJ8,1998330750,5173779543,True,Riyad,Sulaiman,Salem,Riyad,رياض سليمان سالم,Male,12/09/1976 14:27:30,Dammam,Street 3,+966,5173779543,Saudi,Christian,1g9)B5Rp@),riyad.salem643@example.com,2973886566,5749525989,False,Nadia,Riyad,Bilal,Nadia,نادية رياض بلال,Female,12/09/1987 14:27:30,Dammam,Street 1,+966,5749525989,Saudi,Christian,nadia.bilal395@example.com,Xu15Eb&zv@
7218,الأبتدائية,الثالثة,ط,2025-2026,1917899909,P2834524781,ar,Saud,Ibrahim,Salem,Saud,سعود إبراهيم سالم,Male,12/09/2015 14:27:30,Riyadh,Street 3,+966,5458255740,Saudi,Christian,saud.salem388@example.com,2SRzHR**px,1838764230,5272460004,True,Ibrahim,Fahad,Salem,Ibrahim,إبراهيم فهد سالم,Male,12/09/1995 14:27:30,Mecca,Street 4,+966,5272460004,Saudi,Christian,Pr8nJAb5Q&,ibrahim.salem494@example.com,2268196222,5139383193,False,Atika,Mohammed,Nasser,Atika,عاتكة محمد ناصر,Female,12/09/1991 14:27:30,Dammam,Street 3,+966,5139383193,Saudi,Christian,atika.nasser986@example.com,(Ptk2EN3lA
6726,الأبتدائية,الثالثة,ط,2025-2026,2369963811,P2971730926,en,Sara,Salman,Mahdi,Sara,سارة سلمان مهدي,Female,12/09/2014 14:27:30,Medina,Street 5,+966,5496075776,Saudi,Muslim,sara.mahdi189@example.com,9TiHI1qb@C,2616170182,5141323205,False,Salman,Ibrahim,Mahdi,Salman,سلمان إبراهيم مهدي,Male,12/09/1991 14:27:30,Jeddah,Street 2,+966,5141323205,Saudi,Muslim,w*2)8LNDK*,salman.mahdi354@example.com,2732465294,5664393639,True,Aaliyah,Abdulrahman,Ibrahim,Aaliyah,عالية عبدالرحمن إبراهيم,Female,12/09/1983 14:27:30,Mecca,Street 1,+966,5664393639,Saudi,Muslim,aaliyah.ibrahim619@example.com,JC5n)%94(a
6474,الأبتدائية,الثالثة,ط,2025-2026,2209743360,P2947468857,en,Aaliyah,Sultan,Omar,Aaliyah,عالية سلطان عمر,Female,12/09/2018 14:27:30,Mecca,Street 3,+966,5743330976,Saudi,Christian,aaliyah.omar194@example.com,EhpfTMFL)1,2903876466,5189132212,True,Sultan,Bilal,Omar,Sultan,سلطان بلال عمر,Male,12/09/1980 14:27:30,Riyadh,Street 1,+966,5189132212,Saudi,Christian,SMGr!s0K^k,sultan.omar562@example.com,2406420611,5297170731,False,Noor,Hassan,Ahmed,Noor,نور حسن أحمد,Female,12/09/1981 14:27:30,Medina,Street 3,+966,5297170731,Saudi,Christian,noor.ahmed587@example.com,bJ21O#dC9o
9765,الأبتدائية,الثالثة,ط,2025-2026,1442952560,P1724015369,en,Salman,Abdullah,Hamza,Salman,سلمان عبدالله حمزة,Male,12/09/2014 14:27:30,Jeddah,Street 4,+966,5430416158,Saudi,Christian,salman.hamza779@example.com,(9R2g%#FyX,2739133154,5167731331,False,Abdullah,Ibrahim,Hamza,Abdullah,عبدالله إبراهيم حمزة,Male,12/09/1995 14:27:30,Jeddah,Street 3,+966,5167731331,Saudi,Christian,E1DX(8rVtU,abdullah.hamza568@example.com,2846612783,5776576689,True,Fatimah,Sultan,Mohammed,Fatimah,فاطمة سلطان محمد,Female,12/09/1996 14:27:30,Dammam,Street 4,+966,5776576689,Saudi,Christian,fatimah.mohammed811@example.com,1xZwP4^@2C
2039,الأبتدائية,الثالثة,ط,2025-2026,2291163685,P2709952372,en,Noor,Salman,Mohammed,Noor,نور سلمان محمد,Female,12/09/2018 14:27:30,Riyadh,Street 1,+966,5776677557,Saudi,Christian,noor.mohammed471@example.com,hE5gP%&A*q,1535085109,5969906298,True,Salman,Akram,Mohammed,Salman,سلمان أكرم محمد,Male,12/09/1988 14:27:30,Mecca,Street 1,+966,5969906298,Saudi,Christian,N7B(r1MnTI,salman.mohammed834@example.com,2661252416,5572465802,False,Lubaba,Salman,Tariq,Lubaba,لبابة سلمان طارق,Female,12/09/1997 14:27:30,Jeddah,Street 2,+966,5572465802,Saudi,Christian,lubaba.tariq851@example.com,xZhDrt)9w7
8631,الأبتدائية,الثالثة,ط,2025-2026,1335043072,P2335729546,en,Sedra,Hamza,Tariq,Sedra,سدرة حمزة طارق,Female,12/09/2016 14:27:30,Jeddah,Street 4,+966,5220976215,Saudi,Christian,sedra.tariq523@example.com,cFetoK$2Et,2284663820,5274347643,True,Hamza,Yousef,Tariq,Hamza,حمزة يوسف طارق,Male,12/09/1976 14:27:30,Dammam,Street 4,+966,5274347643,Saudi,Christian,zs0(#MsYJF,hamza.tariq752@example.com,2756745973,5457035138,False,Salma,Hamza,Abdulrahman,Salma,سلمى حمزة عبدالرحمن,Female,12/09/1983 14:27:30,Mecca,Street 5,+966,5457035138,Saudi,Christian,salma.abdulrahman153@example.com,lG$cn%^nv3
2542,الأبتدائية,الثالثة,ط,2025-2026,2307874300,P1343289633,en,Amal,Hassan,Ahmed,Amal,أمل حسن أحمد,Female,12/09/2016 14:27:30,Mecca,Street 4,+966,5299562760,Saudi,Christian,amal.ahmed271@example.com,!Sfdb3$ub7,1359984017,5459605726,False,Hassan,Zayne,Ahmed,Hassan,حسن زين أحمد,Male,12/09/1980 14:27:30,Medina,Street 3,+966,5459605726,Saudi,Christian,l!^rKeRv3o,hassan.ahmed164@example.com,2220636599,5953907563,True,Dana,Akram,Ibrahim,Dana,دانا أكرم إبراهيم,Female,12/09/1991 14:27:30,Mecca,Street 4,+966,5953907563,Saudi,Christian,dana.ibrahim810@example.com,^zZf)z6G9W
5966,الأبتدائية,الثالثة,ط,2025-2026,2762088352,P2358486611,en,Nasser,Zayne,Ahmed,Nasser,ناصر زين أحمد,Male,12/09/2019 14:27:30,Dammam,Street 5,+966,5881551155,Saudi,Muslim,nasser.ahmed568@example.com,W&9!@ov)fJ,2374085111,5975510540,True,Zayne,Sultan,Ahmed,Zayne,زين سلطان أحمد,Male,12/09/1990 14:27:30,Medina,Street 2,+966,5975510540,Saudi,Muslim,52Ob%V5!f0,zayne.ahmed964@example.com,2566784757,5691984612,False,Maha,Omar,Riyad,Maha,مها عمر رياض,Female,12/09/1989 14:27:30,Jeddah,Street 1,+966,5691984612,Saudi,Muslim,maha.riyad154@example.com,)0DA(x#)7y
1351,الأبتدائية,الثالثة,ط,2025-2026,1878800569,P1699190251,ar,Salma,Omar,Mahdi,Salma,سلمى عمر مهدي,Female,12/09/2018 14:27:30,Medina,Street 3,+966,5681764715,Saudi,Muslim,salma.mahdi973@example.com,9%LoCK)e0t,1356299911,5746818472,True,Omar,Hussein,Mahdi,Omar,عمر حسين مهدي,Male,12/09/1981 14:27:30,Mecca,Street 5,+966,5746818472,Saudi,Muslim,^iF8ltFCU*,omar.mahdi997@example.com,2815211190,5965989622,False,Sedra,Turki,Hussein,Sedra,سدرة تركي حسين,Female,12/09/1989 14:27:30,Riyadh,Street 4,+966,5965989622,Saudi,Muslim,sedra.hussein723@example.com,m8X8!0Fv6R
6665,الأبتدائية,الثالثة,ط,2025-2026,2639872218,P1675125040,en,Haya,Omar,Mahdi,Haya,هيا عمر مهدي,Female,12/09/2015 14:27:30,Mecca,Street 5,+966,5136552557,Saudi,Muslim,haya.mahdi795@example.com,6G2RLtwg)K,1356299911,5746818472,True,Omar,Hussein,Mahdi,Omar,عمر حسين مهدي,Male,12/09/1981 14:27:30,Mecca,Street 5,+966,5746818472,Saudi,Muslim,^iF8ltFCU*,omar.mahdi997@example.com,2815211190,5965989622,False,Sedra,Turki,Hussein,Sedra,سدرة تركي حسين,Female,12/09/1989 14:27:30,Riyadh,Street 4,+966,5965989622,Saudi,Muslim,sedra.hussein723@example.com,m8X8!0Fv6R
7099,الأبتدائية,الثالثة,ط,2025-2026,1576510730,P2603335927,en,Bilal,Abdullah,Salman,Bilal,بلال عبدالله سلمان,Male,12/09/2016 14:27:30,Mecca,Street 2,+966,5478748369,Saudi,Christian,bilal.salman952@example.com,%d&6nmZwfn,2184228727,5160502224,False,Abdullah,Bilal,Salman,Abdullah,عبدالله بلال سلمان,Male,12/09/1985 14:27:30,Jeddah,Street 2,+966,5160502224,Saudi,Christian,hn7kC3#z&8,abdullah.salman819@example.com,2833148624,5901022739,True,Dana,Akram,Riyad,Dana,دانا أكرم رياض,Female,12/09/1981 14:27:30,Mecca,Street 3,+966,5901022739,Saudi,Christian,dana.riyad140@example.com,WwlW@uQ6jD
8173,الأبتدائية,الثالثة,ط,2025-2026,1630421752,P2249849825,en,Fahad,Turki,Bilal,Fahad,فهد تركي بلال,Male,12/09/2015 14:27:30,Mecca,Street 3,+966,5916369628,Saudi,Muslim,fahad.bilal191@example.com,5pgPQoGR(),1222411180,5485576081,False,Turki,Zaid,Bilal,Turki,تركي زيد بلال,Male,12/09/1991 14:27:30,Medina,Street 5,+966,5485576081,Saudi,Muslim,NQ00)ULi)7,turki.bilal279@example.com,1605298095,5561542675,True,Assiya,Sultan,Idris,Assiya,أسيا سلطان إدريس,Female,12/09/1988 14:27:30,Jeddah,Street 5,+966,5561542675,Saudi,Muslim,assiya.idris852@example.com,AVYadHVe6@
5810,الأبتدائية,الثالثة,ط,2025-2026,1430593713,P1253821269,en,Salem,Ali,Ali,Salem,سالم علي علي,Male,12/09/2019 14:27:30,Medina,Street 2,+966,5455392494,Saudi,Muslim,salem.ali384@example.com,&rjp9X7*pI,1335561929,5818810167,False,Ali,Hamza,Ali,Ali,علي حمزة علي,Male,12/09/1979 14:27:30,Mecca,Street 5,+966,5818810167,Saudi,Muslim,W#ZcyvO0SE,ali.ali950@example.com,1489975482,5317860544,True,Zahra,Turki,Akram,Zahra,زهرة تركي أكرم,Female,12/09/1984 14:27:30,Dammam,Street 2,+966,5317860544,Saudi,Muslim,zahra.akram617@example.com,3)o@UXqN&A
7628,الأبتدائية,الثالثة,ط,2025-2026,2442464156,P2967613686,en,Zahra,Ali,Ali,Zahra,زهرة علي علي,Female,12/09/2016 14:27:30,Mecca,Street 3,+966,5700342887,Saudi,Muslim,zahra.ali345@example.com,3dXP7hgWs$,1335561929,5818810167,False,Ali,Hamza,Ali,Ali,علي حمزة علي,Male,12/09/1979 14:27:30,Mecca,Street 5,+966,5818810167,Saudi,Muslim,W#ZcyvO0SE,ali.ali950@example.com,1489975482,5317860544,True,Zahra,Turki,Akram,Zahra,زهرة تركي أكرم,Female,12/09/1984 14:27:30,Dammam,Street 2,+966,5317860544,Saudi,Muslim,zahra.akram617@example.com,3)o@UXqN&A
1015,الأبتدائية,الثالثة,ط,2025-2026,2349282802,P2700986000,ar,Yousef,Sultan,Ismail,Yousef,يوسف سلطان إسماعيل,Male,12/09/2015 14:27:30,Medina,Street 3,+966,5311668810,Saudi,Christian,yousef.ismail748@example.com,K@g&JN36h8,1989794557,5735909514,False,Sultan,Salman,Ismail,Sultan,سلطان سلمان إسماعيل,Male,12/09/1982 14:27:30,Dammam,Street 4,+966,5735909514,Saudi,Christian,m&wbPD8980,sultan.ismail268@example.com,2677598977,5487852690,True,Dana,Yousef,Khalid,Dana,دانا يوسف خالد,Female,12/09/1984 14:27:30,Dammam,Street 1,+966,5487852690,Saudi,Christian,dana.khalid693@example.com,il!R6C6nP(
6236,الأبتدائية,الثالثة,ط,2025-2026,1949725840,P2199883154,ar,Ruqaya,Sultan,Ismail,Ruqaya,رقية سلطان إسماعيل,Female,12/09/2016 14:27:30,Dammam,Street 4,+966,5946961896,Saudi,Christian,ruqaya.ismail293@example.com,8(WeV#dW^H,1989794557,5735909514,False,Sultan,Salman,Ismail,Sultan,سلطان سلمان إسماعيل,Male,12/09/1982 14:27:30,Dammam,Street 4,+966,5735909514,Saudi,Christian,m&wbPD8980,sultan.ismail268@example.com,2677598977,5487852690,True,Dana,Yousef,Khalid,Dana,دانا يوسف خالد,Female,12/09/1984 14:27:30,Dammam,Street 1,+966,5487852690,Saudi,Christian,dana.khalid693@example.com,il!R6C6nP(
1266,الأبتدائية,الرابعة,أ,2025-2026,2421213406,P1304896538,ar,Amal,Zayne,Fahad,Amal,أمل زين فهد,Female,12/09/2018 14:27:30,Jeddah,Street 3,+966,5385700829,Saudi,Christian,amal.fahad319@example.com,lPzX(AwNY9,1731476684,5111528428,False,Zayne,Hussein,Fahad,Zayne,زين حسين فهد,Male,12/09/1994 14:27:30,Riyadh,Street 3,+966,5111528428,Saudi,Christian,7X)YCIhg6T,zayne.fahad441@example.com,1574500438,5470782702,True,Atika,Nasser,Akram,Atika,عاتكة ناصر أكرم,Female,12/09/1991 14:27:30,Dammam,Street 2,+966,5470782702,Saudi,Christian,atika.akram230@example.com,w4&qpM9P5S
7501,الأبتدائية,الرابعة,أ,2025-2026,2581236838,P1971481727,en,Ahmed,Turki,Zaid,Ahmed,أحمد تركي زيد,Male,12/09/2019 14:27:30,Riyadh,Street 5,+966,5196656540,Saudi,Muslim,ahmed.zaid525@example.com,h!07cNce8F,2744125499,5306137217,True,Turki,Abdulrahman,Zaid,Turki,تركي عبدالرحمن زيد,Male,12/09/1995 14:27:30,Dammam,Street 1,+966,5306137217,Saudi,Muslim,e3m%2Ph^JT,turki.zaid218@example.com,2407369956,5781858221,False,Tamadur,Nasser,Mahdi,Tamadur,تماضر ناصر مهدي,Female,12/09/1982 14:27:30,Jeddah,Street 1,+966,5781858221,Saudi,Muslim,tamadur.mahdi787@example.com,B9wm)JsO#g
5596,الأبتدائية,الرابعة,أ,2025-2026,1446841065,P1673837896,en,Assiya,Mahdi,Ahmed,Assiya,أسيا مهدي أحمد,Female,12/09/2019 14:27:30,Medina,Street 5,+966,5500363554,Saudi,Muslim,assiya.ahmed672@example.com,T1Wh4K2(ES,2346716511,5454809155,False,Mahdi,Sulaiman,Ahmed,Mahdi,مهدي سليمان أحمد,Male,12/09/1983 14:27:30,Dammam,Street 4,+966,5454809155,Saudi,Muslim,oh(Yrky0(G,mahdi.ahmed520@example.com,1395825945,5827940322,True,Maha,Akram,Omar,Maha,مها أكرم عمر,Female,12/09/1989 14:27:30,Mecca,Street 3,+966,5827940322,Saudi,Muslim,maha.omar801@example.com,jE2gfCaNN#
4008,الأبتدائية,الرابعة,أ,2025-2026,1397588606,P1260044734,ar,Ismail,Nasser,Saud,Ismail,إسماعيل ناصر سعود,Male,12/09/2014 14:27:30,Riyadh,Street 3,+966,5705311627,Saudi,Christian,ismail.saud436@example.com,nZBQl*0tC2,1141645484,5276766697,True,Nasser,Abdulrahman,Saud,Nasser,ناصر عبدالرحمن سعود,Male,12/09/1989 14:27:30,Medina,Street 5,+966,5276766697,Saudi,Christian,H9M1Uumw#$,nasser.saud210@example.com,1321487775,5225260464,False,Atika,Abdulaziz,Ahmed,Atika,عاتكة عبدالعزيز أحمد,Female,12/09/1982 14:27:30,Jeddah,Street 3,+966,5225260464,Saudi,Christian,atika.ahmed603@example.com,b(k4nNCy#N
1005,الأبتدائية,الرابعة,أ,2025-2026,2891995168,P2183915761,en,Fahad,Khalid,Omar,Fahad,فهد خالد عمر,Male,12/09/2019 14:27:30,Dammam,Street 1,+966,5640283357,Saudi,Christian,fahad.omar403@example.com,ey(y^qP2Jh,2927852316,5150745403,True,Khalid,Salman,Omar,Khalid,خالد سلمان عمر,Male,12/09/1991 14:27:30,Mecca,Street 3,+966,5150745403,Saudi,Christian,4$vp%IFw)7,khalid.omar835@example.com,2229984924,5145334894,False,Haya,Akram,Hassan,Haya,هيا أكرم حسن,Female,12/09/1981 14:27:30,Riyadh,Street 1,+966,5145334894,Saudi,Christian,haya.hassan414@example.com,o(bLsK(Bf7
2010,الأبتدائية,الرابعة,أ,2025-2026,1250701264,P2176033069,ar,Mahdi,Ali,Ahmed,Mahdi,مهدي علي أحمد,Male,12/09/2018 14:27:30,Mecca,Street 2,+966,5185434029,Saudi,Muslim,mahdi.ahmed378@example.com,FR1)DS3r3$,1956968482,5455680611,False,Ali,Turki,Ahmed,Ali,علي تركي أحمد,Male,12/09/1984 14:27:30,Medina,Street 3,+966,5455680611,Saudi,Muslim,#al2R7Q0#D,ali.ahmed703@example.com,2432490573,5450253896,True,Nadia,Bilal,Tariq,Nadia,نادية بلال طارق,Female,12/09/1993 14:27:30,Mecca,Street 3,+966,5450253896,Saudi,Muslim,nadia.tariq589@example.com,sgcNi%4HC@
8586,الأبتدائية,الرابعة,أ,2025-2026,1539830030,P1187175476,ar,Tariq,Turki,Zayne,Tariq,طارق تركي زين,Male,12/09/2017 14:27:30,Dammam,Street 5,+966,5559832798,Saudi,Christian,tariq.zayne354@example.com,1$fs%2osJT,1637598920,5755428648,False,Turki,Bilal,Zayne,Turki,تركي بلال زين,Male,12/09/1995 14:27:30,Mecca,Street 2,+966,5755428648,Saudi,Christian,6z9A04vP(i,turki.zayne725@example.com,1475474860,5639602509,True,Yasmin,Zaid,Ahmed,Yasmin,ياسمين زيد أحمد,Female,12/09/1982 14:27:30,Dammam,Street 2,+966,5639602509,Saudi,Christian,yasmin.ahmed195@example.com,)1pUJ*XTf2
6439,الأبتدائية,الرابعة,أ,2025-2026,2485005391,P2887674027,en,Sedra,Turki,Zayne,Sedra,سدرة تركي زين,Female,12/09/2017 14:27:30,Mecca,Street 5,+966,5698203607,Saudi,Christian,sedra.zayne684@example.com,f2yt2Y(%9&,1637598920,5755428648,False,Turki,Bilal,Zayne,Turki,تركي بلال زين,Male,12/09/1995 14:27:30,Mecca,Street 2,+966,5755428648,Saudi,Christian,6z9A04vP(i,turki.zayne725@example.com,1475474860,5639602509,True,Yasmin,Zaid,Ahmed,Yasmin,ياسمين زيد أحمد,Female,12/09/1982 14:27:30,Dammam,Street 2,+966,5639602509,Saudi,Christian,yasmin.ahmed195@example.com,)1pUJ*XTf2
5193,الأبتدائية,الرابعة,أ,2025-2026,2419119834,P2185018384,ar,Salem,Turki,Zayne,Salem,سالم تركي زين,Male,12/09/2015 14:27:30,Mecca,Street 1,+966,5329598917,Saudi,Christian,salem.zayne411@example.com,j#RC#41*Ou,1637598920,5755428648,False,Turki,Bilal,Zayne,Turki,تركي بلال زين,Male,12/09/1995 14:27:30,Mecca,Street 2,+966,5755428648,Saudi,Christian,6z9A04vP(i,turki.zayne725@example.com,1475474860,5639602509,True,Yasmin,Zaid,Ahmed,Yasmin,ياسمين زيد أحمد,Female,12/09/1982 14:27:30,Dammam,Street 2,+966,5639602509,Saudi,Christian,yasmin.ahmed195@example.com,)1pUJ*XTf2
3078,الأبتدائية,الرابعة,أ,2025-2026,1280070938,P1956905922,en,Abdulaziz,Ibrahim,Mohammed,Abdulaziz,عبدالعزيز إبراهيم محمد,Male,12/09/2014 14:27:30,Dammam,Street 5,+966,5172155687,Saudi,Muslim,abdulaziz.mohammed883@example.com,)YftU90WIi,2533828366,5360203142,True,Ibrahim,Hamza,Mohammed,Ibrahim,إبراهيم حمزة محمد,Male,12/09/1981 14:27:30,Jeddah,Street 3,+966,5360203142,Saudi,Muslim,f)#Y(J@X7Z,ibrahim.mohammed450@example.com,2623398248,5641574739,False,Lubaba,Nasser,Fahad,Lubaba,لبابة ناصر فهد,Female,12/09/1992 14:27:30,Mecca,Street 2,+966,5641574739,Saudi,Muslim,lubaba.fahad178@example.com,&yle$pSQU7
2194,الأبتدائية,الرابعة,أ,2025-2026,1572550635,P2642555715,ar,Dana,Ibrahim,Sulaiman,Dana,دانا إبراهيم سليمان,Female,12/09/2017 14:27:30,Medina,Street 5,+966,5604156557,Saudi,Christian,dana.sulaiman675@example.com,!0g&7S&gjC,1403541769,5134484594,True,Ibrahim,Hamza,Sulaiman,Ibrahim,إبراهيم حمزة سليمان,Male,12/09/1977 14:27:30,Dammam,Street 3,+966,5134484594,Saudi,Christian,4rr8s!DUMU,ibrahim.sulaiman973@example.com,1685981905,5790854980,False,Tamadur,Idris,Abdulrahman,Tamadur,تماضر إدريس عبدالرحمن,Female,12/09/1982 14:27:30,Dammam,Street 1,+966,5790854980,Saudi,Christian,tamadur.abdulrahman876@example.com,HI7Zh)2CqW
1789,الأبتدائية,الرابعة,أ,2025-2026,2327209213,P1600765285,ar,Zaid,Ibrahim,Sulaiman,Zaid,زيد إبراهيم سليمان,Male,12/09/2015 14:27:30,Medina,Street 1,+966,5917191374,Saudi,Christian,zaid.sulaiman783@example.com,E((QP%09o4,1403541769,5134484594,True,Ibrahim,Hamza,Sulaiman,Ibrahim,إبراهيم حمزة سليمان,Male,12/09/1977 14:27:30,Dammam,Street 3,+966,5134484594,Saudi,Christian,4rr8s!DUMU,ibrahim.sulaiman973@example.com,1685981905,5790854980,False,Tamadur,Idris,Abdulrahman,Tamadur,تماضر إدريس عبدالرحمن,Female,12/09/1982 14:27:30,Dammam,Street 1,+966,5790854980,Saudi,Christian,tamadur.abdulrahman876@example.com,HI7Zh)2CqW
2311,الأبتدائية,الرابعة,أ,2025-2026,2593317038,P1502541493,ar,Ismail,Omar,Mahdi,Ismail,إسماعيل عمر مهدي,Male,12/09/2015 14:27:30,Riyadh,Street 4,+966,5551667160,Saudi,Muslim,ismail.mahdi901@example.com,tnsj^&7y4K,1840800569,5595518052,True,Omar,Saud,Mahdi,Omar,عمر سعود مهدي,Male,12/09/1986 14:27:30,Dammam,Street 2,+966,5595518052,Saudi,Muslim,K0fQqlAL!h,omar.mahdi600@example.com,2434631817,5741689665,False,Aaliyah,Ahmed,Ibrahim,Aaliyah,عالية أحمد إبراهيم,Female,12/09/1986 14:27:30,Mecca,Street 1,+966,5741689665,Saudi,Muslim,aaliyah.ibrahim865@example.com,lr*T$97J(4
2738,الأبتدائية,الرابعة,أ,2025-2026,1272269298,P2541535163,ar,Aaliyah,Omar,Mahdi,Aaliyah,عالية عمر مهدي,Female,12/09/2019 14:27:30,Riyadh,Street 3,+966,5816997312,Saudi,Muslim,aaliyah.mahdi768@example.com,Q(EHRm53l#,1840800569,5595518052,True,Omar,Saud,Mahdi,Omar,عمر سعود مهدي,Male,12/09/1986 14:27:30,Dammam,Street 2,+966,5595518052,Saudi,Muslim,K0fQqlAL!h,omar.mahdi600@example.com,2434631817,5741689665,False,Aaliyah,Ahmed,Ibrahim,Aaliyah,عالية أحمد إبراهيم,Female,12/09/1986 14:27:30,Mecca,Street 1,+966,5741689665,Saudi,Muslim,aaliyah.ibrahim865@example.com,lr*T$97J(4
8411,الأبتدائية,الرابعة,أ,2025-2026,2604978422,P1308982326,ar,Rania,Tariq,Turki,Rania,رانيا طارق تركي,Female,12/09/2018 14:27:30,Medina,Street 2,+966,5397788733,Saudi,Muslim,rania.turki852@example.com,f(&dC11Ubf,1400617001,5355121023,False,Tariq,Bilal,Turki,Tariq,طارق بلال تركي,Male,12/09/1981 14:27:30,Jeddah,Street 2,+966,5355121023,Saudi,Muslim,R#85kdoeQV,tariq.turki127@example.com,2524266796,5834140533,True,Zainab,Tariq,Salman,Zainab,زينب طارق سلمان,Female,12/09/1994 14:27:30,Riyadh,Street 2,+966,5834140533,Saudi,Muslim,zainab.salman132@example.com,*Y^7br2tyt
6191,الأبتدائية,الرابعة,أ,2025-2026,2652489599,P2580583115,en,Dana,Sultan,Akram,Dana,دانا سلطان أكرم,Female,12/09/2014 14:27:30,Mecca,Street 1,+966,5574286731,Saudi,Muslim,dana.akram824@example.com,nt0(H%t(jM,2232489493,5997125652,True,Sultan,Abdullah,Akram,Sultan,سلطان عبدالله أكرم,Male,12/09/1982 14:27:30,Medina,Street 3,+966,5997125652,Saudi,Muslim,oK3C6hGbs%,sultan.akram585@example.com,1904371292,5325378402,False,Khadijah,Mahdi,Fahad,Khadijah,خديجة مهدي فهد,Female,12/09/1993 14:27:30,Dammam,Street 3,+966,5325378402,Saudi,Muslim,khadijah.fahad791@example.com,jzwyPA2@kG
7871,الأبتدائية,الرابعة,أ,2025-2026,1434276949,P1120499804,en,Turki,Sultan,Akram,Turki,تركي سلطان أكرم,Male,12/09/2019 14:27:30,Medina,Street 1,+966,5550084656,Saudi,Muslim,turki.akram817@example.com,XNQlo**1k$,2232489493,5997125652,True,Sultan,Abdullah,Akram,Sultan,سلطان عبدالله أكرم,Male,12/09/1982 14:27:30,Medina,Street 3,+966,5997125652,Saudi,Muslim,oK3C6hGbs%,sultan.akram585@example.com,1904371292,5325378402,False,Khadijah,Mahdi,Fahad,Khadijah,خديجة مهدي فهد,Female,12/09/1993 14:27:30,Dammam,Street 3,+966,5325378402,Saudi,Muslim,khadijah.fahad791@example.com,jzwyPA2@kG
7387,الأبتدائية,الرابعة,أ,2025-2026,1374777587,P2367223376,en,Nora,Sultan,Akram,Nora,نورا سلطان أكرم,Female,12/09/2016 14:27:30,Jeddah,Street 1,+966,5560513683,Saudi,Muslim,nora.akram582@example.com,d6T^Tal#B8,2232489493,5997125652,True,Sultan,Abdullah,Akram,Sultan,سلطان عبدالله أكرم,Male,12/09/1982 14:27:30,Medina,Street 3,+966,5997125652,Saudi,Muslim,oK3C6hGbs%,sultan.akram585@example.com,1904371292,5325378402,False,Khadijah,Mahdi,Fahad,Khadijah,خديجة مهدي فهد,Female,12/09/1993 14:27:30,Dammam,Street 3,+966,5325378402,Saudi,Muslim,khadijah.fahad791@example.com,jzwyPA2@kG
2002,الأبتدائية,الرابعة,أ,2025-2026,2666295632,P2990593832,ar,Sulaiman,Sultan,Abdullah,Sulaiman,سليمان سلطان عبدالله,Male,12/09/2018 14:27:30,Jeddah,Street 4,+966,5352610328,Saudi,Muslim,sulaiman.abdullah535@example.com,4^x$KUCyfR,2953963052,5233399583,True,Sultan,Mohammed,Abdullah,Sultan,سلطان محمد عبدالله,Male,12/09/1981 14:27:30,Medina,Street 2,+966,5233399583,Saudi,Muslim,OsoD^br2Zp,sultan.abdullah382@example.com,2605134028,5804888322,False,Layla,Ali,Akram,Layla,ليلى علي أكرم,Female,12/09/1995 14:27:30,Dammam,Street 2,+966,5804888322,Saudi,Muslim,layla.akram987@example.com,JqQb&nrb14
4971,الأبتدائية,الرابعة,أ,2025-2026,2584174485,P1814873816,en,Mahdi,Tariq,Akram,Mahdi,مهدي طارق أكرم,Male,12/09/2014 14:27:30,Mecca,Street 4,+966,5896089798,Saudi,Muslim,mahdi.akram421@example.com,M$6R5RGonY,2728190246,5174449717,True,Tariq,Riyad,Akram,Tariq,طارق رياض أكرم,Male,12/09/1978 14:27:30,Dammam,Street 2,+966,5174449717,Saudi,Muslim,JPsi4BP*dd,tariq.akram273@example.com,2679481622,5779789914,False,Salma,Zayne,Zayne,Salma,سلمى زين زين,Female,12/09/1984 14:27:30,Riyadh,Street 3,+966,5779789914,Saudi,Muslim,salma.zayne128@example.com,kRls3Ll41*
9774,الأبتدائية,الرابعة,أ,2025-2026,1191268097,P1836421814,ar,Salem,Idris,Ali,Salem,سالم إدريس علي,Male,12/09/2019 14:27:30,Medina,Street 1,+966,5837275360,Saudi,Christian,salem.ali549@example.com,W6d78*$qGC,2799430183,5507227553,False,Idris,Omar,Ali,Idris,إدريس عمر علي,Male,12/09/1979 14:27:30,Mecca,Street 3,+966,5507227553,Saudi,Christian,De)dW1K*om,idris.ali665@example.com,2229498451,5183988025,True,Reem,Khalid,Fahad,Reem,ريم خالد فهد,Female,12/09/1988 14:27:30,Jeddah,Street 2,+966,5183988025,Saudi,Christian,reem.fahad109@example.com,Utq3i1Ia^#
8561,الأبتدائية,الرابعة,أ,2025-2026,2807043480,P2129183199,en,Salem,Turki,Ali,Salem,سالم تركي علي,Male,12/09/2016 14:27:30,Dammam,Street 3,+966,5107543427,Saudi,Christian,salem.ali732@example.com,H5rI$dkIsD,2928779811,5566138580,False,Turki,Mahdi,Ali,Turki,تركي مهدي علي,Male,12/09/1982 14:27:30,Medina,Street 2,+966,5566138580,Saudi,Christian,%g)SiuqD7&,turki.ali957@example.com,1348116392,5261298541,True,Sedra,Sultan,Ismail,Sedra,سدرة سلطان إسماعيل,Female,12/09/1985 14:27:30,Dammam,Street 1,+966,5261298541,Saudi,Christian,sedra.ismail402@example.com,nFD*8No7Z3
6683,الأبتدائية,الرابعة,أ,2025-2026,2387034007,P1114073163,ar,Nora,Ibrahim,Turki,Nora,نورا إبراهيم تركي,Female,12/09/2018 14:27:30,Jeddah,Street 3,+966,5947194182,Saudi,Muslim,nora.turki207@example.com,(0TLmBO0iY,1703856897,5999264287,True,Ibrahim,Ismail,Turki,Ibrahim,إبراهيم إسماعيل تركي,Male,12/09/1995 14:27:30,Riyadh,Street 3,+966,5999264287,Saudi,Muslim,uM7rkFk(X8,ibrahim.turki994@example.com,1839280848,5834845416,False,Assiya,Sulaiman,Ibrahim,Assiya,أسيا سليمان إبراهيم,Female,12/09/1992 14:27:30,Dammam,Street 1,+966,5834845416,Saudi,Muslim,assiya.ibrahim260@example.com,7EOjcaQ&^i
1535,الأبتدائية,الرابعة,أ,2025-2026,2489682045,P1605810869,ar,Sedra,Abdullah,Riyad,Sedra,سدرة عبدالله رياض,Female,12/09/2019 14:27:30,Dammam,Street 4,+966,5796054466,Saudi,Christian,sedra.riyad492@example.com,%Tw5TqS28w,2181656861,5644681828,True,Abdullah,Mahdi,Riyad,Abdullah,عبدالله مهدي رياض,Male,12/09/1985 14:27:30,Jeddah,Street 4,+966,5644681828,Saudi,Christian,LaY&&lI76L,abdullah.riyad400@example.com,1192552699,5216060327,False,Assiya,Hamza,Saud,Assiya,أسيا حمزة سعود,Female,12/09/1981 14:27:30,Medina,Street 3,+966,5216060327,Saudi,Christian,assiya.saud730@example.com,6T8r(Uj@)7
4179,الأبتدائية,الرابعة,أ,2025-2026,1802396098,P1787610224,ar,Abdullah,Zaid,Abdulrahman,Abdullah,عبدالله زيد عبدالرحمن,Male,12/09/2019 14:27:30,Medina,Street 3,+966,5320109275,Saudi,Muslim,abdullah.abdulrahman444@example.com,*YrSYp0Wqz,2332370736,5853788058,True,Zaid,Hassan,Abdulrahman,Zaid,زيد حسن عبدالرحمن,Male,12/09/1985 14:27:30,Jeddah,Street 5,+966,5853788058,Saudi,Muslim,c1f@i(Ta$g,zaid.abdulrahman178@example.com,1358210594,5313224907,False,Assiya,Hassan,Hassan,Assiya,أسيا حسن حسن,Female,12/09/1997 14:27:30,Riyadh,Street 2,+966,5313224907,Saudi,Muslim,assiya.hassan303@example.com,ZO%Rhew0f0
2636,الأبتدائية,الرابعة,أ,2025-2026,2728657984,P2427694042,ar,Yousef,Zaid,Abdulrahman,Yousef,يوسف زيد عبدالرحمن,Male,12/09/2014 14:27:30,Medina,Street 2,+966,5418338597,Saudi,Muslim,yousef.abdulrahman488@example.com,wWk3B3*WIt,2332370736,5853788058,True,Zaid,Hassan,Abdulrahman,Zaid,زيد حسن عبدالرحمن,Male,12/09/1985 14:27:30,Jeddah,Street 5,+966,5853788058,Saudi,Muslim,c1f@i(Ta$g,zaid.abdulrahman178@example.com,1358210594,5313224907,False,Assiya,Hassan,Hassan,Assiya,أسيا حسن حسن,Female,12/09/1997 14:27:30,Riyadh,Street 2,+966,5313224907,Saudi,Muslim,assiya.hassan303@example.com,ZO%Rhew0f0
3741,الأبتدائية,الرابعة,أ,2025-2026,1757060886,P2274751543,en,Ismail,Bilal,Riyad,Ismail,إسماعيل بلال رياض,Male,12/09/2016 14:27:30,Jeddah,Street 4,+966,5790521047,Saudi,Muslim,ismail.riyad704@example.com,8MG#)m#zoQ,2944993564,5185240211,False,Bilal,Yousef,Riyad,Bilal,بلال يوسف رياض,Male,12/09/1989 14:27:30,Dammam,Street 4,+966,5185240211,Saudi,Muslim,Hwc)5AAuea,bilal.riyad552@example.com,2941883371,5297156484,True,Lina,Nasser,Saud,Lina,لينا ناصر سعود,Female,12/09/1996 14:27:30,Jeddah,Street 5,+966,5297156484,Saudi,Muslim,lina.saud464@example.com,y97m9POyr^
4762,الأبتدائية,الرابعة,أ,2025-2026,2176497367,P2751567836,en,Sara,Bilal,Riyad,Sara,سارة بلال رياض,Female,12/09/2017 14:27:30,Jeddah,Street 4,+966,5874082821,Saudi,Muslim,sara.riyad914@example.com,zeEC%k0K$A,2944993564,5185240211,False,Bilal,Yousef,Riyad,Bilal,بلال يوسف رياض,Male,12/09/1989 14:27:30,Dammam,Street 4,+966,5185240211,Saudi,Muslim,Hwc)5AAuea,bilal.riyad552@example.com,2941883371,5297156484,True,Lina,Nasser,Saud,Lina,لينا ناصر سعود,Female,12/09/1996 14:27:30,Jeddah,Street 5,+966,5297156484,Saudi,Muslim,lina.saud464@example.com,y97m9POyr^
4287,الأبتدائية,الرابعة,ب,2025-2026,1630987878,P1461121147,en,Mohammed,Abdullah,Fahad,Mohammed,محمد عبدالله فهد,Male,12/09/2019 14:27:30,Medina,Street 4,+966,5241340292,Saudi,Christian,mohammed.fahad686@example.com,Jr4s&u!E&A,1923127657,5219470287,True,Abdullah,Ibrahim,Fahad,Abdullah,عبدالله إبراهيم فهد,Male,12/09/1987 14:27:30,Mecca,Street 5,+966,5219470287,Saudi,Christian,OyUo)7W0*l,abdullah.fahad634@example.com,1228256998,5551655322,False,Maryam,Riyad,Akram,Maryam,مريم رياض أكرم,Female,12/09/1994 14:27:30,Riyadh,Street 2,+966,5551655322,Saudi,Christian,maryam.akram862@example.com,t3!z4Zk)$P
1979,الأبتدائية,الرابعة,ب,2025-2026,2981276162,P2872352507,en,Khalid,Hassan,Zaid,Khalid,خالد حسن زيد,Male,12/09/2017 14:27:30,Mecca,Street 3,+966,5449213799,Saudi,Christian,khalid.zaid434@example.com,XjZJ1WFw^j,2108384175,5816896938,False,Hassan,Abdulaziz,Zaid,Hassan,حسن عبدالعزيز زيد,Male,12/09/1993 14:27:30,Riyadh,Street 3,+966,5816896938,Saudi,Christian,2TqCh7(Nzi,hassan.zaid332@example.com,2248605354,5507612703,True,Ruqaya,Salem,Riyad,Ruqaya,رقية سالم رياض,Female,12/09/1983 14:27:30,Dammam,Street 5,+966,5507612703,Saudi,Christian,ruqaya.riyad751@example.com,aU77N!(*T8
9371,الأبتدائية,الرابعة,ب,2025-2026,1252794503,P2659696796,ar,Ismail,Fahad,Ali,Ismail,إسماعيل فهد علي,Male,12/09/2014 14:27:30,Dammam,Street 5,+966,5302180053,Saudi,Muslim,ismail.ali900@example.com,Y0ggV*g)n^,2169186529,5839778132,True,Fahad,Ahmed,Ali,Fahad,فهد أحمد علي,Male,12/09/1980 14:27:30,Dammam,Street 4,+966,5839778132,Saudi,Muslim,yh8qKY$Kg*,fahad.ali737@example.com,2268924798,5218771134,False,Haya,Abdullah,Tariq,Haya,هيا عبدالله طارق,Female,12/09/1989 14:27:30,Riyadh,Street 3,+966,5218771134,Saudi,Muslim,haya.tariq971@example.com,qoTF4Mxhy&
1712,الأبتدائية,الرابعة,ب,2025-2026,2589129429,P2145370541,ar,Sara,Akram,Akram,Sara,سارة أكرم أكرم,Female,12/09/2015 14:27:30,Dammam,Street 4,+966,5123561668,Saudi,Christian,sara.akram975@example.com,I)EIY9Sjib,1558652624,5883869963,True,Akram,Hassan,Akram,Akram,أكرم حسن أكرم,Male,12/09/1976 14:27:30,Jeddah,Street 1,+966,5883869963,Saudi,Christian,pZxDQ&ZV)6,akram.akram172@example.com,1895093997,5828529363,False,Safiyyah,Nasser,Zayne,Safiyyah,صفية ناصر زين,Female,12/09/1995 14:27:30,Riyadh,Street 4,+966,5828529363,Saudi,Christian,safiyyah.zayne930@example.com,lrUKA0LHw&
6282,الأبتدائية,الرابعة,ب,2025-2026,2207728236,P2319863849,en,Salman,Akram,Akram,Salman,سلمان أكرم أكرم,Male,12/09/2016 14:27:30,Riyadh,Street 2,+966,5842204938,Saudi,Christian,salman.akram547@example.com,@Ch@mwXKK7,1558652624,5883869963,True,Akram,Hassan,Akram,Akram,أكرم حسن أكرم,Male,12/09/1976 14:27:30,Jeddah,Street 1,+966,5883869963,Saudi,Christian,pZxDQ&ZV)6,akram.akram172@example.com,1895093997,5828529363,False,Safiyyah,Nasser,Zayne,Safiyyah,صفية ناصر زين,Female,12/09/1995 14:27:30,Riyadh,Street 4,+966,5828529363,Saudi,Christian,safiyyah.zayne930@example.com,lrUKA0LHw&
3852,الأبتدائية,الرابعة,ب,2025-2026,1502115790,P2588098503,ar,Maha,Akram,Akram,Maha,مها أكرم أكرم,Female,12/09/2015 14:27:30,Medina,Street 3,+966,5681815075,Saudi,Christian,maha.akram572@example.com,2!*xAdCr&N,1558652624,5883869963,True,Akram,Hassan,Akram,Akram,أكرم حسن أكرم,Male,12/09/1976 14:27:30,Jeddah,Street 1,+966,5883869963,Saudi,Christian,pZxDQ&ZV)6,akram.akram172@example.com,1895093997,5828529363,False,Safiyyah,Nasser,Zayne,Safiyyah,صفية ناصر زين,Female,12/09/1995 14:27:30,Riyadh,Street 4,+966,5828529363,Saudi,Christian,safiyyah.zayne930@example.com,lrUKA0LHw&
8660,الأبتدائية,الرابعة,ب,2025-2026,1168820745,P2697661679,en,Ruqaya,Hussein,Tariq,Ruqaya,رقية حسين طارق,Female,12/09/2016 14:27:30,Dammam,Street 3,+966,5198344314,Saudi,Muslim,ruqaya.tariq504@example.com,)Ti(1JwX6y,1190868253,5739906642,True,Hussein,Zayne,Tariq,Hussein,حسين زين طارق,Male,12/09/1992 14:27:30,Medina,Street 3,+966,5739906642,Saudi,Muslim,r2GT4e%P*9,hussein.tariq301@example.com,2886030865,5821930187,False,Dana,Hussein,Zayne,Dana,دانا حسين زين,Female,12/09/1988 14:27:30,Dammam,Street 1,+966,5821930187,Saudi,Muslim,dana.zayne488@example.com,0$q!5Oh8^4
7622,الأبتدائية,الرابعة,ب,2025-2026,1600978497,P1515636032,ar,Fatimah,Omar,Akram,Fatimah,فاطمة عمر أكرم,Female,12/09/2014 14:27:30,Riyadh,Street 2,+966,5506469097,Saudi,Christian,fatimah.akram824@example.com,pKs2ZkMkC),2455702976,5621180030,True,Omar,Salem,Akram,Omar,عمر سالم أكرم,Male,12/09/1977 14:27:30,Medina,Street 3,+966,5621180030,Saudi,Christian,&ShuRH9)c(,omar.akram722@example.com,1274588825,5579533430,False,Maryam,Zayne,Ali,Maryam,مريم زين علي,Female,12/09/1990 14:27:30,Medina,Street 2,+966,5579533430,Saudi,Christian,maryam.ali664@example.com,Ybg3oP%O!7
1075,الأبتدائية,الرابعة,ب,2025-2026,1768793037,P2491126605,ar,Khalid,Omar,Akram,Khalid,خالد عمر أكرم,Male,12/09/2015 14:27:30,Medina,Street 1,+966,5626032883,Saudi,Christian,khalid.akram926@example.com,9qjz@U$OZ#,2455702976,5621180030,True,Omar,Salem,Akram,Omar,عمر سالم أكرم,Male,12/09/1977 14:27:30,Medina,Street 3,+966,5621180030,Saudi,Christian,&ShuRH9)c(,omar.akram722@example.com,1274588825,5579533430,False,Maryam,Zayne,Ali,Maryam,مريم زين علي,Female,12/09/1990 14:27:30,Medina,Street 2,+966,5579533430,Saudi,Christian,maryam.ali664@example.com,Ybg3oP%O!7
3250,الأبتدائية,الرابعة,ب,2025-2026,1507300520,P1917266264,en,Nasser,Riyad,Hamza,Nasser,ناصر رياض حمزة,Male,12/09/2017 14:27:30,Jeddah,Street 5,+966,5632753385,Saudi,Muslim,nasser.hamza689@example.com,*76cv$ZkSD,2792543677,5213186030,True,Riyad,Khalid,Hamza,Riyad,رياض خالد حمزة,Male,12/09/1981 14:27:30,Mecca,Street 5,+966,5213186030,Saudi,Muslim,NfE#k^%681,riyad.hamza565@example.com,1482955907,5379768513,False,Lama,Saud,Akram,Lama,لمى سعود أكرم,Female,12/09/1989 14:27:30,Medina,Street 3,+966,5379768513,Saudi,Muslim,lama.akram868@example.com,L)dk79#Djm
5467,الأبتدائية,الرابعة,ب,2025-2026,2476186801,P2273398202,ar,Turki,Omar,Mohammed,Turki,تركي عمر محمد,Male,12/09/2014 14:27:30,Mecca,Street 3,+966,5135281561,Saudi,Muslim,turki.mohammed357@example.com,^X9AidbUDh,2118917101,5931339020,True,Omar,Bilal,Mohammed,Omar,عمر بلال محمد,Male,12/09/1990 14:27:30,Mecca,Street 5,+966,5931339020,Saudi,Muslim,oJ2tr%rocT,omar.mohammed598@example.com,2984260262,5288892975,False,Khadijah,Zayne,Salman,Khadijah,خديجة زين سلمان,Female,12/09/1983 14:27:30,Mecca,Street 3,+966,5288892975,Saudi,Muslim,khadijah.salman248@example.com,3)POFDAa@*
3998,الأبتدائية,الرابعة,ب,2025-2026,1135277476,P2165942320,en,Akram,Omar,Mohammed,Akram,أكرم عمر محمد,Male,12/09/2019 14:27:30,Jeddah,Street 5,+966,5474363903,Saudi,Muslim,akram.mohammed662@example.com,HTkN9E#vhb,2118917101,5931339020,True,Omar,Bilal,Mohammed,Omar,عمر بلال محمد,Male,12/09/1990 14:27:30,Mecca,Street 5,+966,5931339020,Saudi,Muslim,oJ2tr%rocT,omar.mohammed598@example.com,2984260262,5288892975,False,Khadijah,Zayne,Salman,Khadijah,خديجة زين سلمان,Female,12/09/1983 14:27:30,Mecca,Street 3,+966,5288892975,Saudi,Muslim,khadijah.salman248@example.com,3)POFDAa@*
4739,الأبتدائية,الرابعة,ب,2025-2026,1666110031,P2488802725,en,Safiyyah,Omar,Mohammed,Safiyyah,صفية عمر محمد,Female,12/09/2018 14:27:30,Medina,Street 3,+966,5419670784,Saudi,Muslim,safiyyah.mohammed486@example.com,JfGgdG$88b,2118917101,5931339020,True,Omar,Bilal,Mohammed,Omar,عمر بلال محمد,Male,12/09/1990 14:27:30,Mecca,Street 5,+966,5931339020,Saudi,Muslim,oJ2tr%rocT,omar.mohammed598@example.com,2984260262,5288892975,False,Khadijah,Zayne,Salman,Khadijah,خديجة زين سلمان,Female,12/09/1983 14:27:30,Mecca,Street 3,+966,5288892975,Saudi,Muslim,khadijah.salman248@example.com,3)POFDAa@*
7349,الأبتدائية,الرابعة,ب,2025-2026,2509933789,P2649892945,en,Rania,Abdulaziz,Khalid,Rania,رانيا عبدالعزيز خالد,Female,12/09/2018 14:27:30,Jeddah,Street 1,+966,5150288990,Saudi,Muslim,rania.khalid890@example.com,m1LjUPQXm@,1985373351,5111946678,False,Abdulaziz,Hussein,Khalid,Abdulaziz,عبدالعزيز حسين خالد,Male,12/09/1994 14:27:30,Riyadh,Street 4,+966,5111946678,Saudi,Muslim,Y0&cx6Z9mq,abdulaziz.khalid654@example.com,2509562943,5930715218,True,Noor,Abdullah,Hassan,Noor,نور عبدالله حسن,Female,12/09/1987 14:27:30,Riyadh,Street 5,+966,5930715218,Saudi,Muslim,noor.hassan941@example.com,&fh&0JlB^k
1199,الأبتدائية,الرابعة,ب,2025-2026,2717871769,P2643483796,en,Idris,Salman,Salman,Idris,إدريس سلمان سلمان,Male,12/09/2016 14:27:30,Jeddah,Street 5,+966,5914886119,Saudi,Christian,idris.salman112@example.com,56(PQOcg#S,1381612052,5715836687,False,Salman,Abdulaziz,Salman,Salman,سلمان عبدالعزيز سلمان,Male,12/09/1983 14:27:30,Dammam,Street 4,+966,5715836687,Saudi,Christian,m&VbW5VQ8y,salman.salman921@example.com,2704584523,5980814388,True,Noor,Ahmed,Mahdi,Noor,نور أحمد مهدي,Female,12/09/1990 14:27:30,Dammam,Street 4,+966,5980814388,Saudi,Christian,noor.mahdi376@example.com,w!RZ%h05EH
1360,الأبتدائية,الرابعة,ب,2025-2026,1143918598,P2591754071,ar,Yasmin,Akram,Zayne,Yasmin,ياسمين أكرم زين,Female,12/09/2014 14:27:30,Riyadh,Street 3,+966,5916851389,Saudi,Muslim,yasmin.zayne865@example.com,^$25T*xpL8,1875667869,5898728417,True,Akram,Abdulaziz,Zayne,Akram,أكرم عبدالعزيز زين,Male,12/09/1979 14:27:30,Riyadh,Street 1,+966,5898728417,Saudi,Muslim,xH3cZo2)R2,akram.zayne350@example.com,1219197874,5956184080,False,Hanan,Bilal,Turki,Hanan,حنان بلال تركي,Female,12/09/1995 14:27:30,Dammam,Street 4,+966,5956184080,Saudi,Muslim,hanan.turki829@example.com,9V5%2OPcuW
6064,الأبتدائية,الرابعة,ب,2025-2026,2729652377,P2684017340,ar,Ruqaya,Akram,Zayne,Ruqaya,رقية أكرم زين,Female,12/09/2016 14:27:30,Mecca,Street 2,+966,5129317566,Saudi,Muslim,ruqaya.zayne188@example.com,z%jG)3TZqb,1875667869,5898728417,True,Akram,Abdulaziz,Zayne,Akram,أكرم عبدالعزيز زين,Male,12/09/1979 14:27:30,Riyadh,Street 1,+966,5898728417,Saudi,Muslim,xH3cZo2)R2,akram.zayne350@example.com,1219197874,5956184080,False,Hanan,Bilal,Turki,Hanan,حنان بلال تركي,Female,12/09/1995 14:27:30,Dammam,Street 4,+966,5956184080,Saudi,Muslim,hanan.turki829@example.com,9V5%2OPcuW
9575,الأبتدائية,الرابعة,ب,2025-2026,1968969316,P1635335414,ar,Nasser,Akram,Zayne,Nasser,ناصر أكرم زين,Male,12/09/2018 14:27:30,Jeddah,Street 5,+966,5895182153,Saudi,Muslim,nasser.zayne423@example.com,N6ot1V7%(T,1875667869,5898728417,True,Akram,Abdulaziz,Zayne,Akram,أكرم عبدالعزيز زين,Male,12/09/1979 14:27:30,Riyadh,Street 1,+966,5898728417,Saudi,Muslim,xH3cZo2)R2,akram.zayne350@example.com,1219197874,5956184080,False,Hanan,Bilal,Turki,Hanan,حنان بلال تركي,Female,12/09/1995 14:27:30,Dammam,Street 4,+966,5956184080,Saudi,Muslim,hanan.turki829@example.com,9V5%2OPcuW
4171,الأبتدائية,الرابعة,ب,2025-2026,2966031231,P2860701073,ar,Ahmed,Turki,Tariq,Ahmed,أحمد تركي طارق,Male,12/09/2014 14:27:30,Riyadh,Street 4,+966,5351228302,Saudi,Muslim,ahmed.tariq180@example.com,XXrl@vWK9),2812462564,5108849621,False,Turki,Hussein,Tariq,Turki,تركي حسين طارق,Male,12/09/1993 14:27:30,Medina,Street 4,+966,5108849621,Saudi,Muslim,@dtB7LX80B,turki.tariq795@example.com,1721671506,5769184218,True,Hanan,Hussein,Abdullah,Hanan,حنان حسين عبدالله,Female,12/09/1988 14:27:30,Dammam,Street 5,+966,5769184218,Saudi,Muslim,hanan.abdullah864@example.com,@20*K8Sub!
2255,الأبتدائية,الرابعة,ب,2025-2026,2422852232,P1499790662,ar,Zayne,Sulaiman,Hamza,Zayne,زين سليمان حمزة,Male,12/09/2015 14:27:30,Dammam,Street 1,+966,5799365110,Saudi,Christian,zayne.hamza339@example.com,@0ch!4zJX#,2926422005,5598605943,False,Sulaiman,Fahad,Hamza,Sulaiman,سليمان فهد حمزة,Male,12/09/1985 14:27:30,Jeddah,Street 1,+966,5598605943,Saudi,Christian,gx^Z8jTzkK,sulaiman.hamza908@example.com,1379066508,5665173015,True,Lubaba,Ibrahim,Hassan,Lubaba,لبابة إبراهيم حسن,Female,12/09/1981 14:27:30,Dammam,Street 3,+966,5665173015,Saudi,Christian,lubaba.hassan454@example.com,TNF0sF(%^T
3255,الأبتدائية,الرابعة,ب,2025-2026,2177432375,P2842806083,ar,Zahra,Zaid,Hassan,Zahra,زهرة زيد حسن,Female,12/09/2014 14:27:30,Dammam,Street 2,+966,5249524812,Saudi,Muslim,zahra.hassan442@example.com,&#Z)P57Os#,1281976990,5136483327,False,Zaid,Abdulaziz,Hassan,Zaid,زيد عبدالعزيز حسن,Male,12/09/1981 14:27:30,Mecca,Street 1,+966,5136483327,Saudi,Muslim,9W(#dtS07R,zaid.hassan976@example.com,2972929291,5525159625,True,Hanan,Turki,Mohammed,Hanan,حنان تركي محمد,Female,12/09/1983 14:27:30,Jeddah,Street 2,+966,5525159625,Saudi,Muslim,hanan.mohammed426@example.com,BkI5)AZ5mk
7359,الأبتدائية,الرابعة,ب,2025-2026,1978250979,P2400491982,en,Ismail,Hamza,Abdulaziz,Ismail,إسماعيل حمزة عبدالعزيز,Male,12/09/2017 14:27:30,Medina,Street 3,+966,5687099492,Saudi,Christian,ismail.abdulaziz214@example.com,@0Jj(RGsF4,2273391741,5595005107,False,Hamza,Hamza,Abdulaziz,Hamza,حمزة حمزة عبدالعزيز,Male,12/09/1977 14:27:30,Riyadh,Street 1,+966,5595005107,Saudi,Christian,R1EpP#r2*n,hamza.abdulaziz634@example.com,1659350588,5162880753,True,Dana,Bilal,Ismail,Dana,دانا بلال إسماعيل,Female,12/09/1983 14:27:30,Jeddah,Street 4,+966,5162880753,Saudi,Christian,dana.ismail772@example.com,0X7nx*lJW%
2330,الأبتدائية,الرابعة,ب,2025-2026,1698501402,P1525090108,en,Salman,Zayne,Abdulaziz,Salman,سلمان زين عبدالعزيز,Male,12/09/2017 14:27:30,Riyadh,Street 5,+966,5128801801,Saudi,Christian,salman.abdulaziz127@example.com,VqHXUo!y1s,1529847530,5359041107,True,Zayne,Tariq,Abdulaziz,Zayne,زين طارق عبدالعزيز,Male,12/09/1979 14:27:30,Jeddah,Street 1,+966,5359041107,Saudi,Christian,#ZWOq6N4e$,zayne.abdulaziz250@example.com,2889862324,5719623469,False,Salma,Abdulaziz,Tariq,Salma,سلمى عبدالعزيز طارق,Female,12/09/1992 14:27:30,Dammam,Street 5,+966,5719623469,Saudi,Christian,salma.tariq328@example.com,pw&C)A1k1#
1545,الأبتدائية,الرابعة,ج,2025-2026,2272196187,P1607192587,en,Reem,Ahmed,Hamza,Reem,ريم أحمد حمزة,Female,12/09/2017 14:27:30,Medina,Street 4,+966,5502834020,Saudi,Muslim,reem.hamza535@example.com,#aXx3b!p3C,1333262952,5182777045,False,Ahmed,Yousef,Hamza,Ahmed,أحمد يوسف حمزة,Male,12/09/1977 14:27:30,Jeddah,Street 3,+966,5182777045,Saudi,Muslim,8Y%z4168yF,ahmed.hamza183@example.com,1499126355,5367588094,True,Assiya,Mahdi,Hamza,Assiya,أسيا مهدي حمزة,Female,12/09/1993 14:27:30,Medina,Street 1,+966,5367588094,Saudi,Muslim,assiya.hamza823@example.com,Ld^5AYoR9k
9748,الأبتدائية,الرابعة,ج,2025-2026,2719088625,P1206436313,ar,Fahad,Ahmed,Hamza,Fahad,فهد أحمد حمزة,Male,12/09/2018 14:27:30,Dammam,Street 1,+966,5650143141,Saudi,Muslim,fahad.hamza945@example.com,86#J!bR@R1,1333262952,5182777045,False,Ahmed,Yousef,Hamza,Ahmed,أحمد يوسف حمزة,Male,12/09/1977 14:27:30,Jeddah,Street 3,+966,5182777045,Saudi,Muslim,8Y%z4168yF,ahmed.hamza183@example.com,1499126355,5367588094,True,Assiya,Mahdi,Hamza,Assiya,أسيا مهدي حمزة,Female,12/09/1993 14:27:30,Medina,Street 1,+966,5367588094,Saudi,Muslim,assiya.hamza823@example.com,Ld^5AYoR9k
6104,الأبتدائية,الرابعة,ج,2025-2026,2918820516,P2370012148,en,Sulaiman,Omar,Bilal,Sulaiman,سليمان عمر بلال,Male,12/09/2017 14:27:30,Mecca,Street 3,+966,5464517064,Saudi,Christian,sulaiman.bilal279@example.com,nDmX#S%^D6,2844844001,5578285446,False,Omar,Mahdi,Bilal,Omar,عمر مهدي بلال,Male,12/09/1986 14:27:30,Dammam,Street 2,+966,5578285446,Saudi,Christian,T469c&eTv4,omar.bilal510@example.com,1661092517,5150865657,True,Aisha,Khalid,Salem,Aisha,عائشة خالد سالم,Female,12/09/1989 14:27:30,Mecca,Street 1,+966,5150865657,Saudi,Christian,aisha.salem697@example.com,%!LtAW5B1j
8595,الأبتدائية,الرابعة,ج,2025-2026,2365019536,P2762330169,en,Dana,Riyad,Tariq,Dana,دانا رياض طارق,Female,12/09/2019 14:27:30,Mecca,Street 1,+966,5364073201,Saudi,Christian,dana.tariq372@example.com,AZxhC5@8Z3,2927263943,5221704933,True,Riyad,Abdulaziz,Tariq,Riyad,رياض عبدالعزيز طارق,Male,12/09/1983 14:27:30,Mecca,Street 4,+966,5221704933,Saudi,Christian,80gz@II1mS,riyad.tariq660@example.com,1731470903,5404034576,False,Nadia,Nasser,Zayne,Nadia,نادية ناصر زين,Female,12/09/1982 14:27:30,Dammam,Street 1,+966,5404034576,Saudi,Christian,nadia.zayne194@example.com,o97x@gX^6Z
9628,الأبتدائية,الرابعة,ج,2025-2026,1542253937,P2590168034,ar,Maryam,Ali,Abdulaziz,Maryam,مريم علي عبدالعزيز,Female,12/09/2014 14:27:30,Dammam,Street 5,+966,5373407434,Saudi,Muslim,maryam.abdulaziz615@example.com,x^5Unf5krJ,1707539118,5140088158,True,Ali,Ismail,Abdulaziz,Ali,علي إسماعيل عبدالعزيز,Male,12/09/1981 14:27:30,Mecca,Street 1,+966,5140088158,Saudi,Muslim,6V4G6ep#hs,ali.abdulaziz864@example.com,1237959450,5399768913,False,Reem,Ismail,Ahmed,Reem,ريم إسماعيل أحمد,Female,12/09/1995 14:27:30,Dammam,Street 5,+966,5399768913,Saudi,Muslim,reem.ahmed366@example.com,s0gn)4UWZt
5466,الأبتدائية,الرابعة,ج,2025-2026,1763789600,P1946197739,en,Yasmin,Ali,Abdulaziz,Yasmin,ياسمين علي عبدالعزيز,Female,12/09/2016 14:27:30,Mecca,Street 4,+966,5478749507,Saudi,Muslim,yasmin.abdulaziz857@example.com,Gf30F%nKj),1707539118,5140088158,True,Ali,Ismail,Abdulaziz,Ali,علي إسماعيل عبدالعزيز,Male,12/09/1981 14:27:30,Mecca,Street 1,+966,5140088158,Saudi,Muslim,6V4G6ep#hs,ali.abdulaziz864@example.com,1237959450,5399768913,False,Reem,Ismail,Ahmed,Reem,ريم إسماعيل أحمد,Female,12/09/1995 14:27:30,Dammam,Street 5,+966,5399768913,Saudi,Muslim,reem.ahmed366@example.com,s0gn)4UWZt
4995,الأبتدائية,الرابعة,ج,2025-2026,1871745863,P2378732156,en,Sedra,Akram,Hassan,Sedra,سدرة أكرم حسن,Female,12/09/2018 14:27:30,Dammam,Street 5,+966,5886881928,Saudi,Muslim,sedra.hassan826@example.com,%0TqtShzXB,2963540896,5775435918,True,Akram,Akram,Hassan,Akram,أكرم أكرم حسن,Male,12/09/1995 14:27:30,Mecca,Street 4,+966,5775435918,Saudi,Muslim,3IVe7$xfz!,akram.hassan626@example.com,2702762539,5808209406,False,Rania,Ibrahim,Salman,Rania,رانيا إبراهيم سلمان,Female,12/09/1996 14:27:30,Mecca,Street 2,+966,5808209406,Saudi,Muslim,rania.salman218@example.com,@Rl(ltR!T2
4016,الأبتدائية,الرابعة,ج,2025-2026,2944348399,P1383675666,ar,Ali,Sultan,Zayne,Ali,علي سلطان زين,Male,12/09/2019 14:27:30,Mecca,Street 4,+966,5874643600,Saudi,Muslim,ali.zayne405@example.com,iO&&9PXxiS,2108012026,5629212233,False,Sultan,Turki,Zayne,Sultan,سلطان تركي زين,Male,12/09/1980 14:27:30,Mecca,Street 1,+966,5629212233,Saudi,Muslim,8HtGR!J%6r,sultan.zayne978@example.com,2151870300,5353016807,True,Tamadur,Turki,Fahad,Tamadur,تماضر تركي فهد,Female,12/09/1981 14:27:30,Dammam,Street 4,+966,5353016807,Saudi,Muslim,tamadur.fahad204@example.com,$AgJ9V0!j3
9875,الأبتدائية,الرابعة,ج,2025-2026,2746651207,P1485576470,en,Nasser,Sultan,Zayne,Nasser,ناصر سلطان زين,Male,12/09/2018 14:27:30,Riyadh,Street 5,+966,5861058070,Saudi,Muslim,nasser.zayne245@example.com,D4hP%cRoqH,2108012026,5629212233,False,Sultan,Turki,Zayne,Sultan,سلطان تركي زين,Male,12/09/1980 14:27:30,Mecca,Street 1,+966,5629212233,Saudi,Muslim,8HtGR!J%6r,sultan.zayne978@example.com,2151870300,5353016807,True,Tamadur,Turki,Fahad,Tamadur,تماضر تركي فهد,Female,12/09/1981 14:27:30,Dammam,Street 4,+966,5353016807,Saudi,Muslim,tamadur.fahad204@example.com,$AgJ9V0!j3
1386,الأبتدائية,الرابعة,ج,2025-2026,2912773689,P2495486484,ar,Saud,Abdulaziz,Hussein,Saud,سعود عبدالعزيز حسين,Male,12/09/2015 14:27:30,Riyadh,Street 5,+966,5591522367,Saudi,Muslim,saud.hussein947@example.com,qmkb^nJ8sg,2547869223,5670157815,False,Abdulaziz,Sulaiman,Hussein,Abdulaziz,عبدالعزيز سليمان حسين,Male,12/09/1980 14:27:30,Medina,Street 1,+966,5670157815,Saudi,Muslim,&w^N8vA7g!,abdulaziz.hussein590@example.com,1587842585,5378508189,True,Safiyyah,Idris,Idris,Safiyyah,صفية إدريس إدريس,Female,12/09/1992 14:27:30,Jeddah,Street 3,+966,5378508189,Saudi,Muslim,safiyyah.idris360@example.com,2^S6(IV(kn
9200,الأبتدائية,الرابعة,ج,2025-2026,2892730067,P2268008544,ar,Zaid,Bilal,Abdulaziz,Zaid,زيد بلال عبدالعزيز,Male,12/09/2014 14:27:30,Mecca,Street 2,+966,5604177871,Saudi,Muslim,zaid.abdulaziz861@example.com,S0jHRRJ7f!,2340678048,5154955458,True,Bilal,Akram,Abdulaziz,Bilal,بلال أكرم عبدالعزيز,Male,12/09/1980 14:27:30,Medina,Street 2,+966,5154955458,Saudi,Muslim,5iOAjL6K&%,bilal.abdulaziz769@example.com,1686568368,5834309766,False,Aaliyah,Zayne,Salman,Aaliyah,عالية زين سلمان,Female,12/09/1996 14:27:30,Jeddah,Street 5,+966,5834309766,Saudi,Muslim,aaliyah.salman747@example.com,J^(31qe5wL
7677,الأبتدائية,الرابعة,ج,2025-2026,2951433351,P2301570130,en,Layla,Sultan,Ibrahim,Layla,ليلى سلطان إبراهيم,Female,12/09/2014 14:27:30,Medina,Street 1,+966,5501245482,Saudi,Christian,layla.ibrahim195@example.com,GVP6zY((d),2234526474,5278788449,True,Sultan,Ismail,Ibrahim,Sultan,سلطان إسماعيل إبراهيم,Male,12/09/1988 14:27:30,Jeddah,Street 4,+966,5278788449,Saudi,Christian,tsmj7S)2vK,sultan.ibrahim809@example.com,1222668099,5898905854,False,Noor,Ahmed,Riyad,Noor,نور أحمد رياض,Female,12/09/1983 14:27:30,Dammam,Street 4,+966,5898905854,Saudi,Christian,noor.riyad333@example.com,!@5)qYvnE*
3125,الأبتدائية,الرابعة,ج,2025-2026,1369756761,P2351975612,ar,Amal,Ali,Tariq,Amal,أمل علي طارق,Female,12/09/2018 14:27:30,Medina,Street 2,+966,5360480509,Saudi,Muslim,amal.tariq373@example.com,bA*I4TJ^x@,2190772085,5524580869,True,Ali,Ali,Tariq,Ali,علي علي طارق,Male,12/09/1987 14:27:30,Mecca,Street 1,+966,5524580869,Saudi,Muslim,5f#$cAR0ZL,ali.tariq591@example.com,2849213579,5619808771,False,Sara,Hamza,Sulaiman,Sara,سارة حمزة سليمان,Female,12/09/1983 14:27:30,Jeddah,Street 5,+966,5619808771,Saudi,Muslim,sara.sulaiman942@example.com,*W%tYMW5ln
7217,الأبتدائية,الرابعة,ج,2025-2026,1218556702,P1508083071,ar,Hamza,Nasser,Sulaiman,Hamza,حمزة ناصر سليمان,Male,12/09/2019 14:27:30,Medina,Street 2,+966,5524749577,Saudi,Muslim,hamza.sulaiman874@example.com,*EC4v!uIqj,2187518058,5602324325,False,Nasser,Turki,Sulaiman,Nasser,ناصر تركي سليمان,Male,12/09/1979 14:27:30,Mecca,Street 5,+966,5602324325,Saudi,Muslim,5)@@R6W3h@,nasser.sulaiman258@example.com,1141568914,5828497874,True,Hanan,Hamza,Omar,Hanan,حنان حمزة عمر,Female,12/09/1987 14:27:30,Jeddah,Street 5,+966,5828497874,Saudi,Muslim,hanan.omar354@example.com,h8r^FsvP^l
2969,الأبتدائية,الرابعة,ج,2025-2026,1206921333,P2534457853,en,Ismail,Ahmed,Zaid,Ismail,إسماعيل أحمد زيد,Male,12/09/2018 14:27:30,Medina,Street 1,+966,5779252388,Saudi,Muslim,ismail.zaid698@example.com,hP&aSpZ0ib,2508481859,5967620591,True,Ahmed,Sultan,Zaid,Ahmed,أحمد سلطان زيد,Male,12/09/1989 14:27:30,Mecca,Street 4,+966,5967620591,Saudi,Muslim,bhyOv&3%W8,ahmed.zaid880@example.com,2281111666,5836801974,False,Yasmin,Omar,Salem,Yasmin,ياسمين عمر سالم,Female,12/09/1996 14:27:30,Mecca,Street 2,+966,5836801974,Saudi,Muslim,yasmin.salem723@example.com,G$28A5Fsv%
3058,الأبتدائية,الرابعة,ج,2025-2026,2246095897,P1928155552,ar,Rania,Yousef,Ali,Rania,رانيا يوسف علي,Female,12/09/2015 14:27:30,Riyadh,Street 3,+966,5962799117,Saudi,Christian,rania.ali159@example.com,DVb9Og*8AU,1619205134,5678987704,False,Yousef,Nasser,Ali,Yousef,يوسف ناصر علي,Male,12/09/1995 14:27:30,Mecca,Street 4,+966,5678987704,Saudi,Christian,YD&kC)yi0I,yousef.ali674@example.com,2485688847,5287556210,True,Zahra,Ibrahim,Saud,Zahra,زهرة إبراهيم سعود,Female,12/09/1995 14:27:30,Mecca,Street 3,+966,5287556210,Saudi,Christian,zahra.saud306@example.com,)EdTXKC4%V
5439,الأبتدائية,الرابعة,ج,2025-2026,1859537249,P2272886125,ar,Mahdi,Hamza,Turki,Mahdi,مهدي حمزة تركي,Male,12/09/2015 14:27:30,Dammam,Street 3,+966,5291933754,Saudi,Christian,mahdi.turki846@example.com,xf1Osf7W#J,2199556009,5750156080,True,Hamza,Abdulaziz,Turki,Hamza,حمزة عبدالعزيز تركي,Male,12/09/1995 14:27:30,Riyadh,Street 4,+966,5750156080,Saudi,Christian,bnK9%aZa5N,hamza.turki446@example.com,1617106172,5310366732,False,Atika,Ahmed,Riyad,Atika,عاتكة أحمد رياض,Female,12/09/1982 14:27:30,Riyadh,Street 5,+966,5310366732,Saudi,Christian,atika.riyad926@example.com,O!UU#j9Eem
9878,الأبتدائية,الرابعة,ج,2025-2026,1427153305,P1183498082,en,Tariq,Riyad,Bilal,Tariq,طارق رياض بلال,Male,12/09/2015 14:27:30,Jeddah,Street 1,+966,5840528269,Saudi,Muslim,tariq.bilal291@example.com,y0fviaDzZ#,2836171570,5697523961,False,Riyad,Hussein,Bilal,Riyad,رياض حسين بلال,Male,12/09/1991 14:27:30,Riyadh,Street 3,+966,5697523961,Saudi,Muslim,8mXs^2&k4H,riyad.bilal627@example.com,2602032990,5207326896,True,Fatimah,Tariq,Ali,Fatimah,فاطمة طارق علي,Female,12/09/1991 14:27:30,Dammam,Street 5,+966,5207326896,Saudi,Muslim,fatimah.ali912@example.com,3zoD(lQ$Hf
9712,الأبتدائية,الرابعة,ج,2025-2026,2792885033,P1674266478,en,Aisha,Zayne,Yousef,Aisha,عائشة زين يوسف,Female,12/09/2019 14:27:30,Mecca,Street 3,+966,5180594971,Saudi,Christian,aisha.yousef743@example.com,*W2N#mBJq6,2166383508,5613713542,True,Zayne,Abdulaziz,Yousef,Zayne,زين عبدالعزيز يوسف,Male,12/09/1992 14:27:30,Jeddah,Street 5,+966,5613713542,Saudi,Christian,8rT0f$^K65,zayne.yousef302@example.com,2639317185,5589616721,False,Sara,Khalid,Fahad,Sara,سارة خالد فهد,Female,12/09/1995 14:27:30,Jeddah,Street 3,+966,5589616721,Saudi,Christian,sara.fahad236@example.com,L(8Y1Qj@jN
1362,الأبتدائية,الرابعة,ج,2025-2026,2382103121,P1775256401,ar,Abdulaziz,Zayne,Yousef,Abdulaziz,عبدالعزيز زين يوسف,Male,12/09/2014 14:27:30,Dammam,Street 2,+966,5332492699,Saudi,Christian,abdulaziz.yousef116@example.com,Po4m&g40aB,2166383508,5613713542,True,Zayne,Abdulaziz,Yousef,Zayne,زين عبدالعزيز يوسف,Male,12/09/1992 14:27:30,Jeddah,Street 5,+966,5613713542,Saudi,Christian,8rT0f$^K65,zayne.yousef302@example.com,2639317185,5589616721,False,Sara,Khalid,Fahad,Sara,سارة خالد فهد,Female,12/09/1995 14:27:30,Jeddah,Street 3,+966,5589616721,Saudi,Christian,sara.fahad236@example.com,L(8Y1Qj@jN
7062,الأبتدائية,الرابعة,ج,2025-2026,1410845333,P2859792156,en,Sulaiman,Ali,Zayne,Sulaiman,سليمان علي زين,Male,12/09/2016 14:27:30,Mecca,Street 2,+966,5997327089,Saudi,Muslim,sulaiman.zayne522@example.com,MF)0*jm!mF,1146305174,5735588262,True,Ali,Saud,Zayne,Ali,علي سعود زين,Male,12/09/1977 14:27:30,Dammam,Street 4,+966,5735588262,Saudi,Muslim,fAj)XfU0dT,ali.zayne500@example.com,2905317120,5617754028,False,Dana,Ali,Akram,Dana,دانا علي أكرم,Female,12/09/1988 14:27:30,Mecca,Street 3,+966,5617754028,Saudi,Muslim,dana.akram239@example.com,N3TJP(#8yX
9154,الأبتدائية,الرابعة,ج,2025-2026,2141726925,P2515883625,ar,Atika,Ali,Zayne,Atika,عاتكة علي زين,Female,12/09/2017 14:27:30,Riyadh,Street 1,+966,5591894527,Saudi,Muslim,atika.zayne870@example.com,%!1fi&ESt1,1146305174,5735588262,True,Ali,Saud,Zayne,Ali,علي سعود زين,Male,12/09/1977 14:27:30,Dammam,Street 4,+966,5735588262,Saudi,Muslim,fAj)XfU0dT,ali.zayne500@example.com,2905317120,5617754028,False,Dana,Ali,Akram,Dana,دانا علي أكرم,Female,12/09/1988 14:27:30,Mecca,Street 3,+966,5617754028,Saudi,Muslim,dana.akram239@example.com,N3TJP(#8yX
2573,الأبتدائية,الرابعة,ج,2025-2026,1936983663,P2591631750,ar,Lama,Fahad,Riyad,Lama,لمى فهد رياض,Female,12/09/2015 14:27:30,Riyadh,Street 2,+966,5485032886,Saudi,Muslim,lama.riyad852@example.com,2@AQs9UW^@,2484203455,5601682168,True,Fahad,Salem,Riyad,Fahad,فهد سالم رياض,Male,12/09/1992 14:27:30,Dammam,Street 5,+966,5601682168,Saudi,Muslim,uROOah&0fn,fahad.riyad637@example.com,1409081465,5850880696,False,Ruqaya,Sultan,Riyad,Ruqaya,رقية سلطان رياض,Female,12/09/1995 14:27:30,Dammam,Street 4,+966,5850880696,Saudi,Muslim,ruqaya.riyad722@example.com,KCV@kh(95t
1698,الأبتدائية,الرابعة,ج,2025-2026,1303588249,P2449458555,en,Zaid,Fahad,Riyad,Zaid,زيد فهد رياض,Male,12/09/2018 14:27:30,Medina,Street 4,+966,5816341537,Saudi,Muslim,zaid.riyad741@example.com,g0xa&JmS0t,2484203455,5601682168,True,Fahad,Salem,Riyad,Fahad,فهد سالم رياض,Male,12/09/1992 14:27:30,Dammam,Street 5,+966,5601682168,Saudi,Muslim,uROOah&0fn,fahad.riyad637@example.com,1409081465,5850880696,False,Ruqaya,Sultan,Riyad,Ruqaya,رقية سلطان رياض,Female,12/09/1995 14:27:30,Dammam,Street 4,+966,5850880696,Saudi,Muslim,ruqaya.riyad722@example.com,KCV@kh(95t
7490,الأبتدائية,الرابعة,ج,2025-2026,2302656191,P1636213920,ar,Nasser,Fahad,Riyad,Nasser,ناصر فهد رياض,Male,12/09/2016 14:27:30,Jeddah,Street 2,+966,5293428666,Saudi,Muslim,nasser.riyad910@example.com,vv5pZ9%dWm,2484203455,5601682168,True,Fahad,Salem,Riyad,Fahad,فهد سالم رياض,Male,12/09/1992 14:27:30,Dammam,Street 5,+966,5601682168,Saudi,Muslim,uROOah&0fn,fahad.riyad637@example.com,1409081465,5850880696,False,Ruqaya,Sultan,Riyad,Ruqaya,رقية سلطان رياض,Female,12/09/1995 14:27:30,Dammam,Street 4,+966,5850880696,Saudi,Muslim,ruqaya.riyad722@example.com,KCV@kh(95t
5269,الأبتدائية,الرابعة,ج,2025-2026,2469645598,P2304709699,ar,Rania,Tariq,Salman,Rania,رانيا طارق سلمان,Female,12/09/2016 14:27:30,Dammam,Street 3,+966,5316235556,Saudi,Christian,rania.salman208@example.com,s$L^YE0iuD,2517270072,5911189322,False,Tariq,Sulaiman,Salman,Tariq,طارق سليمان سلمان,Male,12/09/1978 14:27:30,Riyadh,Street 4,+966,5911189322,Saudi,Christian,3!sJ*eQaNy,tariq.salman106@example.com,2488770586,5321686569,True,Lama,Tariq,Akram,Lama,لمى طارق أكرم,Female,12/09/1986 14:27:30,Jeddah,Street 2,+966,5321686569,Saudi,Christian,lama.akram395@example.com,I^8zF@1@J@
8782,الأبتدائية,الرابعة,ج,2025-2026,1583194456,P2783059362,ar,Abdulaziz,Tariq,Salman,Abdulaziz,عبدالعزيز طارق سلمان,Male,12/09/2019 14:27:30,Dammam,Street 4,+966,5397459306,Saudi,Christian,abdulaziz.salman535@example.com,Vat7mcrb!6,2517270072,5911189322,False,Tariq,Sulaiman,Salman,Tariq,طارق سليمان سلمان,Male,12/09/1978 14:27:30,Riyadh,Street 4,+966,5911189322,Saudi,Christian,3!sJ*eQaNy,tariq.salman106@example.com,2488770586,5321686569,True,Lama,Tariq,Akram,Lama,لمى طارق أكرم,Female,12/09/1986 14:27:30,Jeddah,Street 2,+966,5321686569,Saudi,Christian,lama.akram395@example.com,I^8zF@1@J@
6759,الأبتدائية,الخامسة,أ,2025-2026,1739831803,P1236317111,ar,Haya,Saud,Yousef,Haya,هيا سعود يوسف,Female,12/09/2018 14:27:30,Medina,Street 2,+966,5896549081,Saudi,Muslim,haya.yousef325@example.com,HlM%duV5i#,1817215410,5209134413,False,Saud,Akram,Yousef,Saud,سعود أكرم يوسف,Male,12/09/1988 14:27:30,Dammam,Street 1,+966,5209134413,Saudi,Muslim,6WS)^uAkGm,saud.yousef262@example.com,2404948462,5292185503,True,Safiyyah,Riyad,Akram,Safiyyah,صفية رياض أكرم,Female,12/09/1992 14:27:30,Medina,Street 2,+966,5292185503,Saudi,Muslim,safiyyah.akram521@example.com,@2oLWxlCm0
9813,الأبتدائية,الخامسة,أ,2025-2026,1357273105,P2791244531,ar,Maryam,Mohammed,Riyad,Maryam,مريم محمد رياض,Female,12/09/2016 14:27:30,Dammam,Street 4,+966,5589000007,Saudi,Muslim,maryam.riyad917@example.com,S1etb#YzFc,1951646767,5151306797,False,Mohammed,Hussein,Riyad,Mohammed,محمد حسين رياض,Male,12/09/1984 14:27:30,Dammam,Street 4,+966,5151306797,Saudi,Muslim,WTvW5KBOb#,mohammed.riyad101@example.com,1378825375,5124516481,True,Yasmin,Khalid,Khalid,Yasmin,ياسمين خالد خالد,Female,12/09/1995 14:27:30,Medina,Street 2,+966,5124516481,Saudi,Muslim,yasmin.khalid537@example.com,zm0*9$b#N(
9173,الأبتدائية,الخامسة,أ,2025-2026,1589672492,P2128843935,ar,Hassan,Abdullah,Turki,Hassan,حسن عبدالله تركي,Male,12/09/2017 14:27:30,Jeddah,Street 5,+966,5750012443,Saudi,Christian,hassan.turki624@example.com,UKJ1YGL&y#,1147698407,5863882630,True,Abdullah,Bilal,Turki,Abdullah,عبدالله بلال تركي,Male,12/09/1981 14:27:30,Dammam,Street 1,+966,5863882630,Saudi,Christian,3@PpSSs3B3,abdullah.turki253@example.com,1232544547,5631850747,False,Zainab,Akram,Sultan,Zainab,زينب أكرم سلطان,Female,12/09/1989 14:27:30,Riyadh,Street 5,+966,5631850747,Saudi,Christian,zainab.sultan264@example.com,5TM2!cos5d
5205,الأبتدائية,الخامسة,أ,2025-2026,1570380044,P1530899296,en,Zainab,Saud,Tariq,Zainab,زينب سعود طارق,Female,12/09/2017 14:27:30,Dammam,Street 5,+966,5652056888,Saudi,Muslim,zainab.tariq795@example.com,@N^Fnw!M4P,2498672592,5689803788,True,Saud,Tariq,Tariq,Saud,سعود طارق طارق,Male,12/09/1988 14:27:30,Dammam,Street 5,+966,5689803788,Saudi,Muslim,zx3bi&&DEv,saud.tariq869@example.com,2365283443,5954899006,False,Lina,Ismail,Mahdi,Lina,لينا إسماعيل مهدي,Female,12/09/1987 14:27:30,Riyadh,Street 3,+966,5954899006,Saudi,Muslim,lina.mahdi424@example.com,*L$7wy1&^Y
9374,الأبتدائية,الخامسة,أ,2025-2026,1703338875,P2297917118,ar,Aisha,Saud,Tariq,Aisha,عائشة سعود طارق,Female,12/09/2014 14:27:30,Dammam,Street 2,+966,5507327983,Saudi,Muslim,aisha.tariq923@example.com,k6$pOJ3d)7,2498672592,5689803788,True,Saud,Tariq,Tariq,Saud,سعود طارق طارق,Male,12/09/1988 14:27:30,Dammam,Street 5,+966,5689803788,Saudi,Muslim,zx3bi&&DEv,saud.tariq869@example.com,2365283443,5954899006,False,Lina,Ismail,Mahdi,Lina,لينا إسماعيل مهدي,Female,12/09/1987 14:27:30,Riyadh,Street 3,+966,5954899006,Saudi,Muslim,lina.mahdi424@example.com,*L$7wy1&^Y
8475,الأبتدائية,الخامسة,أ,2025-2026,1443419321,P2340673037,en,Ahmed,Salman,Fahad,Ahmed,أحمد سلمان فهد,Male,12/09/2018 14:27:30,Dammam,Street 1,+966,5955709332,Saudi,Muslim,ahmed.fahad773@example.com,$k5z&6VT(Z,2172338869,5119859556,True,Salman,Hussein,Fahad,Salman,سلمان حسين فهد,Male,12/09/1993 14:27:30,Medina,Street 3,+966,5119859556,Saudi,Muslim,B8bFsq##fG,salman.fahad128@example.com,2917312046,5734909699,False,Rania,Ismail,Salem,Rania,رانيا إسماعيل سالم,Female,12/09/1988 14:27:30,Mecca,Street 2,+966,5734909699,Saudi,Muslim,rania.salem102@example.com,m5H)ynx%WQ
5173,الأبتدائية,الخامسة,أ,2025-2026,2762714034,P1168738682,en,Layla,Omar,Saud,Layla,ليلى عمر سعود,Female,12/09/2018 14:27:30,Dammam,Street 4,+966,5688228349,Saudi,Muslim,layla.saud477@example.com,L1)RxDKtLK,1629363051,5423762108,True,Omar,Abdullah,Saud,Omar,عمر عبدالله سعود,Male,12/09/1995 14:27:30,Riyadh,Street 2,+966,5423762108,Saudi,Muslim,8(O15yoQNE,omar.saud400@example.com,1820150164,5403812493,False,Atika,Ahmed,Akram,Atika,عاتكة أحمد أكرم,Female,12/09/1986 14:27:30,Medina,Street 1,+966,5403812493,Saudi,Muslim,atika.akram745@example.com,&nNrC6%N6N
2005,الأبتدائية,الخامسة,أ,2025-2026,2757737437,P2841455464,en,Ali,Saud,Zaid,Ali,علي سعود زيد,Male,12/09/2019 14:27:30,Dammam,Street 4,+966,5226004717,Saudi,Christian,ali.zaid615@example.com,7U$#Q#J1@e,2984386110,5466963359,False,Saud,Abdulrahman,Zaid,Saud,سعود عبدالرحمن زيد,Male,12/09/1983 14:27:30,Riyadh,Street 3,+966,5466963359,Saudi,Christian,*C&0rZyRE2,saud.zaid189@example.com,2335418399,5895185390,True,Ruqaya,Hassan,Hassan,Ruqaya,رقية حسن حسن,Female,12/09/1997 14:27:30,Jeddah,Street 1,+966,5895185390,Saudi,Christian,ruqaya.hassan768@example.com,S)7wG8cTbT
4706,الأبتدائية,الخامسة,أ,2025-2026,1506292221,P2275265976,ar,Nadia,Khalid,Ismail,Nadia,نادية خالد إسماعيل,Female,12/09/2016 14:27:30,Mecca,Street 5,+966,5974400550,Saudi,Christian,nadia.ismail466@example.com,j#P^6g2VnT,1493773441,5931819435,False,Khalid,Abdulaziz,Ismail,Khalid,خالد عبدالعزيز إسماعيل,Male,12/09/1992 14:27:30,Medina,Street 2,+966,5931819435,Saudi,Christian,7Yh*kU8R9j,khalid.ismail261@example.com,2759202121,5504628870,True,Tamadur,Mohammed,Turki,Tamadur,تماضر محمد تركي,Female,12/09/1987 14:27:30,Riyadh,Street 2,+966,5504628870,Saudi,Christian,tamadur.turki310@example.com,BGqxpLMB&3
5217,الأبتدائية,الخامسة,أ,2025-2026,2915201393,P1636949447,ar,Aaliyah,Ali,Abdullah,Aaliyah,عالية علي عبدالله,Female,12/09/2016 14:27:30,Medina,Street 5,+966,5763260756,Saudi,Muslim,aaliyah.abdullah472@example.com,4#YB^FWq)n,1629045243,5420464716,True,Ali,Riyad,Abdullah,Ali,علي رياض عبدالله,Male,12/09/1993 14:27:30,Jeddah,Street 3,+966,5420464716,Saudi,Muslim,)JkrRCkJ4E,ali.abdullah753@example.com,2169531094,5916072517,False,Maha,Abdulrahman,Tariq,Maha,مها عبدالرحمن طارق,Female,12/09/1985 14:27:30,Riyadh,Street 5,+966,5916072517,Saudi,Muslim,maha.tariq415@example.com,4ZoT3CxS9#
8389,الأبتدائية,الخامسة,أ,2025-2026,1855868110,P2288179188,en,Layla,Ali,Abdullah,Layla,ليلى علي عبدالله,Female,12/09/2016 14:27:30,Mecca,Street 4,+966,5452404489,Saudi,Muslim,layla.abdullah198@example.com,dh)AmL4&!@,1629045243,5420464716,True,Ali,Riyad,Abdullah,Ali,علي رياض عبدالله,Male,12/09/1993 14:27:30,Jeddah,Street 3,+966,5420464716,Saudi,Muslim,)JkrRCkJ4E,ali.abdullah753@example.com,2169531094,5916072517,False,Maha,Abdulrahman,Tariq,Maha,مها عبدالرحمن طارق,Female,12/09/1985 14:27:30,Riyadh,Street 5,+966,5916072517,Saudi,Muslim,maha.tariq415@example.com,4ZoT3CxS9#
7073,الأبتدائية,الخامسة,أ,2025-2026,2426029354,P2364940025,en,Ali,Sulaiman,Zayne,Ali,علي سليمان زين,Male,12/09/2019 14:27:30,Riyadh,Street 1,+966,5492237715,Saudi,Christian,ali.zayne844@example.com,nmA2P7y(Qz,1258908693,5479810505,False,Sulaiman,Hamza,Zayne,Sulaiman,سليمان حمزة زين,Male,12/09/1980 14:27:30,Riyadh,Street 3,+966,5479810505,Saudi,Christian,9H(o%FL^7H,sulaiman.zayne207@example.com,1255030875,5194877738,True,Aaliyah,Hamza,Saud,Aaliyah,عالية حمزة سعود,Female,12/09/1989 14:27:30,Dammam,Street 4,+966,5194877738,Saudi,Christian,aaliyah.saud742@example.com,yeH6^5iPJ*
3897,الأبتدائية,الخامسة,أ,2025-2026,2986459319,P2682093152,ar,Lama,Zayne,Fahad,Lama,لمى زين فهد,Female,12/09/2015 14:27:30,Medina,Street 3,+966,5383437803,Saudi,Muslim,lama.fahad483@example.com,Ej5x2G)(1v,2564806512,5218074682,True,Zayne,Sulaiman,Fahad,Zayne,زين سليمان فهد,Male,12/09/1982 14:27:30,Jeddah,Street 4,+966,5218074682,Saudi,Muslim,GP5i5q)eR%,zayne.fahad484@example.com,2390812062,5690048064,False,Nadia,Ahmed,Turki,Nadia,نادية أحمد تركي,Female,12/09/1991 14:27:30,Jeddah,Street 3,+966,5690048064,Saudi,Muslim,nadia.turki270@example.com,@fJ7XkC6)A
3963,الأبتدائية,الخامسة,أ,2025-2026,1968557318,P2496649359,en,Abdulrahman,Yousef,Zaid,Abdulrahman,عبدالرحمن يوسف زيد,Male,12/09/2016 14:27:30,Dammam,Street 2,+966,5348679985,Saudi,Muslim,abdulrahman.zaid630@example.com,X0lFC!5T%y,2617469398,5166703793,True,Yousef,Hassan,Zaid,Yousef,يوسف حسن زيد,Male,12/09/1992 14:27:30,Jeddah,Street 3,+966,5166703793,Saudi,Muslim,HvcS6jhA%j,yousef.zaid399@example.com,2413116660,5721832842,False,Lama,Ahmed,Ibrahim,Lama,لمى أحمد إبراهيم,Female,12/09/1993 14:27:30,Jeddah,Street 4,+966,5721832842,Saudi,Muslim,lama.ibrahim918@example.com,q1vC^C(W3^
3801,الأبتدائية,الخامسة,أ,2025-2026,1289255116,P2256398285,en,Sara,Khalid,Idris,Sara,سارة خالد إدريس,Female,12/09/2019 14:27:30,Dammam,Street 4,+966,5172042577,Saudi,Christian,sara.idris579@example.com,VSjH2a^8J7,1571642412,5124647800,False,Khalid,Hassan,Idris,Khalid,خالد حسن إدريس,Male,12/09/1995 14:27:30,Dammam,Street 3,+966,5124647800,Saudi,Christian,JpRi4T!#(Y,khalid.idris469@example.com,2871588947,5808222882,True,Lina,Mohammed,Omar,Lina,لينا محمد عمر,Female,12/09/1983 14:27:30,Riyadh,Street 4,+966,5808222882,Saudi,Christian,lina.omar139@example.com,gbYlo@6B%o
2770,الأبتدائية,الخامسة,أ,2025-2026,1662149936,P2149112547,ar,Khalid,Saud,Salem,Khalid,خالد سعود سالم,Male,12/09/2018 14:27:30,Jeddah,Street 1,+966,5253919624,Saudi,Christian,khalid.salem701@example.com,P^scs*f5r5,1183358330,5362913095,True,Saud,Fahad,Salem,Saud,سعود فهد سالم,Male,12/09/1993 14:27:30,Dammam,Street 1,+966,5362913095,Saudi,Christian,q&oJTK70ek,saud.salem498@example.com,2637575455,5272530727,False,Aaliyah,Omar,Salem,Aaliyah,عالية عمر سالم,Female,12/09/1987 14:27:30,Riyadh,Street 5,+966,5272530727,Saudi,Christian,aaliyah.salem614@example.com,LXsI^8!L(2
3739,الأبتدائية,الخامسة,أ,2025-2026,2494866009,P1718456169,ar,Assiya,Akram,Omar,Assiya,أسيا أكرم عمر,Female,12/09/2019 14:27:30,Jeddah,Street 5,+966,5394116704,Saudi,Muslim,assiya.omar310@example.com,z@DO2qqau9,2836213672,5357850404,False,Akram,Turki,Omar,Akram,أكرم تركي عمر,Male,12/09/1993 14:27:30,Mecca,Street 2,+966,5357850404,Saudi,Muslim,r5fvOzX@ll,akram.omar179@example.com,2511613818,5107323645,True,Layla,Riyad,Hamza,Layla,ليلى رياض حمزة,Female,12/09/1985 14:27:30,Riyadh,Street 2,+966,5107323645,Saudi,Muslim,layla.hamza228@example.com,kstcE$Okf4
2743,الأبتدائية,الخامسة,أ,2025-2026,2113716600,P1984128023,ar,Abdullah,Abdullah,Tariq,Abdullah,عبدالله عبدالله طارق,Male,12/09/2016 14:27:30,Dammam,Street 3,+966,5921202539,Saudi,Muslim,abdullah.tariq598@example.com,C@7t2cKCQw,2908858115,5273183048,True,Abdullah,Sultan,Tariq,Abdullah,عبدالله سلطان طارق,Male,12/09/1991 14:27:30,Jeddah,Street 1,+966,5273183048,Saudi,Muslim,!)Mk1U)cDh,abdullah.tariq140@example.com,1487757864,5624634021,False,Khadijah,Saud,Salem,Khadijah,خديجة سعود سالم,Female,12/09/1988 14:27:30,Riyadh,Street 4,+966,5624634021,Saudi,Muslim,khadijah.salem520@example.com,Zx5&i&Ncm9
3984,الأبتدائية,الخامسة,أ,2025-2026,2629597750,P1504128516,en,Nora,Ali,Abdulaziz,Nora,نورا علي عبدالعزيز,Female,12/09/2019 14:27:30,Dammam,Street 4,+966,5687066129,Saudi,Muslim,nora.abdulaziz170@example.com,f(3UWdO53Z,1232888618,5519837675,False,Ali,Riyad,Abdulaziz,Ali,علي رياض عبدالعزيز,Male,12/09/1988 14:27:30,Dammam,Street 5,+966,5519837675,Saudi,Muslim,FPhN7#4)ms,ali.abdulaziz742@example.com,2511849632,5385210385,True,Salma,Omar,Nasser,Salma,سلمى عمر ناصر,Female,12/09/1993 14:27:30,Jeddah,Street 3,+966,5385210385,Saudi,Muslim,salma.nasser581@example.com,53E%K$gLXN
4843,الأبتدائية,الخامسة,أ,2025-2026,2990479214,P2891846499,en,Sultan,Mohammed,Mahdi,Sultan,سلطان محمد مهدي,Male,12/09/2015 14:27:30,Medina,Street 3,+966,5232850701,Saudi,Muslim,sultan.mahdi905@example.com,jIQCj7Lt@q,1409025120,5233436636,True,Mohammed,Nasser,Mahdi,Mohammed,محمد ناصر مهدي,Male,12/09/1990 14:27:30,Medina,Street 1,+966,5233436636,Saudi,Muslim,*Q4fpEvyK4,mohammed.mahdi419@example.com,2634576254,5243589075,False,Fatimah,Salem,Fahad,Fatimah,فاطمة سالم فهد,Female,12/09/1988 14:27:30,Dammam,Street 4,+966,5243589075,Saudi,Muslim,fatimah.fahad162@example.com,zyCR9F%iim
6165,الأبتدائية,الخامسة,أ,2025-2026,2422647710,P2262450686,en,Sara,Hassan,Abdullah,Sara,سارة حسن عبدالله,Female,12/09/2017 14:27:30,Dammam,Street 1,+966,5715163984,Saudi,Christian,sara.abdullah616@example.com,GV&s^qX0u%,1795460444,5514409298,True,Hassan,Turki,Abdullah,Hassan,حسن تركي عبدالله,Male,12/09/1995 14:27:30,Medina,Street 5,+966,5514409298,Saudi,Christian,ax$U@j96Mn,hassan.abdullah578@example.com,2320711713,5826522244,False,Aisha,Abdulrahman,Hussein,Aisha,عائشة عبدالرحمن حسين,Female,12/09/1986 14:27:30,Medina,Street 5,+966,5826522244,Saudi,Christian,aisha.hussein608@example.com,kU2#DI8Ex4
3936,الأبتدائية,الخامسة,أ,2025-2026,1568044997,P2294532377,en,Omar,Abdulaziz,Salman,Omar,عمر عبدالعزيز سلمان,Male,12/09/2017 14:27:30,Dammam,Street 4,+966,5448344662,Saudi,Christian,omar.salman920@example.com,@qM6L9$7!1,1928905199,5438378095,True,Abdulaziz,Saud,Salman,Abdulaziz,عبدالعزيز سعود سلمان,Male,12/09/1991 14:27:30,Riyadh,Street 3,+966,5438378095,Saudi,Christian,)7Tjwc&ZoW,abdulaziz.salman877@example.com,1971679007,5832911205,False,Layla,Idris,Ibrahim,Layla,ليلى إدريس إبراهيم,Female,12/09/1992 14:27:30,Jeddah,Street 1,+966,5832911205,Saudi,Christian,layla.ibrahim312@example.com,&*RN6vw%u%
4226,الأبتدائية,الخامسة,أ,2025-2026,2687662963,P1953393291,ar,Rania,Abdulaziz,Salman,Rania,رانيا عبدالعزيز سلمان,Female,12/09/2017 14:27:30,Dammam,Street 1,+966,5762272788,Saudi,Christian,rania.salman646@example.com,G14ZyZX)gz,1928905199,5438378095,True,Abdulaziz,Saud,Salman,Abdulaziz,عبدالعزيز سعود سلمان,Male,12/09/1991 14:27:30,Riyadh,Street 3,+966,5438378095,Saudi,Christian,)7Tjwc&ZoW,abdulaziz.salman877@example.com,1971679007,5832911205,False,Layla,Idris,Ibrahim,Layla,ليلى إدريس إبراهيم,Female,12/09/1992 14:27:30,Jeddah,Street 1,+966,5832911205,Saudi,Christian,layla.ibrahim312@example.com,&*RN6vw%u%
3443,الأبتدائية,الخامسة,أ,2025-2026,2878749602,P2266805569,en,Zaid,Fahad,Salman,Zaid,زيد فهد سلمان,Male,12/09/2019 14:27:30,Dammam,Street 3,+966,5765671419,Saudi,Christian,zaid.salman399@example.com,9*CbL*ezE9,2687172639,5145749856,False,Fahad,Salman,Salman,Fahad,فهد سلمان سلمان,Male,12/09/1980 14:27:30,Dammam,Street 1,+966,5145749856,Saudi,Christian,uE(Ejwfk&4,fahad.salman614@example.com,1676716903,5879129988,True,Zainab,Mahdi,Fahad,Zainab,زينب مهدي فهد,Female,12/09/1985 14:27:30,Jeddah,Street 4,+966,5879129988,Saudi,Christian,zainab.fahad195@example.com,5)vpwgQM0Z
7498,الأبتدائية,الخامسة,أ,2025-2026,2835527925,P1961455618,en,Ruqaya,Nasser,Salman,Ruqaya,رقية ناصر سلمان,Female,12/09/2019 14:27:30,Medina,Street 2,+966,5343798920,Saudi,Christian,ruqaya.salman693@example.com,3unB%UBE)e,1290911967,5875608774,True,Nasser,Fahad,Salman,Nasser,ناصر فهد سلمان,Male,12/09/1989 14:27:30,Jeddah,Street 4,+966,5875608774,Saudi,Christian,n922h@Kb!e,nasser.salman231@example.com,2926831194,5136829651,False,Maha,Ismail,Sultan,Maha,مها إسماعيل سلطان,Female,12/09/1986 14:27:30,Jeddah,Street 4,+966,5136829651,Saudi,Christian,maha.sultan231@example.com,iU&dXcR8Ky
5734,الأبتدائية,الخامسة,د,2025-2026,2721343088,P2814892789,ar,Maryam,Nasser,Hassan,Maryam,مريم ناصر حسن,Female,12/09/2015 14:27:30,Dammam,Street 3,+966,5822663544,Saudi,Muslim,maryam.hassan188@example.com,O&#%ygbq2B,1181577118,5370702450,True,Nasser,Hussein,Hassan,Nasser,ناصر حسين حسن,Male,12/09/1986 14:27:30,Medina,Street 3,+966,5370702450,Saudi,Muslim,*6tONtQe7A,nasser.hassan920@example.com,1499913337,5859134648,False,Zahra,Fahad,Hamza,Zahra,زهرة فهد حمزة,Female,12/09/1994 14:27:30,Jeddah,Street 5,+966,5859134648,Saudi,Muslim,zahra.hamza664@example.com,t3hX6ufS*)
8853,الأبتدائية,الخامسة,د,2025-2026,1279730959,P1295295363,ar,Riyad,Nasser,Hassan,Riyad,رياض ناصر حسن,Male,12/09/2014 14:27:30,Dammam,Street 2,+966,5764117891,Saudi,Muslim,riyad.hassan367@example.com,$#XIrhj544,1181577118,5370702450,True,Nasser,Hussein,Hassan,Nasser,ناصر حسين حسن,Male,12/09/1986 14:27:30,Medina,Street 3,+966,5370702450,Saudi,Muslim,*6tONtQe7A,nasser.hassan920@example.com,1499913337,5859134648,False,Zahra,Fahad,Hamza,Zahra,زهرة فهد حمزة,Female,12/09/1994 14:27:30,Jeddah,Street 5,+966,5859134648,Saudi,Muslim,zahra.hamza664@example.com,t3hX6ufS*)
5980,الأبتدائية,الخامسة,د,2025-2026,2846850817,P2106085935,ar,Khadijah,Hassan,Hamza,Khadijah,خديجة حسن حمزة,Female,12/09/2016 14:27:30,Mecca,Street 1,+966,5593018436,Saudi,Christian,khadijah.hamza341@example.com,P@1TzAQHpo,2635709387,5216952307,False,Hassan,Akram,Hamza,Hassan,حسن أكرم حمزة,Male,12/09/1987 14:27:30,Riyadh,Street 4,+966,5216952307,Saudi,Christian,@BsvdT7Lq5,hassan.hamza598@example.com,2781657434,5303541460,True,Maryam,Nasser,Zaid,Maryam,مريم ناصر زيد,Female,12/09/1981 14:27:30,Medina,Street 4,+966,5303541460,Saudi,Christian,maryam.zaid623@example.com,t8^G^0V1zq
7134,الأبتدائية,الخامسة,د,2025-2026,1515131594,P2453639609,ar,Ahmed,Akram,Omar,Ahmed,أحمد أكرم عمر,Male,12/09/2018 14:27:30,Dammam,Street 4,+966,5801994089,Saudi,Christian,ahmed.omar515@example.com,tsLgE8)P9(,1210539258,5402487132,True,Akram,Mahdi,Omar,Akram,أكرم مهدي عمر,Male,12/09/1993 14:27:30,Mecca,Street 3,+966,5402487132,Saudi,Christian,#ET3Be*a6G,akram.omar643@example.com,1905667643,5627220588,False,Tamadur,Saud,Sultan,Tamadur,تماضر سعود سلطان,Female,12/09/1988 14:27:30,Medina,Street 1,+966,5627220588,Saudi,Christian,tamadur.sultan307@example.com,wn#ld(kQ7m
1415,الأبتدائية,الخامسة,د,2025-2026,1155992470,P2252578775,ar,Fahad,Akram,Omar,Fahad,فهد أكرم عمر,Male,12/09/2017 14:27:30,Dammam,Street 3,+966,5723246737,Saudi,Christian,fahad.omar940@example.com,M^6bnHY7pA,1210539258,5402487132,True,Akram,Mahdi,Omar,Akram,أكرم مهدي عمر,Male,12/09/1993 14:27:30,Mecca,Street 3,+966,5402487132,Saudi,Christian,#ET3Be*a6G,akram.omar643@example.com,1905667643,5627220588,False,Tamadur,Saud,Sultan,Tamadur,تماضر سعود سلطان,Female,12/09/1988 14:27:30,Medina,Street 1,+966,5627220588,Saudi,Christian,tamadur.sultan307@example.com,wn#ld(kQ7m
5047,الأبتدائية,الخامسة,د,2025-2026,2786317339,P1470065019,ar,Lina,Akram,Omar,Lina,لينا أكرم عمر,Female,12/09/2019 14:27:30,Jeddah,Street 4,+966,5758795431,Saudi,Christian,lina.omar763@example.com,1&X8KhV47q,1210539258,5402487132,True,Akram,Mahdi,Omar,Akram,أكرم مهدي عمر,Male,12/09/1993 14:27:30,Mecca,Street 3,+966,5402487132,Saudi,Christian,#ET3Be*a6G,akram.omar643@example.com,1905667643,5627220588,False,Tamadur,Saud,Sultan,Tamadur,تماضر سعود سلطان,Female,12/09/1988 14:27:30,Medina,Street 1,+966,5627220588,Saudi,Christian,tamadur.sultan307@example.com,wn#ld(kQ7m
8716,الأبتدائية,الخامسة,د,2025-2026,1177349029,P1470855636,ar,Aisha,Zaid,Zayne,Aisha,عائشة زيد زين,Female,12/09/2014 14:27:30,Mecca,Street 3,+966,5827085396,Saudi,Christian,aisha.zayne163@example.com,M3mS*xp8$L,1630419673,5431564449,True,Zaid,Hussein,Zayne,Zaid,زيد حسين زين,Male,12/09/1982 14:27:30,Jeddah,Street 5,+966,5431564449,Saudi,Christian,r8sb^ORaY6,zaid.zayne461@example.com,1539224181,5965187363,False,Maha,Ali,Idris,Maha,مها علي إدريس,Female,12/09/1996 14:27:30,Dammam,Street 3,+966,5965187363,Saudi,Christian,maha.idris229@example.com,tZQx7i%EBH
4958,الأبتدائية,الخامسة,د,2025-2026,1897750506,P1696658930,en,Maha,Khalid,Ali,Maha,مها خالد علي,Female,12/09/2019 14:27:30,Mecca,Street 4,+966,5298116369,Saudi,Muslim,maha.ali625@example.com,juV*z0ijHv,2571804459,5583640602,False,Khalid,Turki,Ali,Khalid,خالد تركي علي,Male,12/09/1987 14:27:30,Riyadh,Street 2,+966,5583640602,Saudi,Muslim,uMY#266sb!,khalid.ali730@example.com,1406240834,5706261055,True,Amal,Tariq,Mohammed,Amal,أمل طارق محمد,Female,12/09/1994 14:27:30,Dammam,Street 4,+966,5706261055,Saudi,Muslim,amal.mohammed960@example.com,b7aXx)z5kn
3851,الأبتدائية,الخامسة,د,2025-2026,1470626437,P1892964739,ar,Salem,Khalid,Ali,Salem,سالم خالد علي,Male,12/09/2019 14:27:30,Jeddah,Street 3,+966,5232318233,Saudi,Muslim,salem.ali504@example.com,zBfU8mk%XA,2571804459,5583640602,False,Khalid,Turki,Ali,Khalid,خالد تركي علي,Male,12/09/1987 14:27:30,Riyadh,Street 2,+966,5583640602,Saudi,Muslim,uMY#266sb!,khalid.ali730@example.com,1406240834,5706261055,True,Amal,Tariq,Mohammed,Amal,أمل طارق محمد,Female,12/09/1994 14:27:30,Dammam,Street 4,+966,5706261055,Saudi,Muslim,amal.mohammed960@example.com,b7aXx)z5kn
7570,الأبتدائية,الخامسة,د,2025-2026,1953962303,P1376261996,en,Hussein,Yousef,Ali,Hussein,حسين يوسف علي,Male,12/09/2019 14:27:30,Medina,Street 5,+966,5301510548,Saudi,Muslim,hussein.ali263@example.com,AU^Z5ojXL^,1408829654,5322566999,False,Yousef,Turki,Ali,Yousef,يوسف تركي علي,Male,12/09/1995 14:27:30,Mecca,Street 5,+966,5322566999,Saudi,Muslim,qS6tCy&88k,yousef.ali486@example.com,1591009167,5772649695,True,Fatimah,Idris,Omar,Fatimah,فاطمة إدريس عمر,Female,12/09/1981 14:27:30,Mecca,Street 2,+966,5772649695,Saudi,Muslim,fatimah.omar548@example.com,vOZ$MJ9E%r
8798,الأبتدائية,الخامسة,د,2025-2026,2276491677,P2595331250,ar,Mahdi,Ismail,Salman,Mahdi,مهدي إسماعيل سلمان,Male,12/09/2019 14:27:30,Riyadh,Street 2,+966,5358769700,Saudi,Christian,mahdi.salman661@example.com,)1DZ^r223*,1102158043,5694962329,False,Ismail,Zaid,Salman,Ismail,إسماعيل زيد سلمان,Male,12/09/1990 14:27:30,Riyadh,Street 4,+966,5694962329,Saudi,Christian,)rDrgud)8v,ismail.salman242@example.com,2832330156,5700380547,True,Sedra,Ibrahim,Hussein,Sedra,سدرة إبراهيم حسين,Female,12/09/1990 14:27:30,Medina,Street 1,+966,5700380547,Saudi,Christian,sedra.hussein987@example.com,k^SfpK&2Aa
8626,الأبتدائية,الخامسة,د,2025-2026,2196430474,P1958168603,ar,Yasmin,Sultan,Zaid,Yasmin,ياسمين سلطان زيد,Female,12/09/2015 14:27:30,Mecca,Street 5,+966,5113417853,Saudi,Christian,yasmin.zaid676@example.com,Zp!C1r$UH%,1768987294,5591710366,True,Sultan,Mohammed,Zaid,Sultan,سلطان محمد زيد,Male,12/09/1979 14:27:30,Mecca,Street 5,+966,5591710366,Saudi,Christian,zay%FPn3Fk,sultan.zaid101@example.com,2548628399,5297275854,False,Aisha,Ali,Ismail,Aisha,عائشة علي إسماعيل,Female,12/09/1983 14:27:30,Jeddah,Street 1,+966,5297275854,Saudi,Christian,aisha.ismail494@example.com,8YHaQBPD#i
6337,الأبتدائية,الخامسة,د,2025-2026,1608526146,P2414982958,ar,Nadia,Sultan,Zaid,Nadia,نادية سلطان زيد,Female,12/09/2014 14:27:30,Jeddah,Street 3,+966,5264662777,Saudi,Christian,nadia.zaid784@example.com,nl6ze@M3&L,1768987294,5591710366,True,Sultan,Mohammed,Zaid,Sultan,سلطان محمد زيد,Male,12/09/1979 14:27:30,Mecca,Street 5,+966,5591710366,Saudi,Christian,zay%FPn3Fk,sultan.zaid101@example.com,2548628399,5297275854,False,Aisha,Ali,Ismail,Aisha,عائشة علي إسماعيل,Female,12/09/1983 14:27:30,Jeddah,Street 1,+966,5297275854,Saudi,Christian,aisha.ismail494@example.com,8YHaQBPD#i
7410,الأبتدائية,الخامسة,د,2025-2026,1896063565,P1334355819,ar,Assiya,Abdulaziz,Ahmed,Assiya,أسيا عبدالعزيز أحمد,Female,12/09/2014 14:27:30,Jeddah,Street 4,+966,5338772104,Saudi,Christian,assiya.ahmed662@example.com,xd0F6$J5vP,2464165519,5360849728,True,Abdulaziz,Hassan,Ahmed,Abdulaziz,عبدالعزيز حسن أحمد,Male,12/09/1976 14:27:30,Riyadh,Street 3,+966,5360849728,Saudi,Christian,$O$f96HRdD,abdulaziz.ahmed437@example.com,2796419961,5832734603,False,Atika,Zaid,Mohammed,Atika,عاتكة زيد محمد,Female,12/09/1990 14:27:30,Riyadh,Street 2,+966,5832734603,Saudi,Christian,atika.mohammed368@example.com,ly5ZlA6$EA
6724,الأبتدائية,الخامسة,د,2025-2026,2625818504,P2287961156,en,Nadia,Mohammed,Hamza,Nadia,نادية محمد حمزة,Female,12/09/2015 14:27:30,Medina,Street 2,+966,5916783709,Saudi,Muslim,nadia.hamza408@example.com,BA4s9%es8k,2121806947,5849807099,False,Mohammed,Ismail,Hamza,Mohammed,محمد إسماعيل حمزة,Male,12/09/1993 14:27:30,Riyadh,Street 4,+966,5849807099,Saudi,Muslim,1t5zRFN$(v,mohammed.hamza407@example.com,2925644889,5879355989,True,Salma,Nasser,Idris,Salma,سلمى ناصر إدريس,Female,12/09/1993 14:27:30,Dammam,Street 2,+966,5879355989,Saudi,Muslim,salma.idris911@example.com,gdZ3j93Ky^
3420,الأبتدائية,الخامسة,د,2025-2026,1160842431,P1589632225,ar,Salman,Mahdi,Ibrahim,Salman,سلمان مهدي إبراهيم,Male,12/09/2019 14:27:30,Riyadh,Street 2,+966,5331420600,Saudi,Muslim,salman.ibrahim490@example.com,pR2$^D0FWV,2533813249,5649394507,True,Mahdi,Zayne,Ibrahim,Mahdi,مهدي زين إبراهيم,Male,12/09/1976 14:27:30,Dammam,Street 3,+966,5649394507,Saudi,Muslim,71iH1QI@^d,mahdi.ibrahim349@example.com,2934098195,5148538942,False,Nora,Yousef,Salman,Nora,نورا يوسف سلمان,Female,12/09/1997 14:27:30,Medina,Street 4,+966,5148538942,Saudi,Muslim,nora.salman174@example.com,y)NH00!*x3
3447,الأبتدائية,الخامسة,د,2025-2026,2277773312,P1253816552,ar,Noor,Omar,Ibrahim,Noor,نور عمر إبراهيم,Female,12/09/2019 14:27:30,Medina,Street 4,+966,5701735525,Saudi,Christian,noor.ibrahim474@example.com,%n2TU13t#*,1667996426,5272864066,True,Omar,Bilal,Ibrahim,Omar,عمر بلال إبراهيم,Male,12/09/1981 14:27:30,Mecca,Street 1,+966,5272864066,Saudi,Christian,9iUydm9#u4,omar.ibrahim484@example.com,1876185039,5834728325,False,Hanan,Ahmed,Abdullah,Hanan,حنان أحمد عبدالله,Female,12/09/1995 14:27:30,Riyadh,Street 3,+966,5834728325,Saudi,Christian,hanan.abdullah786@example.com,rO0SZeQ!fm
3750,الأبتدائية,الخامسة,د,2025-2026,2816458724,P2748804918,en,Ibrahim,Riyad,Ibrahim,Ibrahim,إبراهيم رياض إبراهيم,Male,12/09/2019 14:27:30,Dammam,Street 2,+966,5320480087,Saudi,Christian,ibrahim.ibrahim215@example.com,n1PL(Vao^*,2677961005,5124337299,False,Riyad,Hamza,Ibrahim,Riyad,رياض حمزة إبراهيم,Male,12/09/1985 14:27:30,Medina,Street 3,+966,5124337299,Saudi,Christian,aQR90!CS*e,riyad.ibrahim548@example.com,2952218742,5575279964,True,Dana,Yousef,Mohammed,Dana,دانا يوسف محمد,Female,12/09/1994 14:27:30,Jeddah,Street 4,+966,5575279964,Saudi,Christian,dana.mohammed800@example.com,2zZCrr7o$^
6623,الأبتدائية,الخامسة,د,2025-2026,1468083042,P1873879545,en,Sulaiman,Riyad,Ibrahim,Sulaiman,سليمان رياض إبراهيم,Male,12/09/2017 14:27:30,Jeddah,Street 2,+966,5778320647,Saudi,Christian,sulaiman.ibrahim391@example.com,frOB0DM*v3,2677961005,5124337299,False,Riyad,Hamza,Ibrahim,Riyad,رياض حمزة إبراهيم,Male,12/09/1985 14:27:30,Medina,Street 3,+966,5124337299,Saudi,Christian,aQR90!CS*e,riyad.ibrahim548@example.com,2952218742,5575279964,True,Dana,Yousef,Mohammed,Dana,دانا يوسف محمد,Female,12/09/1994 14:27:30,Jeddah,Street 4,+966,5575279964,Saudi,Christian,dana.mohammed800@example.com,2zZCrr7o$^
6747,الأبتدائية,الخامسة,د,2025-2026,1891901214,P2522637709,en,Safiyyah,Riyad,Ibrahim,Safiyyah,صفية رياض إبراهيم,Female,12/09/2019 14:27:30,Riyadh,Street 5,+966,5957197265,Saudi,Christian,safiyyah.ibrahim760@example.com,9&my4T0pUF,2677961005,5124337299,False,Riyad,Hamza,Ibrahim,Riyad,رياض حمزة إبراهيم,Male,12/09/1985 14:27:30,Medina,Street 3,+966,5124337299,Saudi,Christian,aQR90!CS*e,riyad.ibrahim548@example.com,2952218742,5575279964,True,Dana,Yousef,Mohammed,Dana,دانا يوسف محمد,Female,12/09/1994 14:27:30,Jeddah,Street 4,+966,5575279964,Saudi,Christian,dana.mohammed800@example.com,2zZCrr7o$^
5452,الأبتدائية,الخامسة,د,2025-2026,1627731978,P2890662201,ar,Hanan,Sultan,Tariq,Hanan,حنان سلطان طارق,Female,12/09/2017 14:27:30,Mecca,Street 1,+966,5764845126,Saudi,Christian,hanan.tariq633@example.com,Z(b(!r4nKe,2299309502,5736228202,True,Sultan,Ali,Tariq,Sultan,سلطان علي طارق,Male,12/09/1990 14:27:30,Mecca,Street 5,+966,5736228202,Saudi,Christian,3&AwMGQCEi,sultan.tariq245@example.com,1338298791,5998410537,False,Lama,Tariq,Mohammed,Lama,لمى طارق محمد,Female,12/09/1989 14:27:30,Medina,Street 5,+966,5998410537,Saudi,Christian,lama.mohammed559@example.com,X*vNVrihI6
6195,الأبتدائية,الخامسة,د,2025-2026,2228003857,P2634971786,ar,Abdulaziz,Nasser,Hamza,Abdulaziz,عبدالعزيز ناصر حمزة,Male,12/09/2017 14:27:30,Dammam,Street 4,+966,5463398244,Saudi,Muslim,abdulaziz.hamza718@example.com,B&)yY@k7it,1677295332,5771997525,False,Nasser,Abdulrahman,Hamza,Nasser,ناصر عبدالرحمن حمزة,Male,12/09/1985 14:27:30,Jeddah,Street 3,+966,5771997525,Saudi,Muslim,23AiofRh*5,nasser.hamza101@example.com,2218835851,5571772509,True,Nora,Sulaiman,Salman,Nora,نورا سليمان سلمان,Female,12/09/1995 14:27:30,Dammam,Street 2,+966,5571772509,Saudi,Muslim,nora.salman330@example.com,)K6wa9zx2W
4634,الأبتدائية,الخامسة,هـ,2025-2026,2314060650,P1391629404,ar,Zaid,Nasser,Hamza,Zaid,زيد ناصر حمزة,Male,12/09/2014 14:27:30,Mecca,Street 5,+966,5721110493,Saudi,Muslim,zaid.hamza444@example.com,0e#0950DEK,1677295332,5771997525,False,Nasser,Abdulrahman,Hamza,Nasser,ناصر عبدالرحمن حمزة,Male,12/09/1985 14:27:30,Jeddah,Street 3,+966,5771997525,Saudi,Muslim,23AiofRh*5,nasser.hamza101@example.com,2218835851,5571772509,True,Nora,Sulaiman,Salman,Nora,نورا سليمان سلمان,Female,12/09/1995 14:27:30,Dammam,Street 2,+966,5571772509,Saudi,Muslim,nora.salman330@example.com,)K6wa9zx2W
2363,الأبتدائية,الخامسة,هـ,2025-2026,2121220266,P2587529299,en,Riyad,Nasser,Hamza,Riyad,رياض ناصر حمزة,Male,12/09/2017 14:27:30,Medina,Street 5,+966,5180674824,Saudi,Muslim,riyad.hamza371@example.com,vyLo95wi%L,1677295332,5771997525,False,Nasser,Abdulrahman,Hamza,Nasser,ناصر عبدالرحمن حمزة,Male,12/09/1985 14:27:30,Jeddah,Street 3,+966,5771997525,Saudi,Muslim,23AiofRh*5,nasser.hamza101@example.com,2218835851,5571772509,True,Nora,Sulaiman,Salman,Nora,نورا سليمان سلمان,Female,12/09/1995 14:27:30,Dammam,Street 2,+966,5571772509,Saudi,Muslim,nora.salman330@example.com,)K6wa9zx2W
7663,الأبتدائية,الخامسة,هـ,2025-2026,2993490598,P1695859419,ar,Hussein,Zaid,Nasser,Hussein,حسين زيد ناصر,Male,12/09/2018 14:27:30,Mecca,Street 4,+966,5125778351,Saudi,Christian,hussein.nasser355@example.com,%X%jIq6&9f,1151707600,5186128324,True,Zaid,Sultan,Nasser,Zaid,زيد سلطان ناصر,Male,12/09/1982 14:27:30,Jeddah,Street 4,+966,5186128324,Saudi,Christian,9Xe#yJOt7s,zaid.nasser520@example.com,2411088136,5202250560,False,Sedra,Abdullah,Omar,Sedra,سدرة عبدالله عمر,Female,12/09/1995 14:27:30,Mecca,Street 2,+966,5202250560,Saudi,Christian,sedra.omar786@example.com,M#NR*H*Y0g
8448,الأبتدائية,الخامسة,هـ,2025-2026,1760050653,P1918171268,ar,Salem,Yousef,Salem,Salem,سالم يوسف سالم,Male,12/09/2016 14:27:30,Jeddah,Street 1,+966,5305039267,Saudi,Christian,salem.salem970@example.com,*ND24l&6@y,2833041895,5123026299,True,Yousef,Hassan,Salem,Yousef,يوسف حسن سالم,Male,12/09/1995 14:27:30,Medina,Street 1,+966,5123026299,Saudi,Christian,rSA6&kVftQ,yousef.salem731@example.com,2461563784,5530728322,False,Nora,Zayne,Khalid,Nora,نورا زين خالد,Female,12/09/1996 14:27:30,Medina,Street 1,+966,5530728322,Saudi,Christian,nora.khalid709@example.com,3*sg1YAq&Y
9221,الأبتدائية,الخامسة,هـ,2025-2026,1942140676,P2818597932,ar,Akram,Ismail,Ismail,Akram,أكرم إسماعيل إسماعيل,Male,12/09/2015 14:27:30,Dammam,Street 5,+966,5861622938,Saudi,Muslim,akram.ismail262@example.com,@$9u*1HTm&,1596795693,5988027366,True,Ismail,Ibrahim,Ismail,Ismail,إسماعيل إبراهيم إسماعيل,Male,12/09/1993 14:27:30,Riyadh,Street 3,+966,5988027366,Saudi,Muslim,i&106Sf#fC,ismail.ismail198@example.com,1892724936,5295494006,False,Aisha,Zaid,Hassan,Aisha,عائشة زيد حسن,Female,12/09/1994 14:27:30,Dammam,Street 1,+966,5295494006,Saudi,Muslim,aisha.hassan457@example.com,Co8hVxZ*Ut
7733,الأبتدائية,الخامسة,هـ,2025-2026,2452860168,P2648021887,ar,Tamadur,Ismail,Ismail,Tamadur,تماضر إسماعيل إسماعيل,Female,12/09/2019 14:27:30,Mecca,Street 2,+966,5252769951,Saudi,Muslim,tamadur.ismail522@example.com,YX(vP3NR9C,1596795693,5988027366,True,Ismail,Ibrahim,Ismail,Ismail,إسماعيل إبراهيم إسماعيل,Male,12/09/1993 14:27:30,Riyadh,Street 3,+966,5988027366,Saudi,Muslim,i&106Sf#fC,ismail.ismail198@example.com,1892724936,5295494006,False,Aisha,Zaid,Hassan,Aisha,عائشة زيد حسن,Female,12/09/1994 14:27:30,Dammam,Street 1,+966,5295494006,Saudi,Muslim,aisha.hassan457@example.com,Co8hVxZ*Ut
8949,الأبتدائية,الخامسة,هـ,2025-2026,2204470193,P2776296167,en,Mohammed,Riyad,Mahdi,Mohammed,محمد رياض مهدي,Male,12/09/2016 14:27:30,Mecca,Street 3,+966,5870499945,Saudi,Muslim,mohammed.mahdi792@example.com,n#$4dkmNr5,2728244531,5397687502,True,Riyad,Ahmed,Mahdi,Riyad,رياض أحمد مهدي,Male,12/09/1979 14:27:30,Dammam,Street 4,+966,5397687502,Saudi,Muslim,ur3Jc(&JJ),riyad.mahdi873@example.com,2551236784,5740850226,False,Haya,Idris,Zayne,Haya,هيا إدريس زين,Female,12/09/1992 14:27:30,Mecca,Street 1,+966,5740850226,Saudi,Muslim,haya.zayne403@example.com,TYGe%4^F6B
6544,الأبتدائية,الخامسة,هـ,2025-2026,1377897658,P1721588158,ar,Amal,Mahdi,Abdulaziz,Amal,أمل مهدي عبدالعزيز,Female,12/09/2018 14:27:30,Riyadh,Street 5,+966,5886781764,Saudi,Christian,amal.abdulaziz562@example.com,$ir7#xY2SC,1481386813,5159711586,True,Mahdi,Saud,Abdulaziz,Mahdi,مهدي سعود عبدالعزيز,Male,12/09/1994 14:27:30,Riyadh,Street 2,+966,5159711586,Saudi,Christian,!%iztf87Bn,mahdi.abdulaziz874@example.com,2631978027,5732726628,False,Lubaba,Salem,Omar,Lubaba,لبابة سالم عمر,Female,12/09/1985 14:27:30,Medina,Street 5,+966,5732726628,Saudi,Christian,lubaba.omar456@example.com,L2^9aQrS!5
8023,الأبتدائية,الخامسة,هـ,2025-2026,2227004556,P1936078487,en,Zayne,Mahdi,Abdulaziz,Zayne,زين مهدي عبدالعزيز,Male,12/09/2016 14:27:30,Jeddah,Street 4,+966,5553437913,Saudi,Christian,zayne.abdulaziz409@example.com,)S$4gfof6b,1481386813,5159711586,True,Mahdi,Saud,Abdulaziz,Mahdi,مهدي سعود عبدالعزيز,Male,12/09/1994 14:27:30,Riyadh,Street 2,+966,5159711586,Saudi,Christian,!%iztf87Bn,mahdi.abdulaziz874@example.com,2631978027,5732726628,False,Lubaba,Salem,Omar,Lubaba,لبابة سالم عمر,Female,12/09/1985 14:27:30,Medina,Street 5,+966,5732726628,Saudi,Christian,lubaba.omar456@example.com,L2^9aQrS!5
5218,الأبتدائية,الخامسة,هـ,2025-2026,2611409884,P1621688258,en,Sara,Yousef,Bilal,Sara,سارة يوسف بلال,Female,12/09/2019 14:27:30,Dammam,Street 3,+966,5426533975,Saudi,Christian,sara.bilal194@example.com,TGWi3^Lxh6,2257437663,5975566338,False,Yousef,Tariq,Bilal,Yousef,يوسف طارق بلال,Male,12/09/1990 14:27:30,Dammam,Street 5,+966,5975566338,Saudi,Christian,4zi#eOMyYf,yousef.bilal618@example.com,1796821226,5229934560,True,Salma,Mohammed,Omar,Salma,سلمى محمد عمر,Female,12/09/1991 14:27:30,Riyadh,Street 2,+966,5229934560,Saudi,Christian,salma.omar263@example.com,YiRu4p#99M
8349,الأبتدائية,الخامسة,هـ,2025-2026,1889499981,P1941524617,ar,Rania,Salman,Saud,Rania,رانيا سلمان سعود,Female,12/09/2017 14:27:30,Jeddah,Street 4,+966,5200269580,Saudi,Muslim,rania.saud785@example.com,u5V(W3KQnN,2145161104,5297736714,False,Salman,Ahmed,Saud,Salman,سلمان أحمد سعود,Male,12/09/1980 14:27:30,Jeddah,Street 4,+966,5297736714,Saudi,Muslim,n)X50&MRS!,salman.saud502@example.com,1914692759,5637605323,True,Nadia,Ahmed,Hussein,Nadia,نادية أحمد حسين,Female,12/09/1984 14:27:30,Dammam,Street 3,+966,5637605323,Saudi,Muslim,nadia.hussein667@example.com,Cgo)$8p%Cd
2834,الأبتدائية,الخامسة,هـ,2025-2026,1476399809,P1153938119,en,Yasmin,Idris,Saud,Yasmin,ياسمين إدريس سعود,Female,12/09/2015 14:27:30,Medina,Street 2,+966,5168011088,Saudi,Christian,yasmin.saud445@example.com,^9ZyZ4l0aW,2160783747,5966078222,True,Idris,Saud,Saud,Idris,إدريس سعود سعود,Male,12/09/1990 14:27:30,Riyadh,Street 5,+966,5966078222,Saudi,Christian,W68x1xvM#&,idris.saud272@example.com,1554735854,5770866121,False,Noor,Hussein,Salem,Noor,نور حسين سالم,Female,12/09/1994 14:27:30,Dammam,Street 5,+966,5770866121,Saudi,Christian,noor.salem136@example.com,aJ*0tlDv0j
5095,الأبتدائية,الخامسة,هـ,2025-2026,2733466874,P2738949285,ar,Bilal,Hassan,Zaid,Bilal,بلال حسن زيد,Male,12/09/2018 14:27:30,Dammam,Street 3,+966,5536042022,Saudi,Muslim,bilal.zaid434@example.com,EKS1y&%L%h,2436316766,5253115348,False,Hassan,Ali,Zaid,Hassan,حسن علي زيد,Male,12/09/1995 14:27:30,Mecca,Street 3,+966,5253115348,Saudi,Muslim,%z!0BS)EPs,hassan.zaid919@example.com,2517687427,5232512728,True,Maryam,Turki,Nasser,Maryam,مريم تركي ناصر,Female,12/09/1993 14:27:30,Riyadh,Street 4,+966,5232512728,Saudi,Muslim,maryam.nasser601@example.com,v99#nQ%J#k
7583,الأبتدائية,الخامسة,هـ,2025-2026,1249671116,P1633041748,ar,Zayne,Mohammed,Abdullah,Zayne,زين محمد عبدالله,Male,12/09/2015 14:27:30,Dammam,Street 2,+966,5559061673,Saudi,Christian,zayne.abdullah323@example.com,C9!27LKwVK,2467905321,5419334738,False,Mohammed,Riyad,Abdullah,Mohammed,محمد رياض عبدالله,Male,12/09/1993 14:27:30,Riyadh,Street 5,+966,5419334738,Saudi,Christian,)7!aZcPDzQ,mohammed.abdullah304@example.com,2428178014,5383825462,True,Layla,Riyad,Fahad,Layla,ليلى رياض فهد,Female,12/09/1987 14:27:30,Jeddah,Street 5,+966,5383825462,Saudi,Christian,layla.fahad435@example.com,qyNbC0!$yD
3534,الأبتدائية,الخامسة,هـ,2025-2026,1906587648,P1524513914,ar,Rania,Sulaiman,Abdulrahman,Rania,رانيا سليمان عبدالرحمن,Female,12/09/2017 14:27:30,Riyadh,Street 1,+966,5407297585,Saudi,Muslim,rania.abdulrahman315@example.com,BT%$T9s6vn,1356181646,5672931571,True,Sulaiman,Zaid,Abdulrahman,Sulaiman,سليمان زيد عبدالرحمن,Male,12/09/1989 14:27:30,Riyadh,Street 4,+966,5672931571,Saudi,Muslim,CNMJ(4oJ4u,sulaiman.abdulrahman523@example.com,2308777580,5987479615,False,Nadia,Tariq,Akram,Nadia,نادية طارق أكرم,Female,12/09/1995 14:27:30,Jeddah,Street 2,+966,5987479615,Saudi,Muslim,nadia.akram112@example.com,I^4tGVL%ym
5838,الأبتدائية,الخامسة,هـ,2025-2026,1775991641,P2693700241,en,Lama,Sulaiman,Abdulrahman,Lama,لمى سليمان عبدالرحمن,Female,12/09/2018 14:27:30,Mecca,Street 3,+966,5837958345,Saudi,Muslim,lama.abdulrahman100@example.com,)@S0eSeX0g,1356181646,5672931571,True,Sulaiman,Zaid,Abdulrahman,Sulaiman,سليمان زيد عبدالرحمن,Male,12/09/1989 14:27:30,Riyadh,Street 4,+966,5672931571,Saudi,Muslim,CNMJ(4oJ4u,sulaiman.abdulrahman523@example.com,2308777580,5987479615,False,Nadia,Tariq,Akram,Nadia,نادية طارق أكرم,Female,12/09/1995 14:27:30,Jeddah,Street 2,+966,5987479615,Saudi,Muslim,nadia.akram112@example.com,I^4tGVL%ym
3527,الأبتدائية,الخامسة,هـ,2025-2026,1969923965,P1724316062,ar,Ahmed,Sulaiman,Mohammed,Ahmed,أحمد سليمان محمد,Male,12/09/2018 14:27:30,Mecca,Street 2,+966,5255139809,Saudi,Muslim,ahmed.mohammed525@example.com,Frz53^igSZ,2646908915,5804000491,False,Sulaiman,Salem,Mohammed,Sulaiman,سليمان سالم محمد,Male,12/09/1981 14:27:30,Mecca,Street 1,+966,5804000491,Saudi,Muslim,CoB5m@ot8T,sulaiman.mohammed586@example.com,1562782214,5388419272,True,Tamadur,Khalid,Bilal,Tamadur,تماضر خالد بلال,Female,12/09/1981 14:27:30,Mecca,Street 3,+966,5388419272,Saudi,Muslim,tamadur.bilal298@example.com,&m(cBnLGR2
2146,الأبتدائية,الخامسة,هـ,2025-2026,2482123751,P2517370199,ar,Zainab,Abdulaziz,Hassan,Zainab,زينب عبدالعزيز حسن,Female,12/09/2017 14:27:30,Medina,Street 3,+966,5591458609,Saudi,Muslim,zainab.hassan988@example.com,J4#@83cqvU,1710936039,5833960432,False,Abdulaziz,Omar,Hassan,Abdulaziz,عبدالعزيز عمر حسن,Male,12/09/1981 14:27:30,Riyadh,Street 4,+966,5833960432,Saudi,Muslim,4OC&*pd#lY,abdulaziz.hassan850@example.com,1441714257,5696794947,True,Maha,Tariq,Sulaiman,Maha,مها طارق سليمان,Female,12/09/1987 14:27:30,Jeddah,Street 5,+966,5696794947,Saudi,Muslim,maha.sulaiman543@example.com,$2vh$YgI7Z
4217,الأبتدائية,الخامسة,هـ,2025-2026,1826073679,P1437953002,en,Abdulaziz,Fahad,Abdulrahman,Abdulaziz,عبدالعزيز فهد عبدالرحمن,Male,12/09/2019 14:27:30,Jeddah,Street 3,+966,5309367406,Saudi,Christian,abdulaziz.abdulrahman856@example.com,ttAv%H$9)@,1350042021,5874000278,False,Fahad,Omar,Abdulrahman,Fahad,فهد عمر عبدالرحمن,Male,12/09/1985 14:27:30,Riyadh,Street 2,+966,5874000278,Saudi,Christian,Kw25qs(Wrn,fahad.abdulrahman509@example.com,1576865939,5345402898,True,Zahra,Bilal,Tariq,Zahra,زهرة بلال طارق,Female,12/09/1983 14:27:30,Medina,Street 5,+966,5345402898,Saudi,Christian,zahra.tariq895@example.com,3rGr(rWZu)
3639,الأبتدائية,الخامسة,هـ,2025-2026,1819673042,P2864225684,ar,Akram,Ahmed,Abdullah,Akram,أكرم أحمد عبدالله,Male,12/09/2016 14:27:30,Dammam,Street 3,+966,5222096498,Saudi,Christian,akram.abdullah227@example.com,bLlP)%u4Ka,2853404489,5659241336,True,Ahmed,Yousef,Abdullah,Ahmed,أحمد يوسف عبدالله,Male,12/09/1985 14:27:30,Riyadh,Street 1,+966,5659241336,Saudi,Christian,2SCiyh6&q2,ahmed.abdullah188@example.com,1735148486,5645731033,False,Salma,Abdullah,Mahdi,Salma,سلمى عبدالله مهدي,Female,12/09/1995 14:27:30,Dammam,Street 1,+966,5645731033,Saudi,Christian,salma.mahdi886@example.com,1ykl5j*H@^
8736,الأبتدائية,الخامسة,هـ,2025-2026,2224061728,P2786163591,ar,Khalid,Sultan,Ali,Khalid,خالد سلطان علي,Male,12/09/2019 14:27:30,Jeddah,Street 4,+966,5488506551,Saudi,Muslim,khalid.ali127@example.com,DDhn4fQ!HG,1327922718,5505063696,True,Sultan,Tariq,Ali,Sultan,سلطان طارق علي,Male,12/09/1995 14:27:30,Medina,Street 1,+966,5505063696,Saudi,Muslim,&lNbN9Eg$D,sultan.ali674@example.com,2685159890,5906807225,False,Noor,Nasser,Ismail,Noor,نور ناصر إسماعيل,Female,12/09/1985 14:27:30,Riyadh,Street 1,+966,5906807225,Saudi,Muslim,noor.ismail666@example.com,uS9sVEZ!@A
4076,الأبتدائية,الخامسة,هـ,2025-2026,1583123311,P1102185714,ar,Hassan,Sultan,Ali,Hassan,حسن سلطان علي,Male,12/09/2015 14:27:30,Jeddah,Street 3,+966,5825770699,Saudi,Muslim,hassan.ali489@example.com,V%wqq6TbwI,1327922718,5505063696,True,Sultan,Tariq,Ali,Sultan,سلطان طارق علي,Male,12/09/1995 14:27:30,Medina,Street 1,+966,5505063696,Saudi,Muslim,&lNbN9Eg$D,sultan.ali674@example.com,2685159890,5906807225,False,Noor,Nasser,Ismail,Noor,نور ناصر إسماعيل,Female,12/09/1985 14:27:30,Riyadh,Street 1,+966,5906807225,Saudi,Muslim,noor.ismail666@example.com,uS9sVEZ!@A
3547,الأبتدائية,الخامسة,هـ,2025-2026,1578705148,P2867437331,ar,Abdulrahman,Yousef,Mahdi,Abdulrahman,عبدالرحمن يوسف مهدي,Male,12/09/2018 14:27:30,Mecca,Street 4,+966,5996703344,Saudi,Muslim,abdulrahman.mahdi644@example.com,wDRbXT62V(,2984146322,5594042126,True,Yousef,Ali,Mahdi,Yousef,يوسف علي مهدي,Male,12/09/1983 14:27:30,Mecca,Street 2,+966,5594042126,Saudi,Muslim,aVoRZ#q8A6,yousef.mahdi165@example.com,1434249688,5147378022,False,Sedra,Fahad,Nasser,Sedra,سدرة فهد ناصر,Female,12/09/1987 14:27:30,Medina,Street 4,+966,5147378022,Saudi,Muslim,sedra.nasser862@example.com,v^GDwmd2N)
3037,الأبتدائية,الخامسة,هـ,2025-2026,1319388336,P1641916340,ar,Saud,Tariq,Ahmed,Saud,سعود طارق أحمد,Male,12/09/2015 14:27:30,Riyadh,Street 1,+966,5285926156,Saudi,Christian,saud.ahmed165@example.com,b)xo#(1(5V,1643505554,5636979760,False,Tariq,Ahmed,Ahmed,Tariq,طارق أحمد أحمد,Male,12/09/1979 14:27:30,Medina,Street 3,+966,5636979760,Saudi,Christian,@J33SPs2wc,tariq.ahmed847@example.com,2443742891,5389057159,True,Fatimah,Ahmed,Ahmed,Fatimah,فاطمة أحمد أحمد,Female,12/09/1991 14:27:30,Riyadh,Street 5,+966,5389057159,Saudi,Christian,fatimah.ahmed682@example.com,UQvrg$Q$1a
6830,الأبتدائية,الخامسة,هـ,2025-2026,2593378402,P2343042861,en,Nora,Tariq,Ahmed,Nora,نورا طارق أحمد,Female,12/09/2015 14:27:30,Medina,Street 2,+966,5537311588,Saudi,Christian,nora.ahmed737@example.com,@w42#T)^7F,1643505554,5636979760,False,Tariq,Ahmed,Ahmed,Tariq,طارق أحمد أحمد,Male,12/09/1979 14:27:30,Medina,Street 3,+966,5636979760,Saudi,Christian,@J33SPs2wc,tariq.ahmed847@example.com,2443742891,5389057159,True,Fatimah,Ahmed,Ahmed,Fatimah,فاطمة أحمد أحمد,Female,12/09/1991 14:27:30,Riyadh,Street 5,+966,5389057159,Saudi,Christian,fatimah.ahmed682@example.com,UQvrg$Q$1a
7803,الأبتدائية,الخامسة,هـ,2025-2026,2662067658,P1212983637,en,Mahdi,Omar,Abdullah,Mahdi,مهدي عمر عبدالله,Male,12/09/2019 14:27:30,Jeddah,Street 4,+966,5878460037,Saudi,Christian,mahdi.abdullah641@example.com,a@^b26a@FY,1412047675,5546916105,True,Omar,Nasser,Abdullah,Omar,عمر ناصر عبدالله,Male,12/09/1981 14:27:30,Mecca,Street 2,+966,5546916105,Saudi,Christian,kac(H53RTb,omar.abdullah951@example.com,1280211459,5976889063,False,Fatimah,Yousef,Fahad,Fatimah,فاطمة يوسف فهد,Female,12/09/1996 14:27:30,Jeddah,Street 2,+966,5976889063,Saudi,Christian,fatimah.fahad742@example.com,zuZ8aWMrb(
6193,الأبتدائية,الخامسة,هـ,2025-2026,2836142316,P1410249100,en,Hussein,Omar,Abdullah,Hussein,حسين عمر عبدالله,Male,12/09/2015 14:27:30,Jeddah,Street 3,+966,5704831332,Saudi,Christian,hussein.abdullah345@example.com,Tt7^xzY9ty,1412047675,5546916105,True,Omar,Nasser,Abdullah,Omar,عمر ناصر عبدالله,Male,12/09/1981 14:27:30,Mecca,Street 2,+966,5546916105,Saudi,Christian,kac(H53RTb,omar.abdullah951@example.com,1280211459,5976889063,False,Fatimah,Yousef,Fahad,Fatimah,فاطمة يوسف فهد,Female,12/09/1996 14:27:30,Jeddah,Street 2,+966,5976889063,Saudi,Christian,fatimah.fahad742@example.com,zuZ8aWMrb(
3279,الأبتدائية,الخامسة,هـ,2025-2026,2937253367,P1402375624,ar,Ibrahim,Ali,Omar,Ibrahim,إبراهيم علي عمر,Male,12/09/2017 14:27:30,Mecca,Street 3,+966,5591103567,Saudi,Muslim,ibrahim.omar874@example.com,3bF7@P1&%I,1785917114,5323784086,True,Ali,Hassan,Omar,Ali,علي حسن عمر,Male,12/09/1991 14:27:30,Medina,Street 1,+966,5323784086,Saudi,Muslim,7ZU^Dgc1ya,ali.omar749@example.com,2633206664,5990039791,False,Aaliyah,Zayne,Fahad,Aaliyah,عالية زين فهد,Female,12/09/1987 14:27:30,Dammam,Street 1,+966,5990039791,Saudi,Muslim,aaliyah.fahad324@example.com,)UuBS)7JHD
7169,الأبتدائية,الخامسة,هـ,2025-2026,2982330246,P1624307512,ar,Abdulrahman,Ali,Omar,Abdulrahman,عبدالرحمن علي عمر,Male,12/09/2014 14:27:30,Riyadh,Street 1,+966,5370315992,Saudi,Muslim,abdulrahman.omar892@example.com,*a^ko6G1@A,1785917114,5323784086,True,Ali,Hassan,Omar,Ali,علي حسن عمر,Male,12/09/1991 14:27:30,Medina,Street 1,+966,5323784086,Saudi,Muslim,7ZU^Dgc1ya,ali.omar749@example.com,2633206664,5990039791,False,Aaliyah,Zayne,Fahad,Aaliyah,عالية زين فهد,Female,12/09/1987 14:27:30,Dammam,Street 1,+966,5990039791,Saudi,Muslim,aaliyah.fahad324@example.com,)UuBS)7JHD
6847,الأبتدائية,الخامسة,هـ,2025-2026,1427218974,P2134756465,ar,Salman,Riyad,Hamza,Salman,سلمان رياض حمزة,Male,12/09/2015 14:27:30,Dammam,Street 3,+966,5428294217,Saudi,Muslim,salman.hamza988@example.com,T#o!7C4ehr,1423960065,5416731078,False,Riyad,Idris,Hamza,Riyad,رياض إدريس حمزة,Male,12/09/1985 14:27:30,Jeddah,Street 1,+966,5416731078,Saudi,Muslim,2I&tKNIY5j,riyad.hamza735@example.com,1838615836,5240694230,True,Assiya,Hamza,Zaid,Assiya,أسيا حمزة زيد,Female,12/09/1983 14:27:30,Jeddah,Street 1,+966,5240694230,Saudi,Muslim,assiya.zaid364@example.com,Yi&zx3ouYN
7535,الأبتدائية,السادسة,أ,2025-2026,1509757037,P2619586091,ar,Hamza,Riyad,Hamza,Hamza,حمزة رياض حمزة,Male,12/09/2019 14:27:30,Medina,Street 4,+966,5695452402,Saudi,Muslim,hamza.hamza860@example.com,r8DliqUfI$,1423960065,5416731078,False,Riyad,Idris,Hamza,Riyad,رياض إدريس حمزة,Male,12/09/1985 14:27:30,Jeddah,Street 1,+966,5416731078,Saudi,Muslim,2I&tKNIY5j,riyad.hamza735@example.com,1838615836,5240694230,True,Assiya,Hamza,Zaid,Assiya,أسيا حمزة زيد,Female,12/09/1983 14:27:30,Jeddah,Street 1,+966,5240694230,Saudi,Muslim,assiya.zaid364@example.com,Yi&zx3ouYN
4802,الأبتدائية,السادسة,أ,2025-2026,1263277647,P1148379524,ar,Assiya,Hussein,Fahad,Assiya,أسيا حسين فهد,Female,12/09/2014 14:27:30,Riyadh,Street 3,+966,5606801877,Saudi,Christian,assiya.fahad134@example.com,1wF6#IP)FO,2272796681,5940019023,True,Hussein,Mohammed,Fahad,Hussein,حسين محمد فهد,Male,12/09/1987 14:27:30,Mecca,Street 5,+966,5940019023,Saudi,Christian,6v^OG5WtIQ,hussein.fahad786@example.com,1294892784,5899376528,False,Hanan,Fahad,Akram,Hanan,حنان فهد أكرم,Female,12/09/1992 14:27:30,Medina,Street 1,+966,5899376528,Saudi,Christian,hanan.akram574@example.com,X!&3D(0pb6
4314,الأبتدائية,السادسة,أ,2025-2026,1851513173,P1100363577,en,Aisha,Hassan,Abdullah,Aisha,عائشة حسن عبدالله,Female,12/09/2016 14:27:30,Dammam,Street 3,+966,5416404207,Saudi,Christian,aisha.abdullah353@example.com,3&AbI2sY&N,1118870970,5191876087,False,Hassan,Yousef,Abdullah,Hassan,حسن يوسف عبدالله,Male,12/09/1986 14:27:30,Riyadh,Street 2,+966,5191876087,Saudi,Christian,1vMJyF*ZBk,hassan.abdullah979@example.com,2545476592,5154965346,True,Lubaba,Omar,Ali,Lubaba,لبابة عمر علي,Female,12/09/1989 14:27:30,Riyadh,Street 4,+966,5154965346,Saudi,Christian,lubaba.ali360@example.com,X#$t0y3JwV
9258,الأبتدائية,السادسة,أ,2025-2026,2240921746,P1324658432,ar,Maha,Hussein,Abdulrahman,Maha,مها حسين عبدالرحمن,Female,12/09/2015 14:27:30,Dammam,Street 3,+966,5115044270,Saudi,Muslim,maha.abdulrahman493@example.com,fl@96Ms4*C,1947769833,5519283037,False,Hussein,Akram,Abdulrahman,Hussein,حسين أكرم عبدالرحمن,Male,12/09/1981 14:27:30,Medina,Street 2,+966,5519283037,Saudi,Muslim,%%aOUixe0h,hussein.abdulrahman239@example.com,1798330873,5143794412,True,Layla,Zaid,Ahmed,Layla,ليلى زيد أحمد,Female,12/09/1982 14:27:30,Dammam,Street 5,+966,5143794412,Saudi,Muslim,layla.ahmed622@example.com,pd8pOl2@G$
9971,الأبتدائية,السادسة,أ,2025-2026,1606761107,P2813675297,ar,Zayne,Hussein,Abdulrahman,Zayne,زين حسين عبدالرحمن,Male,12/09/2018 14:27:30,Dammam,Street 4,+966,5123120538,Saudi,Muslim,zayne.abdulrahman940@example.com,okrEYbd7&R,1947769833,5519283037,False,Hussein,Akram,Abdulrahman,Hussein,حسين أكرم عبدالرحمن,Male,12/09/1981 14:27:30,Medina,Street 2,+966,5519283037,Saudi,Muslim,%%aOUixe0h,hussein.abdulrahman239@example.com,1798330873,5143794412,True,Layla,Zaid,Ahmed,Layla,ليلى زيد أحمد,Female,12/09/1982 14:27:30,Dammam,Street 5,+966,5143794412,Saudi,Muslim,layla.ahmed622@example.com,pd8pOl2@G$
6443,الأبتدائية,السادسة,أ,2025-2026,2682183476,P1916746836,en,Noor,Hussein,Abdulrahman,Noor,نور حسين عبدالرحمن,Female,12/09/2017 14:27:30,Mecca,Street 2,+966,5712385878,Saudi,Muslim,noor.abdulrahman653@example.com,zBkJh9^wl%,1947769833,5519283037,False,Hussein,Akram,Abdulrahman,Hussein,حسين أكرم عبدالرحمن,Male,12/09/1981 14:27:30,Medina,Street 2,+966,5519283037,Saudi,Muslim,%%aOUixe0h,hussein.abdulrahman239@example.com,1798330873,5143794412,True,Layla,Zaid,Ahmed,Layla,ليلى زيد أحمد,Female,12/09/1982 14:27:30,Dammam,Street 5,+966,5143794412,Saudi,Muslim,layla.ahmed622@example.com,pd8pOl2@G$
8185,الأبتدائية,السادسة,أ,2025-2026,1989798386,P1590743860,en,Hassan,Mahdi,Yousef,Hassan,حسن مهدي يوسف,Male,12/09/2018 14:27:30,Medina,Street 5,+966,5924862835,Saudi,Muslim,hassan.yousef387@example.com,kF!x3b#WUE,2822351684,5651568923,False,Mahdi,Mahdi,Yousef,Mahdi,مهدي مهدي يوسف,Male,12/09/1989 14:27:30,Riyadh,Street 3,+966,5651568923,Saudi,Muslim,KS4#S2We)B,mahdi.yousef603@example.com,1795265419,5523207446,True,Lama,Zayne,Hamza,Lama,لمى زين حمزة,Female,12/09/1982 14:27:30,Mecca,Street 4,+966,5523207446,Saudi,Muslim,lama.hamza350@example.com,5%mUChkyp9
2441,الأبتدائية,السادسة,أ,2025-2026,2439363566,P2401140220,en,Ahmed,Hassan,Hassan,Ahmed,أحمد حسن حسن,Male,12/09/2017 14:27:30,Medina,Street 3,+966,5729429829,Saudi,Muslim,ahmed.hassan758@example.com,kpFRuUr$3e,1713829685,5301457520,False,Hassan,Zaid,Hassan,Hassan,حسن زيد حسن,Male,12/09/1989 14:27:30,Mecca,Street 4,+966,5301457520,Saudi,Muslim,(@F6V$nMpJ,hassan.hassan296@example.com,1793229007,5494706178,True,Nora,Ibrahim,Sulaiman,Nora,نورا إبراهيم سليمان,Female,12/09/1981 14:27:30,Medina,Street 2,+966,5494706178,Saudi,Muslim,nora.sulaiman128@example.com,VVEMB5Z@ak
6849,الأبتدائية,السادسة,أ,2025-2026,2148442742,P1720447851,en,Hanan,Hassan,Hassan,Hanan,حنان حسن حسن,Female,12/09/2015 14:27:30,Dammam,Street 4,+966,5162920276,Saudi,Muslim,hanan.hassan260@example.com,W2lI6eo$^3,1713829685,5301457520,False,Hassan,Zaid,Hassan,Hassan,حسن زيد حسن,Male,12/09/1989 14:27:30,Mecca,Street 4,+966,5301457520,Saudi,Muslim,(@F6V$nMpJ,hassan.hassan296@example.com,1793229007,5494706178,True,Nora,Ibrahim,Sulaiman,Nora,نورا إبراهيم سليمان,Female,12/09/1981 14:27:30,Medina,Street 2,+966,5494706178,Saudi,Muslim,nora.sulaiman128@example.com,VVEMB5Z@ak
3591,الأبتدائية,السادسة,أ,2025-2026,1524590978,P2826562787,en,Khalid,Sultan,Hamza,Khalid,خالد سلطان حمزة,Male,12/09/2019 14:27:30,Jeddah,Street 1,+966,5326240621,Saudi,Muslim,khalid.hamza723@example.com,a&EL6xKqn*,1735893312,5812306328,False,Sultan,Nasser,Hamza,Sultan,سلطان ناصر حمزة,Male,12/09/1976 14:27:30,Jeddah,Street 1,+966,5812306328,Saudi,Muslim,Z6tiD0b&Yf,sultan.hamza170@example.com,1798698504,5500060255,True,Safiyyah,Sulaiman,Zayne,Safiyyah,صفية سليمان زين,Female,12/09/1997 14:27:30,Mecca,Street 1,+966,5500060255,Saudi,Muslim,safiyyah.zayne465@example.com,7v8*HME)ys
9420,الأبتدائية,السادسة,أ,2025-2026,2817805777,P2231275570,en,Omar,Sultan,Hamza,Omar,عمر سلطان حمزة,Male,12/09/2017 14:27:30,Mecca,Street 2,+966,5869508406,Saudi,Muslim,omar.hamza430@example.com,*4%Qg%)1t5,1735893312,5812306328,False,Sultan,Nasser,Hamza,Sultan,سلطان ناصر حمزة,Male,12/09/1976 14:27:30,Jeddah,Street 1,+966,5812306328,Saudi,Muslim,Z6tiD0b&Yf,sultan.hamza170@example.com,1798698504,5500060255,True,Safiyyah,Sulaiman,Zayne,Safiyyah,صفية سليمان زين,Female,12/09/1997 14:27:30,Mecca,Street 1,+966,5500060255,Saudi,Muslim,safiyyah.zayne465@example.com,7v8*HME)ys
2299,الأبتدائية,السادسة,أ,2025-2026,2507491608,P1479486886,ar,Hanan,Salman,Bilal,Hanan,حنان سلمان بلال,Female,12/09/2015 14:27:30,Riyadh,Street 1,+966,5976794244,Saudi,Muslim,hanan.bilal353@example.com,LchIn@e#2c,2877297281,5665319231,True,Salman,Bilal,Bilal,Salman,سلمان بلال بلال,Male,12/09/1985 14:27:30,Dammam,Street 1,+966,5665319231,Saudi,Muslim,b5kVOdL))E,salman.bilal682@example.com,2107061095,5362444683,False,Tamadur,Abdulrahman,Nasser,Tamadur,تماضر عبدالرحمن ناصر,Female,12/09/1986 14:27:30,Medina,Street 3,+966,5362444683,Saudi,Muslim,tamadur.nasser545@example.com,oU#%Fw*E7f
2245,الأبتدائية,السادسة,أ,2025-2026,2949601141,P1638924403,ar,Nadia,Salman,Bilal,Nadia,نادية سلمان بلال,Female,12/09/2019 14:27:30,Dammam,Street 4,+966,5868874670,Saudi,Muslim,nadia.bilal445@example.com,32Dao@AAVs,2877297281,5665319231,True,Salman,Bilal,Bilal,Salman,سلمان بلال بلال,Male,12/09/1985 14:27:30,Dammam,Street 1,+966,5665319231,Saudi,Muslim,b5kVOdL))E,salman.bilal682@example.com,2107061095,5362444683,False,Tamadur,Abdulrahman,Nasser,Tamadur,تماضر عبدالرحمن ناصر,Female,12/09/1986 14:27:30,Medina,Street 3,+966,5362444683,Saudi,Muslim,tamadur.nasser545@example.com,oU#%Fw*E7f
2530,الأبتدائية,السادسة,أ,2025-2026,1272096277,P2815490203,ar,Safiyyah,Abdulaziz,Hassan,Safiyyah,صفية عبدالعزيز حسن,Female,12/09/2014 14:27:30,Jeddah,Street 3,+966,5254083494,Saudi,Muslim,safiyyah.hassan504@example.com,I7E^z(tgoq,1287242027,5501659123,True,Abdulaziz,Akram,Hassan,Abdulaziz,عبدالعزيز أكرم حسن,Male,12/09/1977 14:27:30,Dammam,Street 5,+966,5501659123,Saudi,Muslim,0h^QFN2icg,abdulaziz.hassan479@example.com,2553532482,5928039707,False,Lina,Abdullah,Hussein,Lina,لينا عبدالله حسين,Female,12/09/1997 14:27:30,Medina,Street 2,+966,5928039707,Saudi,Muslim,lina.hussein151@example.com,^975%w9lfI
3649,الأبتدائية,السادسة,أ,2025-2026,1235886210,P2264413395,en,Hanan,Abdulaziz,Hassan,Hanan,حنان عبدالعزيز حسن,Female,12/09/2018 14:27:30,Dammam,Street 4,+966,5610172001,Saudi,Muslim,hanan.hassan266@example.com,c1Sr$6&LPr,1287242027,5501659123,True,Abdulaziz,Akram,Hassan,Abdulaziz,عبدالعزيز أكرم حسن,Male,12/09/1977 14:27:30,Dammam,Street 5,+966,5501659123,Saudi,Muslim,0h^QFN2icg,abdulaziz.hassan479@example.com,2553532482,5928039707,False,Lina,Abdullah,Hussein,Lina,لينا عبدالله حسين,Female,12/09/1997 14:27:30,Medina,Street 2,+966,5928039707,Saudi,Muslim,lina.hussein151@example.com,^975%w9lfI
1792,الأبتدائية,السادسة,أ,2025-2026,2994618679,P1634150887,ar,Nadia,Abdulaziz,Hassan,Nadia,نادية عبدالعزيز حسن,Female,12/09/2017 14:27:30,Riyadh,Street 2,+966,5394415619,Saudi,Muslim,nadia.hassan162@example.com,c6b%0vt6T0,1287242027,5501659123,True,Abdulaziz,Akram,Hassan,Abdulaziz,عبدالعزيز أكرم حسن,Male,12/09/1977 14:27:30,Dammam,Street 5,+966,5501659123,Saudi,Muslim,0h^QFN2icg,abdulaziz.hassan479@example.com,2553532482,5928039707,False,Lina,Abdullah,Hussein,Lina,لينا عبدالله حسين,Female,12/09/1997 14:27:30,Medina,Street 2,+966,5928039707,Saudi,Muslim,lina.hussein151@example.com,^975%w9lfI
1142,الأبتدائية,السادسة,أ,2025-2026,2364960295,P1898969924,en,Rania,Saud,Akram,Rania,رانيا سعود أكرم,Female,12/09/2014 14:27:30,Medina,Street 1,+966,5207718159,Saudi,Christian,rania.akram363@example.com,dYZU%qW*2N,2791238218,5320081048,True,Saud,Zaid,Akram,Saud,سعود زيد أكرم,Male,12/09/1977 14:27:30,Jeddah,Street 2,+966,5320081048,Saudi,Christian,A%!Oj4i5L$,saud.akram610@example.com,2948105285,5694077308,False,Nadia,Fahad,Omar,Nadia,نادية فهد عمر,Female,12/09/1988 14:27:30,Jeddah,Street 1,+966,5694077308,Saudi,Christian,nadia.omar614@example.com,tfwX14*Ywr
4553,الأبتدائية,السادسة,أ,2025-2026,1798582436,P2702994391,ar,Saud,Mahdi,Saud,Saud,سعود مهدي سعود,Male,12/09/2014 14:27:30,Riyadh,Street 4,+966,5616410267,Saudi,Christian,saud.saud457@example.com,Yf@CLOpwy4,1935236815,5748732584,False,Mahdi,Zaid,Saud,Mahdi,مهدي زيد سعود,Male,12/09/1988 14:27:30,Riyadh,Street 2,+966,5748732584,Saudi,Christian,9$SZVl3a(4,mahdi.saud602@example.com,1442831646,5284204636,True,Lina,Abdulaziz,Ismail,Lina,لينا عبدالعزيز إسماعيل,Female,12/09/1985 14:27:30,Riyadh,Street 4,+966,5284204636,Saudi,Christian,lina.ismail820@example.com,fAh@wIiM2*
1798,الأبتدائية,السادسة,أ,2025-2026,1242854914,P2352839790,ar,Nora,Omar,Nasser,Nora,نورا عمر ناصر,Female,12/09/2016 14:27:30,Dammam,Street 5,+966,5945799041,Saudi,Muslim,nora.nasser694@example.com,DHwD7W$G($,1637297948,5833112055,False,Omar,Mohammed,Nasser,Omar,عمر محمد ناصر,Male,12/09/1978 14:27:30,Riyadh,Street 2,+966,5833112055,Saudi,Muslim,*#Pt5dp^*o,omar.nasser268@example.com,2265387059,5646340403,True,Zainab,Fahad,Abdulaziz,Zainab,زينب فهد عبدالعزيز,Female,12/09/1990 14:27:30,Mecca,Street 1,+966,5646340403,Saudi,Muslim,zainab.abdulaziz440@example.com,rzj^g!g83V
1366,الأبتدائية,السادسة,أ,2025-2026,1732410382,P2209125081,ar,Aisha,Omar,Nasser,Aisha,عائشة عمر ناصر,Female,12/09/2015 14:27:30,Riyadh,Street 4,+966,5715170353,Saudi,Muslim,aisha.nasser334@example.com,Tuddij&NA3,1637297948,5833112055,False,Omar,Mohammed,Nasser,Omar,عمر محمد ناصر,Male,12/09/1978 14:27:30,Riyadh,Street 2,+966,5833112055,Saudi,Muslim,*#Pt5dp^*o,omar.nasser268@example.com,2265387059,5646340403,True,Zainab,Fahad,Abdulaziz,Zainab,زينب فهد عبدالعزيز,Female,12/09/1990 14:27:30,Mecca,Street 1,+966,5646340403,Saudi,Muslim,zainab.abdulaziz440@example.com,rzj^g!g83V
8390,الأبتدائية,السادسة,أ,2025-2026,2734763504,P1235140580,en,Noor,Omar,Nasser,Noor,نور عمر ناصر,Female,12/09/2014 14:27:30,Jeddah,Street 3,+966,5667801574,Saudi,Muslim,noor.nasser243@example.com,e91J0lv1$g,1637297948,5833112055,False,Omar,Mohammed,Nasser,Omar,عمر محمد ناصر,Male,12/09/1978 14:27:30,Riyadh,Street 2,+966,5833112055,Saudi,Muslim,*#Pt5dp^*o,omar.nasser268@example.com,2265387059,5646340403,True,Zainab,Fahad,Abdulaziz,Zainab,زينب فهد عبدالعزيز,Female,12/09/1990 14:27:30,Mecca,Street 1,+966,5646340403,Saudi,Muslim,zainab.abdulaziz440@example.com,rzj^g!g83V
2926,الأبتدائية,السادسة,أ,2025-2026,2763510143,P2854436107,en,Mahdi,Hamza,Yousef,Mahdi,مهدي حمزة يوسف,Male,12/09/2018 14:27:30,Riyadh,Street 2,+966,5687088037,Saudi,Christian,mahdi.yousef655@example.com,EM6QrT043^,1361584732,5267134567,False,Hamza,Ali,Yousef,Hamza,حمزة علي يوسف,Male,12/09/1988 14:27:30,Mecca,Street 3,+966,5267134567,Saudi,Christian,JMl#RakS4D,hamza.yousef868@example.com,2585547009,5463856740,True,Reem,Abdulaziz,Mahdi,Reem,ريم عبدالعزيز مهدي,Female,12/09/1995 14:27:30,Riyadh,Street 2,+966,5463856740,Saudi,Christian,reem.mahdi954@example.com,9#aaJC1Qh^
1072,الأبتدائية,السادسة,أ,2025-2026,2325060978,P2372896026,en,Bilal,Hamza,Yousef,Bilal,بلال حمزة يوسف,Male,12/09/2016 14:27:30,Medina,Street 3,+966,5947855759,Saudi,Christian,bilal.yousef132@example.com,el&yYPc4Is,1361584732,5267134567,False,Hamza,Ali,Yousef,Hamza,حمزة علي يوسف,Male,12/09/1988 14:27:30,Mecca,Street 3,+966,5267134567,Saudi,Christian,JMl#RakS4D,hamza.yousef868@example.com,2585547009,5463856740,True,Reem,Abdulaziz,Mahdi,Reem,ريم عبدالعزيز مهدي,Female,12/09/1995 14:27:30,Riyadh,Street 2,+966,5463856740,Saudi,Christian,reem.mahdi954@example.com,9#aaJC1Qh^
5245,الأبتدائية,السادسة,أ,2025-2026,1180772623,P2382402450,en,Omar,Hamza,Yousef,Omar,عمر حمزة يوسف,Male,12/09/2018 14:27:30,Riyadh,Street 3,+966,5142996902,Saudi,Christian,omar.yousef634@example.com,AfUC$Olo^1,1361584732,5267134567,False,Hamza,Ali,Yousef,Hamza,حمزة علي يوسف,Male,12/09/1988 14:27:30,Mecca,Street 3,+966,5267134567,Saudi,Christian,JMl#RakS4D,hamza.yousef868@example.com,2585547009,5463856740,True,Reem,Abdulaziz,Mahdi,Reem,ريم عبدالعزيز مهدي,Female,12/09/1995 14:27:30,Riyadh,Street 2,+966,5463856740,Saudi,Christian,reem.mahdi954@example.com,9#aaJC1Qh^
7893,الأبتدائية,السادسة,أ,2025-2026,1410112782,P2819692833,ar,Tariq,Abdulaziz,Tariq,Tariq,طارق عبدالعزيز طارق,Male,12/09/2018 14:27:30,Mecca,Street 5,+966,5950249076,Saudi,Muslim,tariq.tariq364@example.com,%YAAM&y(0l,2779801886,5116345181,False,Abdulaziz,Saud,Tariq,Abdulaziz,عبدالعزيز سعود طارق,Male,12/09/1984 14:27:30,Jeddah,Street 1,+966,5116345181,Saudi,Muslim,i1!#JJl4wu,abdulaziz.tariq448@example.com,1742888935,5106927560,True,Maha,Sultan,Sultan,Maha,مها سلطان سلطان,Female,12/09/1984 14:27:30,Dammam,Street 5,+966,5106927560,Saudi,Muslim,maha.sultan543@example.com,i^T%yKl1)h
3101,الأبتدائية,السادسة,أ,2025-2026,2873263200,P1105706762,en,Salma,Sulaiman,Hassan,Salma,سلمى سليمان حسن,Female,12/09/2019 14:27:30,Jeddah,Street 4,+966,5818432003,Saudi,Muslim,salma.hassan214@example.com,oo*Y&i6MNV,2236988545,5355629312,False,Sulaiman,Sultan,Hassan,Sulaiman,سليمان سلطان حسن,Male,12/09/1983 14:27:30,Jeddah,Street 3,+966,5355629312,Saudi,Muslim,3*kcMAyiX5,sulaiman.hassan553@example.com,2823708271,5223325832,True,Safiyyah,Sulaiman,Mohammed,Safiyyah,صفية سليمان محمد,Female,12/09/1983 14:27:30,Riyadh,Street 5,+966,5223325832,Saudi,Muslim,safiyyah.mohammed988@example.com,vziLW!6Kf4
2321,الأبتدائية,السادسة,د,2025-2026,1740359128,P1327988665,ar,Zainab,Hamza,Saud,Zainab,زينب حمزة سعود,Female,12/09/2016 14:27:30,Medina,Street 4,+966,5150920850,Saudi,Christian,zainab.saud769@example.com,#qI)4wwVK8,2420629202,5455569545,True,Hamza,Sultan,Saud,Hamza,حمزة سلطان سعود,Male,12/09/1995 14:27:30,Mecca,Street 4,+966,5455569545,Saudi,Christian,n^6gAjjOiU,hamza.saud632@example.com,2994806160,5631356813,False,Salma,Abdulaziz,Ibrahim,Salma,سلمى عبدالعزيز إبراهيم,Female,12/09/1981 14:27:30,Jeddah,Street 5,+966,5631356813,Saudi,Christian,salma.ibrahim459@example.com,R!!9uxaBM7
1409,الأبتدائية,السادسة,د,2025-2026,2436798546,P2598406175,en,Salma,Hamza,Saud,Salma,سلمى حمزة سعود,Female,12/09/2018 14:27:30,Riyadh,Street 3,+966,5969499748,Saudi,Christian,salma.saud355@example.com,(!wycMX2rr,2420629202,5455569545,True,Hamza,Sultan,Saud,Hamza,حمزة سلطان سعود,Male,12/09/1995 14:27:30,Mecca,Street 4,+966,5455569545,Saudi,Christian,n^6gAjjOiU,hamza.saud632@example.com,2994806160,5631356813,False,Salma,Abdulaziz,Ibrahim,Salma,سلمى عبدالعزيز إبراهيم,Female,12/09/1981 14:27:30,Jeddah,Street 5,+966,5631356813,Saudi,Christian,salma.ibrahim459@example.com,R!!9uxaBM7
5219,الأبتدائية,السادسة,د,2025-2026,2372226851,P2307619220,en,Yasmin,Abdullah,Riyad,Yasmin,ياسمين عبدالله رياض,Female,12/09/2019 14:27:30,Medina,Street 3,+966,5755932859,Saudi,Muslim,yasmin.riyad225@example.com,e&Fd$t0Eu2,2131413095,5717719607,False,Abdullah,Riyad,Riyad,Abdullah,عبدالله رياض رياض,Male,12/09/1982 14:27:30,Jeddah,Street 2,+966,5717719607,Saudi,Muslim,6^ENWz)whv,abdullah.riyad643@example.com,2880546054,5672350992,True,Atika,Zaid,Ahmed,Atika,عاتكة زيد أحمد,Female,12/09/1983 14:27:30,Dammam,Street 4,+966,5672350992,Saudi,Muslim,atika.ahmed893@example.com,FcFofr1#R2
6594,الأبتدائية,السادسة,د,2025-2026,2964758738,P1905063915,en,Ismail,Abdullah,Tariq,Ismail,إسماعيل عبدالله طارق,Male,12/09/2019 14:27:30,Riyadh,Street 2,+966,5502769480,Saudi,Muslim,ismail.tariq401@example.com,u9k@#Sh(8F,2975761449,5358367753,True,Abdullah,Mahdi,Tariq,Abdullah,عبدالله مهدي طارق,Male,12/09/1981 14:27:30,Medina,Street 3,+966,5358367753,Saudi,Muslim,0kHAn3N#Ym,abdullah.tariq760@example.com,2863286552,5224389426,False,Hanan,Ibrahim,Abdulrahman,Hanan,حنان إبراهيم عبدالرحمن,Female,12/09/1992 14:27:30,Jeddah,Street 3,+966,5224389426,Saudi,Muslim,hanan.abdulrahman259@example.com,*wL)Pv12N(
2990,الأبتدائية,السادسة,د,2025-2026,2924734627,P2316719162,en,Nadia,Riyad,Turki,Nadia,نادية رياض تركي,Female,12/09/2018 14:27:30,Medina,Street 2,+966,5245062589,Saudi,Muslim,nadia.turki507@example.com,Q!wuDL1$lq,2233068590,5426311744,True,Riyad,Mahdi,Turki,Riyad,رياض مهدي تركي,Male,12/09/1995 14:27:30,Mecca,Street 4,+966,5426311744,Saudi,Muslim,bRx7VvHC*#,riyad.turki657@example.com,2576898498,5615281012,False,Rania,Sultan,Salem,Rania,رانيا سلطان سالم,Female,12/09/1995 14:27:30,Medina,Street 5,+966,5615281012,Saudi,Muslim,rania.salem996@example.com,p0PWvyVL^X
5663,الأبتدائية,السادسة,د,2025-2026,1754406504,P1494553931,en,Yousef,Riyad,Turki,Yousef,يوسف رياض تركي,Male,12/09/2017 14:27:30,Jeddah,Street 3,+966,5301857473,Saudi,Muslim,yousef.turki345@example.com,d7c8m%95$L,2233068590,5426311744,True,Riyad,Mahdi,Turki,Riyad,رياض مهدي تركي,Male,12/09/1995 14:27:30,Mecca,Street 4,+966,5426311744,Saudi,Muslim,bRx7VvHC*#,riyad.turki657@example.com,2576898498,5615281012,False,Rania,Sultan,Salem,Rania,رانيا سلطان سالم,Female,12/09/1995 14:27:30,Medina,Street 5,+966,5615281012,Saudi,Muslim,rania.salem996@example.com,p0PWvyVL^X
7410,الأبتدائية,السادسة,د,2025-2026,2176883495,P2467494114,ar,Nadia,Riyad,Turki,Nadia,نادية رياض تركي,Female,12/09/2018 14:27:30,Medina,Street 1,+966,5649762455,Saudi,Muslim,nadia.turki543@example.com,Fm9w!5W7HY,2233068590,5426311744,True,Riyad,Mahdi,Turki,Riyad,رياض مهدي تركي,Male,12/09/1995 14:27:30,Mecca,Street 4,+966,5426311744,Saudi,Muslim,bRx7VvHC*#,riyad.turki657@example.com,2576898498,5615281012,False,Rania,Sultan,Salem,Rania,رانيا سلطان سالم,Female,12/09/1995 14:27:30,Medina,Street 5,+966,5615281012,Saudi,Muslim,rania.salem996@example.com,p0PWvyVL^X
9615,الأبتدائية,السادسة,د,2025-2026,2302910508,P2891607829,en,Sultan,Hussein,Saud,Sultan,سلطان حسين سعود,Male,12/09/2015 14:27:30,Medina,Street 3,+966,5806213497,Saudi,Muslim,sultan.saud269@example.com,&tRmv3#7BD,1246050328,5369554811,False,Hussein,Ali,Saud,Hussein,حسين علي سعود,Male,12/09/1991 14:27:30,Medina,Street 3,+966,5369554811,Saudi,Muslim,hd1TiXBN)1,hussein.saud615@example.com,2858687846,5830307143,True,Maryam,Zayne,Mohammed,Maryam,مريم زين محمد,Female,12/09/1981 14:27:30,Dammam,Street 1,+966,5830307143,Saudi,Muslim,maryam.mohammed885@example.com,6WVMJ@ua)O
2803,الأبتدائية,السادسة,د,2025-2026,2862646369,P2992873276,ar,Hassan,Tariq,Fahad,Hassan,حسن طارق فهد,Male,12/09/2016 14:27:30,Jeddah,Street 1,+966,5711916665,Saudi,Muslim,hassan.fahad587@example.com,HKpQJp$5@S,2639150795,5593899290,False,Tariq,Ahmed,Fahad,Tariq,طارق أحمد فهد,Male,12/09/1994 14:27:30,Mecca,Street 1,+966,5593899290,Saudi,Muslim,sX4Hce&p3K,tariq.fahad455@example.com,2590767079,5810007000,True,Dana,Tariq,Salman,Dana,دانا طارق سلمان,Female,12/09/1989 14:27:30,Jeddah,Street 5,+966,5810007000,Saudi,Muslim,dana.salman622@example.com,3Dw*2)FmXh
1586,الأبتدائية,السادسة,د,2025-2026,1652419391,P1568585530,ar,Lina,Hassan,Turki,Lina,لينا حسن تركي,Female,12/09/2017 14:27:30,Dammam,Street 1,+966,5684519286,Saudi,Muslim,lina.turki817@example.com,(z4qV0CUM%,2711899486,5378485448,True,Hassan,Zaid,Turki,Hassan,حسن زيد تركي,Male,12/09/1987 14:27:30,Dammam,Street 3,+966,5378485448,Saudi,Muslim,Z%G%ml1)VP,hassan.turki179@example.com,2316680770,5110624248,False,Hanan,Salman,Yousef,Hanan,حنان سلمان يوسف,Female,12/09/1989 14:27:30,Jeddah,Street 5,+966,5110624248,Saudi,Muslim,hanan.yousef390@example.com,4swNipj$3*
1190,الأبتدائية,السادسة,د,2025-2026,2309953888,P2774182148,en,Zayne,Mohammed,Hamza,Zayne,زين محمد حمزة,Male,12/09/2019 14:27:30,Dammam,Street 5,+966,5559957657,Saudi,Muslim,zayne.hamza466@example.com,m#CaeUEb4b,2247837655,5595861292,False,Mohammed,Khalid,Hamza,Mohammed,محمد خالد حمزة,Male,12/09/1989 14:27:30,Riyadh,Street 4,+966,5595861292,Saudi,Muslim,3QOz02(a%D,mohammed.hamza585@example.com,1753175265,5819361274,True,Reem,Ibrahim,Hussein,Reem,ريم إبراهيم حسين,Female,12/09/1988 14:27:30,Mecca,Street 4,+966,5819361274,Saudi,Muslim,reem.hussein974@example.com,bMQPIw(9(4
8548,الأبتدائية,السادسة,د,2025-2026,1509265387,P1870880314,en,Turki,Mohammed,Hamza,Turki,تركي محمد حمزة,Male,12/09/2019 14:27:30,Dammam,Street 2,+966,5718948246,Saudi,Muslim,turki.hamza568@example.com,C0HfA%^Z%f,2247837655,5595861292,False,Mohammed,Khalid,Hamza,Mohammed,محمد خالد حمزة,Male,12/09/1989 14:27:30,Riyadh,Street 4,+966,5595861292,Saudi,Muslim,3QOz02(a%D,mohammed.hamza585@example.com,1753175265,5819361274,True,Reem,Ibrahim,Hussein,Reem,ريم إبراهيم حسين,Female,12/09/1988 14:27:30,Mecca,Street 4,+966,5819361274,Saudi,Muslim,reem.hussein974@example.com,bMQPIw(9(4
2898,الأبتدائية,السادسة,د,2025-2026,1743677707,P2591652053,ar,Sultan,Mohammed,Sulaiman,Sultan,سلطان محمد سليمان,Male,12/09/2015 14:27:30,Medina,Street 3,+966,5483043502,Saudi,Muslim,sultan.sulaiman682@example.com,)&CgtM*8&i,1327162080,5864146444,True,Mohammed,Akram,Sulaiman,Mohammed,محمد أكرم سليمان,Male,12/09/1978 14:27:30,Mecca,Street 2,+966,5864146444,Saudi,Muslim,%((ep0KEv#,mohammed.sulaiman366@example.com,1331361947,5239881127,False,Rania,Abdulrahman,Turki,Rania,رانيا عبدالرحمن تركي,Female,12/09/1986 14:27:30,Medina,Street 4,+966,5239881127,Saudi,Muslim,rania.turki362@example.com,Xe%zM8@S@C
2497,الأبتدائية,السادسة,د,2025-2026,2367034449,P2621661744,en,Sultan,Saud,Zayne,Sultan,سلطان سعود زين,Male,12/09/2019 14:27:30,Medina,Street 1,+966,5751149320,Saudi,Muslim,sultan.zayne557@example.com,isy&REO7yV,1818567404,5839438191,False,Saud,Turki,Zayne,Saud,سعود تركي زين,Male,12/09/1994 14:27:30,Mecca,Street 1,+966,5839438191,Saudi,Muslim,)E$W7j(D7y,saud.zayne344@example.com,2508936607,5318580536,True,Dana,Idris,Bilal,Dana,دانا إدريس بلال,Female,12/09/1987 14:27:30,Medina,Street 3,+966,5318580536,Saudi,Muslim,dana.bilal404@example.com,V2iUVq!#sN
4029,الأبتدائية,السادسة,د,2025-2026,2300870941,P2542465063,ar,Rania,Idris,Zaid,Rania,رانيا إدريس زيد,Female,12/09/2016 14:27:30,Jeddah,Street 3,+966,5106205829,Saudi,Muslim,rania.zaid674@example.com,ur452mU)Ih,2375795963,5569878045,True,Idris,Idris,Zaid,Idris,إدريس إدريس زيد,Male,12/09/1989 14:27:30,Dammam,Street 3,+966,5569878045,Saudi,Muslim,WXsW!VMXm9,idris.zaid347@example.com,2451046953,5315699550,False,Maha,Turki,Riyad,Maha,مها تركي رياض,Female,12/09/1989 14:27:30,Mecca,Street 1,+966,5315699550,Saudi,Muslim,maha.riyad550@example.com,35R(sS4sfw
1199,الأبتدائية,السادسة,د,2025-2026,1771956798,P1272627568,en,Hanan,Saud,Khalid,Hanan,حنان سعود خالد,Female,12/09/2016 14:27:30,Dammam,Street 3,+966,5991168603,Saudi,Muslim,hanan.khalid255@example.com,9hb!3TuesN,2911130092,5557313654,True,Saud,Ismail,Khalid,Saud,سعود إسماعيل خالد,Male,12/09/1991 14:27:30,Mecca,Street 3,+966,5557313654,Saudi,Muslim,PA8X(Y(LEk,saud.khalid565@example.com,1650419674,5844823256,False,Maha,Omar,Mahdi,Maha,مها عمر مهدي,Female,12/09/1992 14:27:30,Jeddah,Street 4,+966,5844823256,Saudi,Muslim,maha.mahdi168@example.com,&^4O0Bzx8I
7921,الأبتدائية,السادسة,د,2025-2026,2390025362,P2220130787,ar,Tariq,Ibrahim,Hussein,Tariq,طارق إبراهيم حسين,Male,12/09/2017 14:27:30,Riyadh,Street 3,+966,5291129214,Saudi,Christian,tariq.hussein997@example.com,tp%eU19w8f,1979074696,5283470616,True,Ibrahim,Turki,Hussein,Ibrahim,إبراهيم تركي حسين,Male,12/09/1988 14:27:30,Medina,Street 5,+966,5283470616,Saudi,Christian,VLk15N((vs,ibrahim.hussein105@example.com,1967640835,5819717270,False,Reem,Ismail,Zayne,Reem,ريم إسماعيل زين,Female,12/09/1988 14:27:30,Mecca,Street 4,+966,5819717270,Saudi,Christian,reem.zayne443@example.com,$iqolI6o7Y
1841,الأبتدائية,السادسة,د,2025-2026,2404356178,P1146846835,en,Abdulaziz,Abdulaziz,Sultan,Abdulaziz,عبدالعزيز عبدالعزيز سلطان,Male,12/09/2018 14:27:30,Medina,Street 5,+966,5230048630,Saudi,Muslim,abdulaziz.sultan491@example.com,%%$Qo0Mppu,2871376394,5515164200,True,Abdulaziz,Hussein,Sultan,Abdulaziz,عبدالعزيز حسين سلطان,Male,12/09/1981 14:27:30,Jeddah,Street 1,+966,5515164200,Saudi,Muslim,)rR)F**m9V,abdulaziz.sultan340@example.com,2429939871,5547016376,False,Sara,Ibrahim,Omar,Sara,سارة إبراهيم عمر,Female,12/09/1989 14:27:30,Riyadh,Street 3,+966,5547016376,Saudi,Muslim,sara.omar482@example.com,o^IVM6j(x5
3895,الأبتدائية,السادسة,د,2025-2026,1973076497,P1851537134,en,Salem,Abdulaziz,Sultan,Salem,سالم عبدالعزيز سلطان,Male,12/09/2018 14:27:30,Jeddah,Street 3,+966,5604917179,Saudi,Muslim,salem.sultan992@example.com,%@X2Iu4yvg,2871376394,5515164200,True,Abdulaziz,Hussein,Sultan,Abdulaziz,عبدالعزيز حسين سلطان,Male,12/09/1981 14:27:30,Jeddah,Street 1,+966,5515164200,Saudi,Muslim,)rR)F**m9V,abdulaziz.sultan340@example.com,2429939871,5547016376,False,Sara,Ibrahim,Omar,Sara,سارة إبراهيم عمر,Female,12/09/1989 14:27:30,Riyadh,Street 3,+966,5547016376,Saudi,Muslim,sara.omar482@example.com,o^IVM6j(x5
2670,الأبتدائية,السادسة,د,2025-2026,1644404544,P2399285841,ar,Sara,Fahad,Mahdi,Sara,سارة فهد مهدي,Female,12/09/2016 14:27:30,Dammam,Street 1,+966,5148827360,Saudi,Muslim,sara.mahdi479@example.com,a%b%4PAAy5,2322078732,5219160259,False,Fahad,Saud,Mahdi,Fahad,فهد سعود مهدي,Male,12/09/1992 14:27:30,Dammam,Street 3,+966,5219160259,Saudi,Muslim,T$IKT6stYZ,fahad.mahdi214@example.com,2644956632,5190479319,True,Safiyyah,Tariq,Ismail,Safiyyah,صفية طارق إسماعيل,Female,12/09/1982 14:27:30,Jeddah,Street 3,+966,5190479319,Saudi,Muslim,safiyyah.ismail983@example.com,nv2#MU0ceT
4737,الأبتدائية,السادسة,د,2025-2026,2896346422,P1130181516,en,Yasmin,Turki,Ali,Yasmin,ياسمين تركي علي,Female,12/09/2017 14:27:30,Riyadh,Street 3,+966,5478478153,Saudi,Muslim,yasmin.ali850@example.com,&3l1%mX6Nu,1240747901,5354877316,True,Turki,Bilal,Ali,Turki,تركي بلال علي,Male,12/09/1993 14:27:30,Medina,Street 5,+966,5354877316,Saudi,Muslim,ibY%gB3o#S,turki.ali315@example.com,2741177908,5711483346,False,Haya,Ismail,Sultan,Haya,هيا إسماعيل سلطان,Female,12/09/1982 14:27:30,Mecca,Street 4,+966,5711483346,Saudi,Muslim,haya.sultan449@example.com,1Fjk5%r)N4
7628,الأبتدائية,السادسة,د,2025-2026,1737452342,P1282881831,ar,Mohammed,Sultan,Abdullah,Mohammed,محمد سلطان عبدالله,Male,12/09/2016 14:27:30,Dammam,Street 4,+966,5892682394,Saudi,Christian,mohammed.abdullah129@example.com,c#^Xs$%(4U,1925124067,5796330890,True,Sultan,Abdulrahman,Abdullah,Sultan,سلطان عبدالرحمن عبدالله,Male,12/09/1991 14:27:30,Riyadh,Street 3,+966,5796330890,Saudi,Christian,0YUAz^oID9,sultan.abdullah233@example.com,1136683936,5106197407,False,Lina,Abdulaziz,Yousef,Lina,لينا عبدالعزيز يوسف,Female,12/09/1984 14:27:30,Dammam,Street 3,+966,5106197407,Saudi,Christian,lina.yousef694@example.com,60YI@imAAs
3245,الأبتدائية,السادسة,د,2025-2026,2723844987,P2697269731,en,Rania,Idris,Ali,Rania,رانيا إدريس علي,Female,12/09/2016 14:27:30,Riyadh,Street 5,+966,5598600245,Saudi,Christian,rania.ali286@example.com,C(pm7)vEe9,2839832166,5708339700,True,Idris,Saud,Ali,Idris,إدريس سعود علي,Male,12/09/1987 14:27:30,Riyadh,Street 3,+966,5708339700,Saudi,Christian,4mK)#V%79X,idris.ali742@example.com,2407192757,5452512368,False,Maha,Zayne,Nasser,Maha,مها زين ناصر,Female,12/09/1997 14:27:30,Jeddah,Street 4,+966,5452512368,Saudi,Christian,maha.nasser391@example.com,vNMH2$j)Wz
3062,الأبتدائية,السادسة,د,2025-2026,2915577968,P2973923769,ar,Zainab,Idris,Ali,Zainab,زينب إدريس علي,Female,12/09/2016 14:27:30,Dammam,Street 4,+966,5162158560,Saudi,Christian,zainab.ali757@example.com,A@kf!%jb38,2839832166,5708339700,True,Idris,Saud,Ali,Idris,إدريس سعود علي,Male,12/09/1987 14:27:30,Riyadh,Street 3,+966,5708339700,Saudi,Christian,4mK)#V%79X,idris.ali742@example.com,2407192757,5452512368,False,Maha,Zayne,Nasser,Maha,مها زين ناصر,Female,12/09/1997 14:27:30,Jeddah,Street 4,+966,5452512368,Saudi,Christian,maha.nasser391@example.com,vNMH2$j)Wz
4461,الأبتدائية,السادسة,هـ,2025-2026,1643492581,P1316209857,ar,Hanan,Saud,Fahad,Hanan,حنان سعود فهد,Female,12/09/2017 14:27:30,Dammam,Street 3,+966,5460896402,Saudi,Muslim,hanan.fahad516@example.com,nX*88Opvup,2323903724,5487788782,True,Saud,Khalid,Fahad,Saud,سعود خالد فهد,Male,12/09/1986 14:27:30,Riyadh,Street 4,+966,5487788782,Saudi,Muslim,R67DzN*60u,saud.fahad125@example.com,1818928255,5540699094,False,Safiyyah,Salem,Fahad,Safiyyah,صفية سالم فهد,Female,12/09/1993 14:27:30,Dammam,Street 1,+966,5540699094,Saudi,Muslim,safiyyah.fahad433@example.com,K@1B5qzqnN
2012,الأبتدائية,السادسة,هـ,2025-2026,2403492980,P1219793670,ar,Sara,Fahad,Yousef,Sara,سارة فهد يوسف,Female,12/09/2016 14:27:30,Mecca,Street 4,+966,5772089206,Saudi,Muslim,sara.yousef380@example.com,y7TO#Zs3ST,1272665975,5376565877,True,Fahad,Mahdi,Yousef,Fahad,فهد مهدي يوسف,Male,12/09/1986 14:27:30,Dammam,Street 4,+966,5376565877,Saudi,Muslim,Yps7$mWPAR,fahad.yousef141@example.com,1457708131,5985404350,False,Salma,Idris,Sulaiman,Salma,سلمى إدريس سليمان,Female,12/09/1994 14:27:30,Riyadh,Street 1,+966,5985404350,Saudi,Muslim,salma.sulaiman442@example.com,Kd(kM74DG!
1861,الأبتدائية,السادسة,هـ,2025-2026,2179908250,P1168720464,ar,Mahdi,Idris,Hussein,Mahdi,مهدي إدريس حسين,Male,12/09/2016 14:27:30,Medina,Street 4,+966,5613809410,Saudi,Christian,mahdi.hussein466@example.com,mrR8(AdnwX,2703005345,5833429577,False,Idris,Sultan,Hussein,Idris,إدريس سلطان حسين,Male,12/09/1982 14:27:30,Mecca,Street 3,+966,5833429577,Saudi,Christian,42ouIPM0(k,idris.hussein590@example.com,2661814516,5250151295,True,Aisha,Sulaiman,Abdulaziz,Aisha,عائشة سليمان عبدالعزيز,Female,12/09/1995 14:27:30,Riyadh,Street 5,+966,5250151295,Saudi,Christian,aisha.abdulaziz921@example.com,^5SPZVDNci
5230,الأبتدائية,السادسة,هـ,2025-2026,1264653930,P2118355510,en,Layla,Tariq,Sulaiman,Layla,ليلى طارق سليمان,Female,12/09/2017 14:27:30,Riyadh,Street 5,+966,5608785523,Saudi,Muslim,layla.sulaiman737@example.com,)8%Uj2m8EZ,2115343018,5805409476,True,Tariq,Ali,Sulaiman,Tariq,طارق علي سليمان,Male,12/09/1976 14:27:30,Medina,Street 4,+966,5805409476,Saudi,Muslim,Xe0J&qyTK*,tariq.sulaiman604@example.com,1606392393,5327570556,False,Sedra,Sulaiman,Hamza,Sedra,سدرة سليمان حمزة,Female,12/09/1988 14:27:30,Mecca,Street 5,+966,5327570556,Saudi,Muslim,sedra.hamza729@example.com,AUi6^bDx#U
3290,الأبتدائية,السادسة,هـ,2025-2026,2110972311,P1655826533,en,Salma,Salem,Ibrahim,Salma,سلمى سالم إبراهيم,Female,12/09/2015 14:27:30,Jeddah,Street 4,+966,5399811135,Saudi,Christian,salma.ibrahim870@example.com,yW2Nq#vpKC,2786237306,5471669668,False,Salem,Sulaiman,Ibrahim,Salem,سالم سليمان إبراهيم,Male,12/09/1980 14:27:30,Dammam,Street 4,+966,5471669668,Saudi,Christian,#k4ziNsxq7,salem.ibrahim670@example.com,2592738515,5343703769,True,Zahra,Bilal,Salman,Zahra,زهرة بلال سلمان,Female,12/09/1993 14:27:30,Mecca,Street 1,+966,5343703769,Saudi,Christian,zahra.salman546@example.com,Vec2^63iQR
4159,الأبتدائية,السادسة,هـ,2025-2026,2903614327,P1179238878,en,Saud,Abdullah,Turki,Saud,سعود عبدالله تركي,Male,12/09/2018 14:27:30,Medina,Street 1,+966,5828004453,Saudi,Muslim,saud.turki314@example.com,0V)W8P8*o3,2313370757,5988127665,True,Abdullah,Akram,Turki,Abdullah,عبدالله أكرم تركي,Male,12/09/1979 14:27:30,Dammam,Street 5,+966,5988127665,Saudi,Muslim,wvGv&izV7r,abdullah.turki153@example.com,1480418204,5134951653,False,Yasmin,Ahmed,Ali,Yasmin,ياسمين أحمد علي,Female,12/09/1997 14:27:30,Medina,Street 5,+966,5134951653,Saudi,Muslim,yasmin.ali575@example.com,pEnu8$uilW
7570,الأبتدائية,السادسة,هـ,2025-2026,1648610508,P2857559376,en,Khalid,Turki,Hamza,Khalid,خالد تركي حمزة,Male,12/09/2016 14:27:30,Riyadh,Street 3,+966,5427949049,Saudi,Muslim,khalid.hamza705@example.com,voy(D9Q*PK,2809369381,5589668661,False,Turki,Bilal,Hamza,Turki,تركي بلال حمزة,Male,12/09/1986 14:27:30,Dammam,Street 1,+966,5589668661,Saudi,Muslim,iw20bONr^w,turki.hamza122@example.com,1947585236,5964316689,True,Aaliyah,Ali,Hamza,Aaliyah,عالية علي حمزة,Female,12/09/1981 14:27:30,Mecca,Street 1,+966,5964316689,Saudi,Muslim,aaliyah.hamza291@example.com,IY%Uz8x#xF
4773,الأبتدائية,السادسة,هـ,2025-2026,1333797120,P1949706865,ar,Safiyyah,Riyad,Salman,Safiyyah,صفية رياض سلمان,Female,12/09/2014 14:27:30,Dammam,Street 1,+966,5639576308,Saudi,Christian,safiyyah.salman771@example.com,@Ns#E9Ct7$,2996728100,5521835160,True,Riyad,Turki,Salman,Riyad,رياض تركي سلمان,Male,12/09/1994 14:27:30,Medina,Street 4,+966,5521835160,Saudi,Christian,0F2Q*3O%w&,riyad.salman143@example.com,2649977547,5579059359,False,Reem,Salem,Zayne,Reem,ريم سالم زين,Female,12/09/1992 14:27:30,Dammam,Street 4,+966,5579059359,Saudi,Christian,reem.zayne266@example.com,SHPq%5bPdj
9919,الأبتدائية,السادسة,هـ,2025-2026,1151458492,P2255204147,en,Rania,Hassan,Salem,Rania,رانيا حسن سالم,Female,12/09/2017 14:27:30,Riyadh,Street 1,+966,5422234377,Saudi,Christian,rania.salem692@example.com,)Rn&5$IiW@,2782048700,5548616163,False,Hassan,Hassan,Salem,Hassan,حسن حسن سالم,Male,12/09/1981 14:27:30,Mecca,Street 1,+966,5548616163,Saudi,Christian,8hBO0CmSa),hassan.salem442@example.com,2961164613,5918359839,True,Aisha,Hussein,Ahmed,Aisha,عائشة حسين أحمد,Female,12/09/1991 14:27:30,Riyadh,Street 2,+966,5918359839,Saudi,Christian,aisha.ahmed847@example.com,o8bgFy3gK!
7682,الأبتدائية,السادسة,هـ,2025-2026,1686545333,P2276755629,en,Nora,Saud,Fahad,Nora,نورا سعود فهد,Female,12/09/2019 14:27:30,Jeddah,Street 2,+966,5213567455,Saudi,Christian,nora.fahad952@example.com,2azRhIS&PV,2223158670,5207923652,False,Saud,Salem,Fahad,Saud,سعود سالم فهد,Male,12/09/1993 14:27:30,Medina,Street 5,+966,5207923652,Saudi,Christian,dN6gIA%z*K,saud.fahad934@example.com,2220210413,5784837485,True,Aisha,Tariq,Fahad,Aisha,عائشة طارق فهد,Female,12/09/1987 14:27:30,Dammam,Street 1,+966,5784837485,Saudi,Christian,aisha.fahad993@example.com,(@)7UPIW8q
3967,الأبتدائية,السادسة,هـ,2025-2026,2903634553,P2610956631,ar,Ali,Khalid,Ibrahim,Ali,علي خالد إبراهيم,Male,12/09/2016 14:27:30,Mecca,Street 2,+966,5392193422,Saudi,Muslim,ali.ibrahim747@example.com,0CGJu*&so(,2799652125,5753696049,True,Khalid,Salman,Ibrahim,Khalid,خالد سلمان إبراهيم,Male,12/09/1984 14:27:30,Mecca,Street 2,+966,5753696049,Saudi,Muslim,Rn#)e26r2v,khalid.ibrahim765@example.com,2482584567,5274425262,False,Aaliyah,Fahad,Abdulrahman,Aaliyah,عالية فهد عبدالرحمن,Female,12/09/1987 14:27:30,Jeddah,Street 4,+966,5274425262,Saudi,Muslim,aaliyah.abdulrahman101@example.com,hZ54*I5q8M
1423,الأبتدائية,السادسة,هـ,2025-2026,2581177426,P2452180680,ar,Yousef,Khalid,Ibrahim,Yousef,يوسف خالد إبراهيم,Male,12/09/2014 14:27:30,Medina,Street 2,+966,5843505048,Saudi,Muslim,yousef.ibrahim892@example.com,NUl&y$5WlO,2799652125,5753696049,True,Khalid,Salman,Ibrahim,Khalid,خالد سلمان إبراهيم,Male,12/09/1984 14:27:30,Mecca,Street 2,+966,5753696049,Saudi,Muslim,Rn#)e26r2v,khalid.ibrahim765@example.com,2482584567,5274425262,False,Aaliyah,Fahad,Abdulrahman,Aaliyah,عالية فهد عبدالرحمن,Female,12/09/1987 14:27:30,Jeddah,Street 4,+966,5274425262,Saudi,Muslim,aaliyah.abdulrahman101@example.com,hZ54*I5q8M
6402,الأبتدائية,السادسة,هـ,2025-2026,1697436549,P1144233537,ar,Salma,Nasser,Mohammed,Salma,سلمى ناصر محمد,Female,12/09/2017 14:27:30,Riyadh,Street 4,+966,5231485111,Saudi,Christian,salma.mohammed227@example.com,XFJZ6mHq(s,1715723555,5583588532,False,Nasser,Hassan,Mohammed,Nasser,ناصر حسن محمد,Male,12/09/1989 14:27:30,Mecca,Street 1,+966,5583588532,Saudi,Christian,k$3UZon@8f,nasser.mohammed283@example.com,2573682281,5131811833,True,Lubaba,Sulaiman,Salem,Lubaba,لبابة سليمان سالم,Female,12/09/1992 14:27:30,Dammam,Street 3,+966,5131811833,Saudi,Christian,lubaba.salem943@example.com,NnbTe(rw6#
4085,الأبتدائية,السادسة,هـ,2025-2026,1210110384,P2605371015,ar,Salma,Riyad,Tariq,Salma,سلمى رياض طارق,Female,12/09/2015 14:27:30,Mecca,Street 3,+966,5183640763,Saudi,Christian,salma.tariq918@example.com,cGGU1$blYb,2239987392,5555884301,True,Riyad,Abdulaziz,Tariq,Riyad,رياض عبدالعزيز طارق,Male,12/09/1986 14:27:30,Medina,Street 4,+966,5555884301,Saudi,Christian,m3T*1H3obD,riyad.tariq861@example.com,2732957462,5745080480,False,Salma,Ali,Salem,Salma,سلمى علي سالم,Female,12/09/1993 14:27:30,Riyadh,Street 1,+966,5745080480,Saudi,Christian,salma.salem150@example.com,%IXGQ2ff$z
7520,الأبتدائية,السادسة,هـ,2025-2026,1195432736,P1191320770,en,Fatimah,Riyad,Tariq,Fatimah,فاطمة رياض طارق,Female,12/09/2014 14:27:30,Medina,Street 4,+966,5241062743,Saudi,Christian,fatimah.tariq578@example.com,We(8IE%1#K,2239987392,5555884301,True,Riyad,Abdulaziz,Tariq,Riyad,رياض عبدالعزيز طارق,Male,12/09/1986 14:27:30,Medina,Street 4,+966,5555884301,Saudi,Christian,m3T*1H3obD,riyad.tariq861@example.com,2732957462,5745080480,False,Salma,Ali,Salem,Salma,سلمى علي سالم,Female,12/09/1993 14:27:30,Riyadh,Street 1,+966,5745080480,Saudi,Christian,salma.salem150@example.com,%IXGQ2ff$z
3217,الأبتدائية,السادسة,هـ,2025-2026,2857806064,P1918963767,ar,Noor,Riyad,Tariq,Noor,نور رياض طارق,Female,12/09/2014 14:27:30,Dammam,Street 3,+966,5597158972,Saudi,Christian,noor.tariq806@example.com,WZ0*TkXT%1,2239987392,5555884301,True,Riyad,Abdulaziz,Tariq,Riyad,رياض عبدالعزيز طارق,Male,12/09/1986 14:27:30,Medina,Street 4,+966,5555884301,Saudi,Christian,m3T*1H3obD,riyad.tariq861@example.com,2732957462,5745080480,False,Salma,Ali,Salem,Salma,سلمى علي سالم,Female,12/09/1993 14:27:30,Riyadh,Street 1,+966,5745080480,Saudi,Christian,salma.salem150@example.com,%IXGQ2ff$z
1113,الأبتدائية,السادسة,هـ,2025-2026,1918465036,P2856325251,en,Assiya,Abdulaziz,Tariq,Assiya,أسيا عبدالعزيز طارق,Female,12/09/2014 14:27:30,Jeddah,Street 2,+966,5716491334,Saudi,Muslim,assiya.tariq527@example.com,P0g&#aWx5P,2168702953,5125484792,False,Abdulaziz,Hassan,Tariq,Abdulaziz,عبدالعزيز حسن طارق,Male,12/09/1993 14:27:30,Riyadh,Street 4,+966,5125484792,Saudi,Muslim,H&dV90m8IX,abdulaziz.tariq221@example.com,1176611650,5880952886,True,Noor,Akram,Zayne,Noor,نور أكرم زين,Female,12/09/1987 14:27:30,Jeddah,Street 2,+966,5880952886,Saudi,Muslim,noor.zayne541@example.com,w)%E4g5xf1
2388,الأبتدائية,السادسة,هـ,2025-2026,2619235914,P2815439082,ar,Abdullah,Hussein,Sulaiman,Abdullah,عبدالله حسين سليمان,Male,12/09/2015 14:27:30,Medina,Street 5,+966,5362171383,Saudi,Muslim,abdullah.sulaiman632@example.com,oi(Dl&25Jc,2890095314,5365990147,True,Hussein,Mohammed,Sulaiman,Hussein,حسين محمد سليمان,Male,12/09/1982 14:27:30,Mecca,Street 3,+966,5365990147,Saudi,Muslim,7Wv9nct#sW,hussein.sulaiman814@example.com,2966150769,5245058840,False,Dana,Hassan,Abdullah,Dana,دانا حسن عبدالله,Female,12/09/1985 14:27:30,Medina,Street 1,+966,5245058840,Saudi,Muslim,dana.abdullah925@example.com,XOCH$M3)r7
1717,الأبتدائية,السادسة,هـ,2025-2026,2730158889,P1660768092,en,Sedra,Tariq,Khalid,Sedra,سدرة طارق خالد,Female,12/09/2015 14:27:30,Riyadh,Street 2,+966,5128508133,Saudi,Muslim,sedra.khalid175@example.com,i&VN1nds6i,2538685872,5261850842,False,Tariq,Abdullah,Khalid,Tariq,طارق عبدالله خالد,Male,12/09/1978 14:27:30,Jeddah,Street 4,+966,5261850842,Saudi,Muslim,hg3tArc1!l,tariq.khalid305@example.com,1441436793,5757278263,True,Zahra,Yousef,Sulaiman,Zahra,زهرة يوسف سليمان,Female,12/09/1990 14:27:30,Mecca,Street 4,+966,5757278263,Saudi,Muslim,zahra.sulaiman341@example.com,^MId&g4ucH
7853,الأبتدائية,السادسة,هـ,2025-2026,1439431092,P1463722898,ar,Hamza,Bilal,Ahmed,Hamza,حمزة بلال أحمد,Male,12/09/2017 14:27:30,Jeddah,Street 1,+966,5995849703,Saudi,Muslim,hamza.ahmed542@example.com,TeuN0B$x&4,1777956248,5781771339,False,Bilal,Akram,Ahmed,Bilal,بلال أكرم أحمد,Male,12/09/1976 14:27:30,Dammam,Street 1,+966,5781771339,Saudi,Muslim,xb9HnkFc%*,bilal.ahmed259@example.com,2782609550,5380018058,True,Haya,Abdullah,Riyad,Haya,هيا عبدالله رياض,Female,12/09/1988 14:27:30,Jeddah,Street 4,+966,5380018058,Saudi,Muslim,haya.riyad678@example.com,)cN0TAspxh
7104,الأبتدائية,السادسة,هـ,2025-2026,1959349295,P1300500114,en,Idris,Ibrahim,Sultan,Idris,إدريس إبراهيم سلطان,Male,12/09/2019 14:27:30,Jeddah,Street 5,+966,5968044338,Saudi,Muslim,idris.sultan986@example.com,h(%0Fy$H4g,2296272312,5909797213,True,Ibrahim,Yousef,Sultan,Ibrahim,إبراهيم يوسف سلطان,Male,12/09/1992 14:27:30,Medina,Street 5,+966,5909797213,Saudi,Muslim,9ZwlURNJd@,ibrahim.sultan368@example.com,2287076293,5493458535,False,Maha,Hussein,Ali,Maha,مها حسين علي,Female,12/09/1994 14:27:30,Medina,Street 1,+966,5493458535,Saudi,Muslim,maha.ali876@example.com,MmY*LPF8^r
9687,الأبتدائية,السادسة,هـ,2025-2026,1412642140,P2171230751,ar,Hamza,Ibrahim,Sultan,Hamza,حمزة إبراهيم سلطان,Male,12/09/2014 14:27:30,Medina,Street 5,+966,5916315254,Saudi,Muslim,hamza.sultan621@example.com,LkKuF!Tdm0,2296272312,5909797213,True,Ibrahim,Yousef,Sultan,Ibrahim,إبراهيم يوسف سلطان,Male,12/09/1992 14:27:30,Medina,Street 5,+966,5909797213,Saudi,Muslim,9ZwlURNJd@,ibrahim.sultan368@example.com,2287076293,5493458535,False,Maha,Hussein,Ali,Maha,مها حسين علي,Female,12/09/1994 14:27:30,Medina,Street 1,+966,5493458535,Saudi,Muslim,maha.ali876@example.com,MmY*LPF8^r
7431,الأبتدائية,السادسة,هـ,2025-2026,1681333461,P1597815345,ar,Aisha,Abdullah,Abdullah,Aisha,عائشة عبدالله عبدالله,Female,12/09/2017 14:27:30,Medina,Street 5,+966,5752397740,Saudi,Muslim,aisha.abdullah714@example.com,3hbItS*Bwz,1235506722,5469902539,True,Abdullah,Mahdi,Abdullah,Abdullah,عبدالله مهدي عبدالله,Male,12/09/1992 14:27:30,Mecca,Street 3,+966,5469902539,Saudi,Muslim,)0utR2*YI!,abdullah.abdullah193@example.com,1893767535,5539533393,False,Assiya,Fahad,Yousef,Assiya,أسيا فهد يوسف,Female,12/09/1988 14:27:30,Mecca,Street 1,+966,5539533393,Saudi,Muslim,assiya.yousef270@example.com,0G$bX7cSte
5168,الأبتدائية,السادسة,هـ,2025-2026,2822754316,P1804739802,ar,Mohammed,Abdullah,Abdullah,Mohammed,محمد عبدالله عبدالله,Male,12/09/2015 14:27:30,Medina,Street 2,+966,5597145778,Saudi,Muslim,mohammed.abdullah115@example.com,D92#atLz6O,1235506722,5469902539,True,Abdullah,Mahdi,Abdullah,Abdullah,عبدالله مهدي عبدالله,Male,12/09/1992 14:27:30,Mecca,Street 3,+966,5469902539,Saudi,Muslim,)0utR2*YI!,abdullah.abdullah193@example.com,1893767535,5539533393,False,Assiya,Fahad,Yousef,Assiya,أسيا فهد يوسف,Female,12/09/1988 14:27:30,Mecca,Street 1,+966,5539533393,Saudi,Muslim,assiya.yousef270@example.com,0G$bX7cSte
6847,الأبتدائية,السادسة,هـ,2025-2026,2794685908,P1827357687,ar,Zahra,Idris,Mahdi,Zahra,زهرة إدريس مهدي,Female,12/09/2017 14:27:30,Medina,Street 2,+966,5457044434,Saudi,Christian,zahra.mahdi667@example.com,ZyS@Aa(vU5,1340934032,5504876999,True,Idris,Hassan,Mahdi,Idris,إدريس حسن مهدي,Male,12/09/1989 14:27:30,Mecca,Street 3,+966,5504876999,Saudi,Christian,49i@Y25g5n,idris.mahdi774@example.com,1250660269,5323180892,False,Yasmin,Ismail,Ibrahim,Yasmin,ياسمين إسماعيل إبراهيم,Female,12/09/1986 14:27:30,Riyadh,Street 2,+966,5323180892,Saudi,Christian,yasmin.ibrahim942@example.com,J47vcQE!dG
7705,الأبتدائية,السادسة,هـ,2025-2026,1320983760,P1651081487,ar,Salem,Hamza,Ali,Salem,سالم حمزة علي,Male,12/09/2014 14:27:30,Medina,Street 5,+966,5801154168,Saudi,Christian,salem.ali755@example.com,Ylw8RSY0^S,2195451780,5974461869,False,Hamza,Idris,Ali,Hamza,حمزة إدريس علي,Male,12/09/1990 14:27:30,Mecca,Street 1,+966,5974461869,Saudi,Christian,SmP4a^X#lw,hamza.ali313@example.com,2801163619,5238368569,True,Layla,Ahmed,Salman,Layla,ليلى أحمد سلمان,Female,12/09/1982 14:27:30,Riyadh,Street 2,+966,5238368569,Saudi,Christian,layla.salman867@example.com,ki@8qbCb&w
9789,الأبتدائية,السادسة,هـ,2025-2026,2260017350,P2352942523,ar,Omar,Nasser,Sultan,Omar,عمر ناصر سلطان,Male,12/09/2018 14:27:30,Riyadh,Street 3,+966,5257777590,Saudi,Muslim,omar.sultan539@example.com,FKveH)f5m),2244914843,5987159056,True,Nasser,Salman,Sultan,Nasser,ناصر سلمان سلطان,Male,12/09/1995 14:27:30,Medina,Street 4,+966,5987159056,Saudi,Muslim,7bK%DX6ZPp,nasser.sultan292@example.com,1864630212,5833440391,False,Reem,Zaid,Zaid,Reem,ريم زيد زيد,Female,12/09/1982 14:27:30,Mecca,Street 4,+966,5833440391,Saudi,Muslim,reem.zaid197@example.com,Qir9^&2D7P
7137,الأبتدائية,السادسة,هـ,2025-2026,1449092770,P1824009133,ar,Ahmed,Nasser,Sultan,Ahmed,أحمد ناصر سلطان,Male,12/09/2016 14:27:30,Riyadh,Street 1,+966,5426983578,Saudi,Muslim,ahmed.sultan936@example.com,9bT%0(wcfC,2244914843,5987159056,True,Nasser,Salman,Sultan,Nasser,ناصر سلمان سلطان,Male,12/09/1995 14:27:30,Medina,Street 4,+966,5987159056,Saudi,Muslim,7bK%DX6ZPp,nasser.sultan292@example.com,1864630212,5833440391,False,Reem,Zaid,Zaid,Reem,ريم زيد زيد,Female,12/09/1982 14:27:30,Mecca,Street 4,+966,5833440391,Saudi,Muslim,reem.zaid197@example.com,Qir9^&2D7P
7201,الأبتدائية,السادسة,هـ,2025-2026,1785118140,P2230209041,en,Maryam,Riyad,Salem,Maryam,مريم رياض سالم,Female,12/09/2019 14:27:30,Riyadh,Street 2,+966,5279287861,Saudi,Christian,maryam.salem920@example.com,T2fifKFVN%,2626108579,5928038973,True,Riyad,Abdulrahman,Salem,Riyad,رياض عبدالرحمن سالم,Male,12/09/1988 14:27:30,Medina,Street 5,+966,5928038973,Saudi,Christian,qfoQT$94f),riyad.salem673@example.com,1268703135,5793969600,False,Haya,Ali,Turki,Haya,هيا علي تركي,Female,12/09/1985 14:27:30,Dammam,Street 5,+966,5793969600,Saudi,Christian,haya.turki477@example.com,uXvd6^kgx2
5195,الأبتدائية,السادسة,هـ,2025-2026,1802500897,P2575303089,ar,Sulaiman,Khalid,Hamza,Sulaiman,سليمان خالد حمزة,Male,12/09/2017 14:27:30,Dammam,Street 2,+966,5593857153,Saudi,Muslim,sulaiman.hamza419@example.com,#E(1@zYlb$,2157967206,5768824125,True,Khalid,Ali,Hamza,Khalid,خالد علي حمزة,Male,12/09/1976 14:27:30,Medina,Street 1,+966,5768824125,Saudi,Muslim,3#!awxQDYp,khalid.hamza258@example.com,2300736461,5820814103,False,Khadijah,Sultan,Mohammed,Khadijah,خديجة سلطان محمد,Female,12/09/1985 14:27:30,Dammam,Street 4,+966,5820814103,Saudi,Muslim,khadijah.mohammed687@example.com,2Od)t7d(EU
2978,الإعدادية,الأول الإعدادي,أ,2025-2026,2157637149,P1625976901,ar,Sara,Sulaiman,Akram,Sara,سارة سليمان أكرم,Female,12/09/2017 14:27:30,Mecca,Street 5,+966,5558000404,Saudi,Muslim,sara.akram718@example.com,I)g0laz!^V,2173724661,5815283022,False,Sulaiman,Abdullah,Akram,Sulaiman,سليمان عبدالله أكرم,Male,12/09/1979 14:27:30,Medina,Street 1,+966,5815283022,Saudi,Muslim,&1#RJhRJ9F,sulaiman.akram508@example.com,2310724638,5886614182,True,Reem,Ismail,Ismail,Reem,ريم إسماعيل إسماعيل,Female,12/09/1992 14:27:30,Riyadh,Street 4,+966,5886614182,Saudi,Muslim,reem.ismail333@example.com,4GiH2*ji*3
9001,الإعدادية,الأول الإعدادي,أ,2025-2026,2535658771,P1214708899,ar,Amal,Zayne,Abdulaziz,Amal,أمل زين عبدالعزيز,Female,12/09/2014 14:27:30,Dammam,Street 1,+966,5166777404,Saudi,Christian,amal.abdulaziz995@example.com,baN)*qhC4f,2226083911,5564149231,False,Zayne,Saud,Abdulaziz,Zayne,زين سعود عبدالعزيز,Male,12/09/1978 14:27:30,Medina,Street 2,+966,5564149231,Saudi,Christian,9ZN*9x4tDm,zayne.abdulaziz261@example.com,1988762936,5909447292,True,Sedra,Salem,Mohammed,Sedra,سدرة سالم محمد,Female,12/09/1983 14:27:30,Riyadh,Street 5,+966,5909447292,Saudi,Christian,sedra.mohammed503@example.com,AyT#i9t54Y
6271,الإعدادية,الأول الإعدادي,أ,2025-2026,1730718896,P2579590658,en,Zayne,Saud,Salman,Zayne,زين سعود سلمان,Male,12/09/2017 14:27:30,Medina,Street 4,+966,5985082469,Saudi,Christian,zayne.salman964@example.com,o8RnpJx@Tj,2569401039,5412648163,True,Saud,Salman,Salman,Saud,سعود سلمان سلمان,Male,12/09/1983 14:27:30,Jeddah,Street 4,+966,5412648163,Saudi,Christian,DI9L%oSm@x,saud.salman176@example.com,1703740144,5774521805,False,Khadijah,Sultan,Ibrahim,Khadijah,خديجة سلطان إبراهيم,Female,12/09/1985 14:27:30,Medina,Street 5,+966,5774521805,Saudi,Christian,khadijah.ibrahim161@example.com,vpBO4Q2KG#
4353,الإعدادية,الأول الإعدادي,أ,2025-2026,1760442619,P1795031916,en,Aisha,Saud,Salman,Aisha,عائشة سعود سلمان,Female,12/09/2017 14:27:30,Riyadh,Street 5,+966,5404946476,Saudi,Christian,aisha.salman872@example.com,mt1&AORDiv,2569401039,5412648163,True,Saud,Salman,Salman,Saud,سعود سلمان سلمان,Male,12/09/1983 14:27:30,Jeddah,Street 4,+966,5412648163,Saudi,Christian,DI9L%oSm@x,saud.salman176@example.com,1703740144,5774521805,False,Khadijah,Sultan,Ibrahim,Khadijah,خديجة سلطان إبراهيم,Female,12/09/1985 14:27:30,Medina,Street 5,+966,5774521805,Saudi,Christian,khadijah.ibrahim161@example.com,vpBO4Q2KG#
5870,الإعدادية,الأول الإعدادي,أ,2025-2026,1953873675,P1738997966,en,Akram,Abdulrahman,Sultan,Akram,أكرم عبدالرحمن سلطان,Male,12/09/2017 14:27:30,Dammam,Street 5,+966,5952933642,Saudi,Muslim,akram.sultan559@example.com,$ZW2tM8Dhh,1345104494,5495328220,True,Abdulrahman,Fahad,Sultan,Abdulrahman,عبدالرحمن فهد سلطان,Male,12/09/1995 14:27:30,Dammam,Street 2,+966,5495328220,Saudi,Muslim,z9c$s1N5&S,abdulrahman.sultan616@example.com,1284081693,5576954852,False,Salma,Bilal,Zaid,Salma,سلمى بلال زيد,Female,12/09/1994 14:27:30,Riyadh,Street 1,+966,5576954852,Saudi,Muslim,salma.zaid976@example.com,7$I52ZbhXq
8684,الإعدادية,الأول الإعدادي,أ,2025-2026,2946805478,P1520824492,ar,Fatimah,Riyad,Idris,Fatimah,فاطمة رياض إدريس,Female,12/09/2015 14:27:30,Dammam,Street 5,+966,5106490565,Saudi,Muslim,fatimah.idris646@example.com,sbo)tXPe9R,2989948975,5115946250,False,Riyad,Abdulaziz,Idris,Riyad,رياض عبدالعزيز إدريس,Male,12/09/1995 14:27:30,Riyadh,Street 5,+966,5115946250,Saudi,Muslim,(fL#1h1D(),riyad.idris274@example.com,2347676150,5210344560,True,Assiya,Mohammed,Turki,Assiya,أسيا محمد تركي,Female,12/09/1984 14:27:30,Jeddah,Street 5,+966,5210344560,Saudi,Muslim,assiya.turki936@example.com,$P^m$f4Fqg
1627,الإعدادية,الأول الإعدادي,أ,2025-2026,2116263297,P1782426707,ar,Salma,Riyad,Idris,Salma,سلمى رياض إدريس,Female,12/09/2017 14:27:30,Mecca,Street 1,+966,5539256449,Saudi,Muslim,salma.idris353@example.com,Xz!%WLlw5d,2989948975,5115946250,False,Riyad,Abdulaziz,Idris,Riyad,رياض عبدالعزيز إدريس,Male,12/09/1995 14:27:30,Riyadh,Street 5,+966,5115946250,Saudi,Muslim,(fL#1h1D(),riyad.idris274@example.com,2347676150,5210344560,True,Assiya,Mohammed,Turki,Assiya,أسيا محمد تركي,Female,12/09/1984 14:27:30,Jeddah,Street 5,+966,5210344560,Saudi,Muslim,assiya.turki936@example.com,$P^m$f4Fqg
8123,الإعدادية,الأول الإعدادي,أ,2025-2026,2214369815,P1363333517,en,Nora,Riyad,Idris,Nora,نورا رياض إدريس,Female,12/09/2014 14:27:30,Jeddah,Street 4,+966,5968155360,Saudi,Muslim,nora.idris105@example.com,JMsCX#l&4Q,2989948975,5115946250,False,Riyad,Abdulaziz,Idris,Riyad,رياض عبدالعزيز إدريس,Male,12/09/1995 14:27:30,Riyadh,Street 5,+966,5115946250,Saudi,Muslim,(fL#1h1D(),riyad.idris274@example.com,2347676150,5210344560,True,Assiya,Mohammed,Turki,Assiya,أسيا محمد تركي,Female,12/09/1984 14:27:30,Jeddah,Street 5,+966,5210344560,Saudi,Muslim,assiya.turki936@example.com,$P^m$f4Fqg
1581,الإعدادية,الأول الإعدادي,أ,2025-2026,1827782047,P1727002426,ar,Sultan,Ahmed,Akram,Sultan,سلطان أحمد أكرم,Male,12/09/2019 14:27:30,Mecca,Street 4,+966,5813172744,Saudi,Muslim,sultan.akram644@example.com,wR5e(QXNhb,1287034881,5855997005,False,Ahmed,Akram,Akram,Ahmed,أحمد أكرم أكرم,Male,12/09/1986 14:27:30,Mecca,Street 4,+966,5855997005,Saudi,Muslim,%a&prfM2%E,ahmed.akram722@example.com,2709572990,5576430960,True,Sedra,Mahdi,Hassan,Sedra,سدرة مهدي حسن,Female,12/09/1997 14:27:30,Riyadh,Street 3,+966,5576430960,Saudi,Muslim,sedra.hassan495@example.com,sYk#Z0Tcd2
1587,الإعدادية,الأول الإعدادي,أ,2025-2026,2949277927,P2632829493,ar,Khalid,Zaid,Mohammed,Khalid,خالد زيد محمد,Male,12/09/2016 14:27:30,Riyadh,Street 5,+966,5407799754,Saudi,Christian,khalid.mohammed386@example.com,1hfd)CNX)0,1352904802,5534219877,True,Zaid,Zaid,Mohammed,Zaid,زيد زيد محمد,Male,12/09/1995 14:27:30,Dammam,Street 2,+966,5534219877,Saudi,Christian,*ntJ!3TP6C,zaid.mohammed719@example.com,2919341767,5684126631,False,Hanan,Yousef,Ali,Hanan,حنان يوسف علي,Female,12/09/1995 14:27:30,Jeddah,Street 3,+966,5684126631,Saudi,Christian,hanan.ali509@example.com,z5T^Pm7ja&
2612,الإعدادية,الأول الإعدادي,أ,2025-2026,2354828839,P2678504516,en,Ahmed,Ibrahim,Salem,Ahmed,أحمد إبراهيم سالم,Male,12/09/2019 14:27:30,Dammam,Street 2,+966,5904956193,Saudi,Muslim,ahmed.salem694@example.com,A**nKDX1wV,1124264090,5770497058,True,Ibrahim,Khalid,Salem,Ibrahim,إبراهيم خالد سالم,Male,12/09/1987 14:27:30,Dammam,Street 1,+966,5770497058,Saudi,Muslim,&Li3@pqS%Y,ibrahim.salem637@example.com,2893886675,5785487411,False,Lama,Zaid,Yousef,Lama,لمى زيد يوسف,Female,12/09/1987 14:27:30,Jeddah,Street 2,+966,5785487411,Saudi,Muslim,lama.yousef979@example.com,#260*eR6Vw
9038,الإعدادية,الأول الإعدادي,أ,2025-2026,1612897399,P1416051879,ar,Aaliyah,Fahad,Hassan,Aaliyah,عالية فهد حسن,Female,12/09/2017 14:27:30,Medina,Street 4,+966,5230668459,Saudi,Muslim,aaliyah.hassan202@example.com,H^KfX%M8Ma,2235607988,5928170388,True,Fahad,Abdullah,Hassan,Fahad,فهد عبدالله حسن,Male,12/09/1987 14:27:30,Medina,Street 3,+966,5928170388,Saudi,Muslim,4*Z*QLI&Zg,fahad.hassan995@example.com,2120476588,5597730357,False,Tamadur,Turki,Tariq,Tamadur,تماضر تركي طارق,Female,12/09/1981 14:27:30,Mecca,Street 3,+966,5597730357,Saudi,Muslim,tamadur.tariq629@example.com,(Mau%5B*xR
5136,الإعدادية,الأول الإعدادي,أ,2025-2026,2587932574,P1938160554,en,Ruqaya,Idris,Mohammed,Ruqaya,رقية إدريس محمد,Female,12/09/2017 14:27:30,Jeddah,Street 4,+966,5453456932,Saudi,Muslim,ruqaya.mohammed255@example.com,!8xFH^37&b,2748978285,5653093527,False,Idris,Ismail,Mohammed,Idris,إدريس إسماعيل محمد,Male,12/09/1991 14:27:30,Medina,Street 4,+966,5653093527,Saudi,Muslim,k*2X&dN&iH,idris.mohammed436@example.com,2300327483,5996118094,True,Salma,Salem,Tariq,Salma,سلمى سالم طارق,Female,12/09/1984 14:27:30,Mecca,Street 5,+966,5996118094,Saudi,Muslim,salma.tariq489@example.com,bJgiU#9Fv*
6165,الإعدادية,الأول الإعدادي,أ,2025-2026,1920603327,P2570006103,en,Ahmed,Mohammed,Zaid,Ahmed,أحمد محمد زيد,Male,12/09/2017 14:27:30,Mecca,Street 1,+966,5796292664,Saudi,Muslim,ahmed.zaid458@example.com,!DMk79&!U9,1468945703,5857496328,False,Mohammed,Idris,Zaid,Mohammed,محمد إدريس زيد,Male,12/09/1984 14:27:30,Medina,Street 1,+966,5857496328,Saudi,Muslim,KjFo4d&U5v,mohammed.zaid637@example.com,1599910600,5477516513,True,Lubaba,Mohammed,Hamza,Lubaba,لبابة محمد حمزة,Female,12/09/1983 14:27:30,Jeddah,Street 5,+966,5477516513,Saudi,Muslim,lubaba.hamza611@example.com,cux%9O^6EL
7764,الإعدادية,الأول الإعدادي,أ,2025-2026,1624089725,P1346794029,ar,Safiyyah,Mohammed,Zaid,Safiyyah,صفية محمد زيد,Female,12/09/2014 14:27:30,Mecca,Street 3,+966,5209818150,Saudi,Muslim,safiyyah.zaid597@example.com,LRyfg8iO%l,1468945703,5857496328,False,Mohammed,Idris,Zaid,Mohammed,محمد إدريس زيد,Male,12/09/1984 14:27:30,Medina,Street 1,+966,5857496328,Saudi,Muslim,KjFo4d&U5v,mohammed.zaid637@example.com,1599910600,5477516513,True,Lubaba,Mohammed,Hamza,Lubaba,لبابة محمد حمزة,Female,12/09/1983 14:27:30,Jeddah,Street 5,+966,5477516513,Saudi,Muslim,lubaba.hamza611@example.com,cux%9O^6EL
2702,الإعدادية,الأول الإعدادي,أ,2025-2026,1849116686,P1868517350,en,Akram,Abdulrahman,Akram,Akram,أكرم عبدالرحمن أكرم,Male,12/09/2017 14:27:30,Mecca,Street 5,+966,5123232284,Saudi,Muslim,akram.akram287@example.com,UW^6sm2jj$,2424385242,5271590397,False,Abdulrahman,Hassan,Akram,Abdulrahman,عبدالرحمن حسن أكرم,Male,12/09/1988 14:27:30,Riyadh,Street 2,+966,5271590397,Saudi,Muslim,um8*hkz8&P,abdulrahman.akram534@example.com,1863733340,5384465358,True,Aisha,Saud,Akram,Aisha,عائشة سعود أكرم,Female,12/09/1990 14:27:30,Medina,Street 5,+966,5384465358,Saudi,Muslim,aisha.akram211@example.com,fKe#5fBNS9
5510,الإعدادية,الأول الإعدادي,أ,2025-2026,1856563634,P2265645046,en,Maha,Abdulrahman,Akram,Maha,مها عبدالرحمن أكرم,Female,12/09/2017 14:27:30,Riyadh,Street 3,+966,5922690441,Saudi,Muslim,maha.akram595@example.com,@sW(qz46JK,2424385242,5271590397,False,Abdulrahman,Hassan,Akram,Abdulrahman,عبدالرحمن حسن أكرم,Male,12/09/1988 14:27:30,Riyadh,Street 2,+966,5271590397,Saudi,Muslim,um8*hkz8&P,abdulrahman.akram534@example.com,1863733340,5384465358,True,Aisha,Saud,Akram,Aisha,عائشة سعود أكرم,Female,12/09/1990 14:27:30,Medina,Street 5,+966,5384465358,Saudi,Muslim,aisha.akram211@example.com,fKe#5fBNS9
5159,الإعدادية,الأول الإعدادي,أ,2025-2026,2758269679,P1754062867,en,Salman,Saud,Idris,Salman,سلمان سعود إدريس,Male,12/09/2016 14:27:30,Jeddah,Street 1,+966,5126146569,Saudi,Muslim,salman.idris767@example.com,l!1stA7COd,2433926968,5536792543,True,Saud,Ibrahim,Idris,Saud,سعود إبراهيم إدريس,Male,12/09/1983 14:27:30,Mecca,Street 4,+966,5536792543,Saudi,Muslim,(Y6NNcqm4j,saud.idris534@example.com,2226144779,5884280719,False,Tamadur,Ismail,Omar,Tamadur,تماضر إسماعيل عمر,Female,12/09/1990 14:27:30,Medina,Street 4,+966,5884280719,Saudi,Muslim,tamadur.omar463@example.com,d1KM&yV6SU
4802,الإعدادية,الأول الإعدادي,أ,2025-2026,2806459612,P2776523258,ar,Salem,Saud,Idris,Salem,سالم سعود إدريس,Male,12/09/2016 14:27:30,Medina,Street 4,+966,5402442493,Saudi,Muslim,salem.idris802@example.com,$4kp)S(tvT,2433926968,5536792543,True,Saud,Ibrahim,Idris,Saud,سعود إبراهيم إدريس,Male,12/09/1983 14:27:30,Mecca,Street 4,+966,5536792543,Saudi,Muslim,(Y6NNcqm4j,saud.idris534@example.com,2226144779,5884280719,False,Tamadur,Ismail,Omar,Tamadur,تماضر إسماعيل عمر,Female,12/09/1990 14:27:30,Medina,Street 4,+966,5884280719,Saudi,Muslim,tamadur.omar463@example.com,d1KM&yV6SU
3248,الإعدادية,الأول الإعدادي,أ,2025-2026,2309199598,P2814006290,ar,Ruqaya,Saud,Idris,Ruqaya,رقية سعود إدريس,Female,12/09/2017 14:27:30,Jeddah,Street 1,+966,5969510025,Saudi,Muslim,ruqaya.idris787@example.com,!S4p&fqY6x,2433926968,5536792543,True,Saud,Ibrahim,Idris,Saud,سعود إبراهيم إدريس,Male,12/09/1983 14:27:30,Mecca,Street 4,+966,5536792543,Saudi,Muslim,(Y6NNcqm4j,saud.idris534@example.com,2226144779,5884280719,False,Tamadur,Ismail,Omar,Tamadur,تماضر إسماعيل عمر,Female,12/09/1990 14:27:30,Medina,Street 4,+966,5884280719,Saudi,Muslim,tamadur.omar463@example.com,d1KM&yV6SU
4005,الإعدادية,الأول الإعدادي,أ,2025-2026,2465704788,P1225347873,en,Maryam,Abdulaziz,Tariq,Maryam,مريم عبدالعزيز طارق,Female,12/09/2016 14:27:30,Riyadh,Street 5,+966,5757059063,Saudi,Muslim,maryam.tariq827@example.com,Y%yr0rA3R9,1865996805,5904367168,False,Abdulaziz,Saud,Tariq,Abdulaziz,عبدالعزيز سعود طارق,Male,12/09/1994 14:27:30,Medina,Street 3,+966,5904367168,Saudi,Muslim,c%0Ggihziv,abdulaziz.tariq697@example.com,2959347352,5603762065,True,Lama,Ismail,Zayne,Lama,لمى إسماعيل زين,Female,12/09/1990 14:27:30,Dammam,Street 1,+966,5603762065,Saudi,Muslim,lama.zayne795@example.com,tHQ5aPR!#S
2288,الإعدادية,الأول الإعدادي,أ,2025-2026,1133137785,P1733153949,en,Abdulaziz,Abdulaziz,Tariq,Abdulaziz,عبدالعزيز عبدالعزيز طارق,Male,12/09/2015 14:27:30,Riyadh,Street 1,+966,5406429973,Saudi,Muslim,abdulaziz.tariq603@example.com,j7JM(!UU7v,1865996805,5904367168,False,Abdulaziz,Saud,Tariq,Abdulaziz,عبدالعزيز سعود طارق,Male,12/09/1994 14:27:30,Medina,Street 3,+966,5904367168,Saudi,Muslim,c%0Ggihziv,abdulaziz.tariq697@example.com,2959347352,5603762065,True,Lama,Ismail,Zayne,Lama,لمى إسماعيل زين,Female,12/09/1990 14:27:30,Dammam,Street 1,+966,5603762065,Saudi,Muslim,lama.zayne795@example.com,tHQ5aPR!#S
3498,الإعدادية,الأول الإعدادي,أ,2025-2026,1729685285,P1969035106,ar,Ahmed,Mahdi,Salem,Ahmed,أحمد مهدي سالم,Male,12/09/2014 14:27:30,Jeddah,Street 4,+966,5163246841,Saudi,Muslim,ahmed.salem303@example.com,g)K7JYh6o2,2263331406,5342215959,False,Mahdi,Saud,Salem,Mahdi,مهدي سعود سالم,Male,12/09/1989 14:27:30,Mecca,Street 5,+966,5342215959,Saudi,Muslim,Do@4$5tj%Y,mahdi.salem438@example.com,2211844567,5834467722,True,Aisha,Bilal,Yousef,Aisha,عائشة بلال يوسف,Female,12/09/1990 14:27:30,Dammam,Street 2,+966,5834467722,Saudi,Muslim,aisha.yousef173@example.com,NdeO&tx84Q
2432,الإعدادية,الأول الإعدادي,أ,2025-2026,1964323807,P2785750967,ar,Atika,Ibrahim,Omar,Atika,عاتكة إبراهيم عمر,Female,12/09/2017 14:27:30,Medina,Street 1,+966,5486824298,Saudi,Christian,atika.omar438@example.com,y4Jyu#ccSV,1785636453,5889825353,False,Ibrahim,Zaid,Omar,Ibrahim,إبراهيم زيد عمر,Male,12/09/1977 14:27:30,Dammam,Street 2,+966,5889825353,Saudi,Christian,61M!KdAz$E,ibrahim.omar600@example.com,1246399748,5360628417,True,Assiya,Ali,Sultan,Assiya,أسيا علي سلطان,Female,12/09/1987 14:27:30,Medina,Street 3,+966,5360628417,Saudi,Christian,assiya.sultan929@example.com,zv2e2WT!CL
1594,الإعدادية,الأول الإعدادي,أ,2025-2026,1529516255,P1300931588,en,Riyad,Sulaiman,Khalid,Riyad,رياض سليمان خالد,Male,12/09/2014 14:27:30,Dammam,Street 1,+966,5456117258,Saudi,Muslim,riyad.khalid116@example.com,jWGO0QmmN#,1759017001,5514156594,False,Sulaiman,Abdullah,Khalid,Sulaiman,سليمان عبدالله خالد,Male,12/09/1984 14:27:30,Mecca,Street 3,+966,5514156594,Saudi,Muslim,daGig84^LG,sulaiman.khalid158@example.com,1960231345,5908650227,True,Sara,Akram,Hussein,Sara,سارة أكرم حسين,Female,12/09/1991 14:27:30,Riyadh,Street 5,+966,5908650227,Saudi,Muslim,sara.hussein374@example.com,uS8*d9BC7H
5823,الإعدادية,الأول الإعدادي,أ,2025-2026,1261961292,P2474261064,en,Salma,Zayne,Idris,Salma,سلمى زين إدريس,Female,12/09/2019 14:27:30,Jeddah,Street 3,+966,5484556598,Saudi,Muslim,salma.idris114@example.com,7dhjbF)&Ov,2756933387,5814582404,True,Zayne,Mohammed,Idris,Zayne,زين محمد إدريس,Male,12/09/1990 14:27:30,Dammam,Street 3,+966,5814582404,Saudi,Muslim,*H8PBZasH$,zayne.idris710@example.com,2537794089,5821704257,False,Lina,Hamza,Omar,Lina,لينا حمزة عمر,Female,12/09/1994 14:27:30,Mecca,Street 2,+966,5821704257,Saudi,Muslim,lina.omar463@example.com,T%s^(ebM6G
4660,الإعدادية,الأول الإعدادي,أ,2025-2026,2315901663,P1858080166,ar,Zainab,Ismail,Abdullah,Zainab,زينب إسماعيل عبدالله,Female,12/09/2017 14:27:30,Jeddah,Street 5,+966,5716253629,Saudi,Muslim,zainab.abdullah978@example.com,F5nx9b28r!,1880116363,5414481178,True,Ismail,Sultan,Abdullah,Ismail,إسماعيل سلطان عبدالله,Male,12/09/1976 14:27:30,Medina,Street 1,+966,5414481178,Saudi,Muslim,Mj&ecAbw1F,ismail.abdullah107@example.com,1686106080,5775679494,False,Khadijah,Hussein,Zaid,Khadijah,خديجة حسين زيد,Female,12/09/1992 14:27:30,Mecca,Street 3,+966,5775679494,Saudi,Muslim,khadijah.zaid823@example.com,f$l#0EvX1p
4858,الإعدادية,الأول الإعدادي,أ,2025-2026,2285557413,P1709015271,ar,Tamadur,Ismail,Abdullah,Tamadur,تماضر إسماعيل عبدالله,Female,12/09/2015 14:27:30,Mecca,Street 2,+966,5268443544,Saudi,Muslim,tamadur.abdullah219@example.com,*YmXkFH5fu,1880116363,5414481178,True,Ismail,Sultan,Abdullah,Ismail,إسماعيل سلطان عبدالله,Male,12/09/1976 14:27:30,Medina,Street 1,+966,5414481178,Saudi,Muslim,Mj&ecAbw1F,ismail.abdullah107@example.com,1686106080,5775679494,False,Khadijah,Hussein,Zaid,Khadijah,خديجة حسين زيد,Female,12/09/1992 14:27:30,Mecca,Street 3,+966,5775679494,Saudi,Muslim,khadijah.zaid823@example.com,f$l#0EvX1p
6993,الإعدادية,الأول الإعدادي,ب,2025-2026,1909038453,P1845379083,ar,Hassan,Zayne,Khalid,Hassan,حسن زين خالد,Male,12/09/2019 14:27:30,Mecca,Street 3,+966,5561027146,Saudi,Muslim,hassan.khalid832@example.com,Eb)V*fzTB9,2726185907,5674247514,False,Zayne,Abdulaziz,Khalid,Zayne,زين عبدالعزيز خالد,Male,12/09/1991 14:27:30,Riyadh,Street 1,+966,5674247514,Saudi,Muslim,%9xbH5vszI,zayne.khalid516@example.com,1770013390,5476854010,True,Safiyyah,Ahmed,Abdulaziz,Safiyyah,صفية أحمد عبدالعزيز,Female,12/09/1982 14:27:30,Riyadh,Street 2,+966,5476854010,Saudi,Muslim,safiyyah.abdulaziz295@example.com,bJlY1DUo#6
2646,الإعدادية,الأول الإعدادي,ب,2025-2026,2496113251,P2240837116,en,Abdulaziz,Ibrahim,Sultan,Abdulaziz,عبدالعزيز إبراهيم سلطان,Male,12/09/2015 14:27:30,Mecca,Street 1,+966,5101791800,Saudi,Muslim,abdulaziz.sultan441@example.com,EKkBe7NV*D,2415790142,5720164523,True,Ibrahim,Zaid,Sultan,Ibrahim,إبراهيم زيد سلطان,Male,12/09/1990 14:27:30,Medina,Street 5,+966,5720164523,Saudi,Muslim,sJz)If5CU),ibrahim.sultan816@example.com,2169509033,5959508816,False,Reem,Sulaiman,Zayne,Reem,ريم سليمان زين,Female,12/09/1981 14:27:30,Mecca,Street 4,+966,5959508816,Saudi,Muslim,reem.zayne580@example.com,36DBgEjz%d
6032,الإعدادية,الأول الإعدادي,ب,2025-2026,2972654444,P1325208027,en,Zaid,Ibrahim,Sultan,Zaid,زيد إبراهيم سلطان,Male,12/09/2017 14:27:30,Medina,Street 2,+966,5476739166,Saudi,Muslim,zaid.sultan568@example.com,7SnOYOg(&b,2415790142,5720164523,True,Ibrahim,Zaid,Sultan,Ibrahim,إبراهيم زيد سلطان,Male,12/09/1990 14:27:30,Medina,Street 5,+966,5720164523,Saudi,Muslim,sJz)If5CU),ibrahim.sultan816@example.com,2169509033,5959508816,False,Reem,Sulaiman,Zayne,Reem,ريم سليمان زين,Female,12/09/1981 14:27:30,Mecca,Street 4,+966,5959508816,Saudi,Muslim,reem.zayne580@example.com,36DBgEjz%d
5255,الإعدادية,الأول الإعدادي,ب,2025-2026,2360955563,P2986483094,en,Salem,Ibrahim,Sultan,Salem,سالم إبراهيم سلطان,Male,12/09/2017 14:27:30,Riyadh,Street 2,+966,5406517299,Saudi,Muslim,salem.sultan388@example.com,ih5y@ZA!Hw,2415790142,5720164523,True,Ibrahim,Zaid,Sultan,Ibrahim,إبراهيم زيد سلطان,Male,12/09/1990 14:27:30,Medina,Street 5,+966,5720164523,Saudi,Muslim,sJz)If5CU),ibrahim.sultan816@example.com,2169509033,5959508816,False,Reem,Sulaiman,Zayne,Reem,ريم سليمان زين,Female,12/09/1981 14:27:30,Mecca,Street 4,+966,5959508816,Saudi,Muslim,reem.zayne580@example.com,36DBgEjz%d
3645,الإعدادية,الأول الإعدادي,ب,2025-2026,1378808192,P2562921238,ar,Zainab,Mahdi,Abdulrahman,Zainab,زينب مهدي عبدالرحمن,Female,12/09/2016 14:27:30,Mecca,Street 4,+966,5431883500,Saudi,Christian,zainab.abdulrahman282@example.com,kXHq^o#7!j,2127506302,5968067568,True,Mahdi,Mahdi,Abdulrahman,Mahdi,مهدي مهدي عبدالرحمن,Male,12/09/1980 14:27:30,Mecca,Street 1,+966,5968067568,Saudi,Christian,R@^lITrl9r,mahdi.abdulrahman905@example.com,2458204758,5363616386,False,Zahra,Akram,Hassan,Zahra,زهرة أكرم حسن,Female,12/09/1988 14:27:30,Dammam,Street 3,+966,5363616386,Saudi,Christian,zahra.hassan603@example.com,$#lpG8gR7d
7735,الإعدادية,الأول الإعدادي,ب,2025-2026,1187836647,P1774779396,en,Khadijah,Ibrahim,Hamza,Khadijah,خديجة إبراهيم حمزة,Female,12/09/2016 14:27:30,Riyadh,Street 4,+966,5572571615,Saudi,Muslim,khadijah.hamza116@example.com,Z4&GYJFk6$,2607243310,5444936110,True,Ibrahim,Saud,Hamza,Ibrahim,إبراهيم سعود حمزة,Male,12/09/1981 14:27:30,Medina,Street 2,+966,5444936110,Saudi,Muslim,tJ!2I87Q4E,ibrahim.hamza594@example.com,2617666335,5290628214,False,Assiya,Sulaiman,Yousef,Assiya,أسيا سليمان يوسف,Female,12/09/1991 14:27:30,Jeddah,Street 5,+966,5290628214,Saudi,Muslim,assiya.yousef903@example.com,U)VhD1PKTZ
4005,الإعدادية,الأول الإعدادي,ب,2025-2026,1879146967,P1629548519,ar,Lubaba,Ibrahim,Hamza,Lubaba,لبابة إبراهيم حمزة,Female,12/09/2015 14:27:30,Jeddah,Street 2,+966,5956504441,Saudi,Muslim,lubaba.hamza852@example.com,Z@!X%&wx8E,2607243310,5444936110,True,Ibrahim,Saud,Hamza,Ibrahim,إبراهيم سعود حمزة,Male,12/09/1981 14:27:30,Medina,Street 2,+966,5444936110,Saudi,Muslim,tJ!2I87Q4E,ibrahim.hamza594@example.com,2617666335,5290628214,False,Assiya,Sulaiman,Yousef,Assiya,أسيا سليمان يوسف,Female,12/09/1991 14:27:30,Jeddah,Street 5,+966,5290628214,Saudi,Muslim,assiya.yousef903@example.com,U)VhD1PKTZ
9306,الإعدادية,الأول الإعدادي,ب,2025-2026,2462339084,P2193898555,ar,Layla,Saud,Abdullah,Layla,ليلى سعود عبدالله,Female,12/09/2017 14:27:30,Mecca,Street 4,+966,5729530096,Saudi,Christian,layla.abdullah417@example.com,FY6Uk@N@Gn,2300663499,5641465399,False,Saud,Abdulaziz,Abdullah,Saud,سعود عبدالعزيز عبدالله,Male,12/09/1982 14:27:30,Mecca,Street 3,+966,5641465399,Saudi,Christian,h)&#46TJeM,saud.abdullah615@example.com,1829809875,5292185575,True,Zahra,Hamza,Turki,Zahra,زهرة حمزة تركي,Female,12/09/1989 14:27:30,Mecca,Street 1,+966,5292185575,Saudi,Christian,zahra.turki270@example.com,Tp$)Srgm0w
9279,الإعدادية,الأول الإعدادي,ب,2025-2026,2549935427,P2246334883,en,Reem,Mahdi,Saud,Reem,ريم مهدي سعود,Female,12/09/2018 14:27:30,Jeddah,Street 4,+966,5187127070,Saudi,Christian,reem.saud666@example.com,AU(qPB4pHP,1764173882,5186154089,True,Mahdi,Mohammed,Saud,Mahdi,مهدي محمد سعود,Male,12/09/1981 14:27:30,Dammam,Street 2,+966,5186154089,Saudi,Christian,InRT$R95h$,mahdi.saud528@example.com,2850128760,5438864145,False,Noor,Riyad,Tariq,Noor,نور رياض طارق,Female,12/09/1990 14:27:30,Riyadh,Street 3,+966,5438864145,Saudi,Christian,noor.tariq953@example.com,$*gh62$VzN
3574,الإعدادية,الأول الإعدادي,ب,2025-2026,2873598178,P1356534531,en,Mohammed,Salman,Hamza,Mohammed,محمد سلمان حمزة,Male,12/09/2016 14:27:30,Riyadh,Street 4,+966,5917322629,Saudi,Muslim,mohammed.hamza634@example.com,28h$oyRs!E,2235252851,5246172007,True,Salman,Turki,Hamza,Salman,سلمان تركي حمزة,Male,12/09/1992 14:27:30,Jeddah,Street 3,+966,5246172007,Saudi,Muslim,mc!F28kRTM,salman.hamza840@example.com,2107719998,5442508055,False,Lama,Bilal,Nasser,Lama,لمى بلال ناصر,Female,12/09/1983 14:27:30,Riyadh,Street 5,+966,5442508055,Saudi,Muslim,lama.nasser214@example.com,LHmh6Wt^54
4233,الإعدادية,الأول الإعدادي,ب,2025-2026,2589562723,P2600575301,en,Haya,Turki,Sulaiman,Haya,هيا تركي سليمان,Female,12/09/2018 14:27:30,Medina,Street 1,+966,5702869993,Saudi,Christian,haya.sulaiman811@example.com,DM5h95Zs#B,1444167708,5439132394,False,Turki,Riyad,Sulaiman,Turki,تركي رياض سليمان,Male,12/09/1977 14:27:30,Mecca,Street 5,+966,5439132394,Saudi,Christian,#0daB%j$Wz,turki.sulaiman487@example.com,1715486314,5899307239,True,Amal,Ali,Nasser,Amal,أمل علي ناصر,Female,12/09/1993 14:27:30,Medina,Street 3,+966,5899307239,Saudi,Christian,amal.nasser433@example.com,w0s!&XjK5b
2663,الإعدادية,الأول الإعدادي,ب,2025-2026,2272381969,P2449105224,en,Mahdi,Turki,Sulaiman,Mahdi,مهدي تركي سليمان,Male,12/09/2014 14:27:30,Dammam,Street 3,+966,5539715359,Saudi,Christian,mahdi.sulaiman260@example.com,sI^R4szRHj,1444167708,5439132394,False,Turki,Riyad,Sulaiman,Turki,تركي رياض سليمان,Male,12/09/1977 14:27:30,Mecca,Street 5,+966,5439132394,Saudi,Christian,#0daB%j$Wz,turki.sulaiman487@example.com,1715486314,5899307239,True,Amal,Ali,Nasser,Amal,أمل علي ناصر,Female,12/09/1993 14:27:30,Medina,Street 3,+966,5899307239,Saudi,Christian,amal.nasser433@example.com,w0s!&XjK5b
9699,الإعدادية,الأول الإعدادي,ب,2025-2026,2550149722,P2554654260,ar,Lubaba,Akram,Salman,Lubaba,لبابة أكرم سلمان,Female,12/09/2018 14:27:30,Medina,Street 4,+966,5752917666,Saudi,Christian,lubaba.salman225@example.com,AU!Rjro8r0,1102709066,5442190939,True,Akram,Akram,Salman,Akram,أكرم أكرم سلمان,Male,12/09/1983 14:27:30,Dammam,Street 2,+966,5442190939,Saudi,Christian,EUJ4Z&9JdS,akram.salman760@example.com,1286530074,5364457169,False,Zahra,Hussein,Khalid,Zahra,زهرة حسين خالد,Female,12/09/1988 14:27:30,Jeddah,Street 2,+966,5364457169,Saudi,Christian,zahra.khalid341@example.com,kac8Qr)53)
6259,الإعدادية,الأول الإعدادي,ب,2025-2026,2504948624,P1976664091,en,Fahad,Tariq,Ali,Fahad,فهد طارق علي,Male,12/09/2015 14:27:30,Riyadh,Street 5,+966,5895956530,Saudi,Christian,fahad.ali541@example.com,p%0&PaHsp1,2430043362,5103989162,False,Tariq,Tariq,Ali,Tariq,طارق طارق علي,Male,12/09/1989 14:27:30,Riyadh,Street 4,+966,5103989162,Saudi,Christian,Z0ppFD%8iV,tariq.ali782@example.com,2821223119,5839824842,True,Hanan,Bilal,Hussein,Hanan,حنان بلال حسين,Female,12/09/1992 14:27:30,Medina,Street 2,+966,5839824842,Saudi,Christian,hanan.hussein197@example.com,5JUyFV!1jU
2895,الإعدادية,الأول الإعدادي,ب,2025-2026,1217299707,P1946072988,ar,Abdulrahman,Mohammed,Idris,Abdulrahman,عبدالرحمن محمد إدريس,Male,12/09/2018 14:27:30,Riyadh,Street 1,+966,5503158692,Saudi,Christian,abdulrahman.idris821@example.com,vlojq$B93Q,1804726859,5210950540,True,Mohammed,Ibrahim,Idris,Mohammed,محمد إبراهيم إدريس,Male,12/09/1990 14:27:30,Dammam,Street 4,+966,5210950540,Saudi,Christian,GWc)pbfu@8,mohammed.idris412@example.com,1254774034,5556556158,False,Safiyyah,Sulaiman,Hassan,Safiyyah,صفية سليمان حسن,Female,12/09/1985 14:27:30,Riyadh,Street 2,+966,5556556158,Saudi,Christian,safiyyah.hassan993@example.com,UIbc)4lz!j
7738,الإعدادية,الأول الإعدادي,ب,2025-2026,2372601887,P2293417545,ar,Sultan,Mohammed,Idris,Sultan,سلطان محمد إدريس,Male,12/09/2019 14:27:30,Jeddah,Street 5,+966,5436493139,Saudi,Christian,sultan.idris589@example.com,(m5A)O2e93,1804726859,5210950540,True,Mohammed,Ibrahim,Idris,Mohammed,محمد إبراهيم إدريس,Male,12/09/1990 14:27:30,Dammam,Street 4,+966,5210950540,Saudi,Christian,GWc)pbfu@8,mohammed.idris412@example.com,1254774034,5556556158,False,Safiyyah,Sulaiman,Hassan,Safiyyah,صفية سليمان حسن,Female,12/09/1985 14:27:30,Riyadh,Street 2,+966,5556556158,Saudi,Christian,safiyyah.hassan993@example.com,UIbc)4lz!j
5242,الإعدادية,الأول الإعدادي,ب,2025-2026,1993243940,P2781935213,ar,Aaliyah,Mohammed,Idris,Aaliyah,عالية محمد إدريس,Female,12/09/2016 14:27:30,Riyadh,Street 2,+966,5154035053,Saudi,Christian,aaliyah.idris666@example.com,Kot0W4r&eU,1804726859,5210950540,True,Mohammed,Ibrahim,Idris,Mohammed,محمد إبراهيم إدريس,Male,12/09/1990 14:27:30,Dammam,Street 4,+966,5210950540,Saudi,Christian,GWc)pbfu@8,mohammed.idris412@example.com,1254774034,5556556158,False,Safiyyah,Sulaiman,Hassan,Safiyyah,صفية سليمان حسن,Female,12/09/1985 14:27:30,Riyadh,Street 2,+966,5556556158,Saudi,Christian,safiyyah.hassan993@example.com,UIbc)4lz!j
6399,الإعدادية,الأول الإعدادي,ب,2025-2026,2752687808,P2982487613,en,Khalid,Hamza,Hassan,Khalid,خالد حمزة حسن,Male,12/09/2018 14:27:30,Dammam,Street 4,+966,5907503570,Saudi,Muslim,khalid.hassan911@example.com,$H@KdFule6,1695863174,5663083967,False,Hamza,Saud,Hassan,Hamza,حمزة سعود حسن,Male,12/09/1988 14:27:30,Mecca,Street 3,+966,5663083967,Saudi,Muslim,d!O6TYXfR),hamza.hassan193@example.com,1844472220,5924537314,True,Rania,Mohammed,Zaid,Rania,رانيا محمد زيد,Female,12/09/1992 14:27:30,Mecca,Street 3,+966,5924537314,Saudi,Muslim,rania.zaid625@example.com,Hk^M(p2sS0
9984,الإعدادية,الأول الإعدادي,ب,2025-2026,1463021099,P2388867098,ar,Hanan,Omar,Sulaiman,Hanan,حنان عمر سليمان,Female,12/09/2019 14:27:30,Jeddah,Street 2,+966,5144431670,Saudi,Muslim,hanan.sulaiman638@example.com,q)Q7JmUVsc,2923386385,5420523281,False,Omar,Hamza,Sulaiman,Omar,عمر حمزة سليمان,Male,12/09/1987 14:27:30,Medina,Street 5,+966,5420523281,Saudi,Muslim,20^h2Wk!yB,omar.sulaiman974@example.com,1457441828,5910322567,True,Atika,Yousef,Ibrahim,Atika,عاتكة يوسف إبراهيم,Female,12/09/1981 14:27:30,Riyadh,Street 5,+966,5910322567,Saudi,Muslim,atika.ibrahim534@example.com,iW6Nq4W9%!
8876,الإعدادية,الأول الإعدادي,ب,2025-2026,2369035976,P2647790389,en,Dana,Salem,Hamza,Dana,دانا سالم حمزة,Female,12/09/2015 14:27:30,Dammam,Street 2,+966,5882891156,Saudi,Christian,dana.hamza514@example.com,3Xs2A@e$sv,1751568511,5683844978,False,Salem,Ibrahim,Hamza,Salem,سالم إبراهيم حمزة,Male,12/09/1993 14:27:30,Riyadh,Street 3,+966,5683844978,Saudi,Christian,#5yP3^ELB9,salem.hamza360@example.com,1171300964,5831655417,True,Maha,Ahmed,Sultan,Maha,مها أحمد سلطان,Female,12/09/1992 14:27:30,Riyadh,Street 3,+966,5831655417,Saudi,Christian,maha.sultan100@example.com,d1gdITEig*
7352,الإعدادية,الأول الإعدادي,ب,2025-2026,1168868211,P2216928151,en,Lama,Idris,Salman,Lama,لمى إدريس سلمان,Female,12/09/2019 14:27:30,Riyadh,Street 3,+966,5435677329,Saudi,Muslim,lama.salman399@example.com,ULY&vn5!pN,1562170691,5121589572,True,Idris,Idris,Salman,Idris,إدريس إدريس سلمان,Male,12/09/1995 14:27:30,Mecca,Street 2,+966,5121589572,Saudi,Muslim,uUtSxhc@7Q,idris.salman481@example.com,2352152133,5743967267,False,Zainab,Abdullah,Ismail,Zainab,زينب عبدالله إسماعيل,Female,12/09/1989 14:27:30,Medina,Street 4,+966,5743967267,Saudi,Muslim,zainab.ismail728@example.com,4Z&usnSOGW
1596,الإعدادية,الأول الإعدادي,ب,2025-2026,2850902377,P2319934487,ar,Abdulaziz,Mahdi,Riyad,Abdulaziz,عبدالعزيز مهدي رياض,Male,12/09/2014 14:27:30,Riyadh,Street 4,+966,5363079564,Saudi,Christian,abdulaziz.riyad458@example.com,uh(3Gt4#p!,1654290786,5274681548,False,Mahdi,Mahdi,Riyad,Mahdi,مهدي مهدي رياض,Male,12/09/1979 14:27:30,Mecca,Street 2,+966,5274681548,Saudi,Christian,)ksO)5PI0d,mahdi.riyad141@example.com,2213589630,5514421082,True,Haya,Ahmed,Idris,Haya,هيا أحمد إدريس,Female,12/09/1989 14:27:30,Jeddah,Street 5,+966,5514421082,Saudi,Christian,haya.idris902@example.com,%kG1lL&pbb
9938,الإعدادية,الأول الإعدادي,ج,2025-2026,1795034662,P2621702483,ar,Khadijah,Mahdi,Riyad,Khadijah,خديجة مهدي رياض,Female,12/09/2017 14:27:30,Riyadh,Street 4,+966,5235924621,Saudi,Christian,khadijah.riyad969@example.com,62nIAro*(S,1654290786,5274681548,False,Mahdi,Mahdi,Riyad,Mahdi,مهدي مهدي رياض,Male,12/09/1979 14:27:30,Mecca,Street 2,+966,5274681548,Saudi,Christian,)ksO)5PI0d,mahdi.riyad141@example.com,2213589630,5514421082,True,Haya,Ahmed,Idris,Haya,هيا أحمد إدريس,Female,12/09/1989 14:27:30,Jeddah,Street 5,+966,5514421082,Saudi,Christian,haya.idris902@example.com,%kG1lL&pbb
9692,الإعدادية,الأول الإعدادي,ج,2025-2026,1173668621,P2640094995,ar,Haya,Mahdi,Riyad,Haya,هيا مهدي رياض,Female,12/09/2016 14:27:30,Riyadh,Street 2,+966,5277134478,Saudi,Christian,haya.riyad519@example.com,0)E1uMe4p&,1654290786,5274681548,False,Mahdi,Mahdi,Riyad,Mahdi,مهدي مهدي رياض,Male,12/09/1979 14:27:30,Mecca,Street 2,+966,5274681548,Saudi,Christian,)ksO)5PI0d,mahdi.riyad141@example.com,2213589630,5514421082,True,Haya,Ahmed,Idris,Haya,هيا أحمد إدريس,Female,12/09/1989 14:27:30,Jeddah,Street 5,+966,5514421082,Saudi,Christian,haya.idris902@example.com,%kG1lL&pbb
2635,الإعدادية,الأول الإعدادي,ج,2025-2026,1569595672,P2950785779,ar,Mahdi,Ali,Idris,Mahdi,مهدي علي إدريس,Male,12/09/2018 14:27:30,Mecca,Street 1,+966,5295170166,Saudi,Christian,mahdi.idris825@example.com,(RN9Xy)i3j,2257936004,5643655194,True,Ali,Bilal,Idris,Ali,علي بلال إدريس,Male,12/09/1976 14:27:30,Jeddah,Street 3,+966,5643655194,Saudi,Christian,$lF&a%7FhQ,ali.idris830@example.com,1604581818,5365069340,False,Atika,Riyad,Saud,Atika,عاتكة رياض سعود,Female,12/09/1994 14:27:30,Riyadh,Street 4,+966,5365069340,Saudi,Christian,atika.saud224@example.com,007)9EwjjS
3074,الإعدادية,الأول الإعدادي,ج,2025-2026,1963634139,P1128148012,en,Reem,Bilal,Mahdi,Reem,ريم بلال مهدي,Female,12/09/2015 14:27:30,Mecca,Street 5,+966,5426719905,Saudi,Muslim,reem.mahdi413@example.com,s)W6gSEl$C,1202124063,5481861900,True,Bilal,Ahmed,Mahdi,Bilal,بلال أحمد مهدي,Male,12/09/1995 14:27:30,Riyadh,Street 1,+966,5481861900,Saudi,Muslim,&S)SK4AzRk,bilal.mahdi426@example.com,2690369759,5700799847,False,Maha,Ahmed,Abdulrahman,Maha,مها أحمد عبدالرحمن,Female,12/09/1982 14:27:30,Riyadh,Street 4,+966,5700799847,Saudi,Muslim,maha.abdulrahman187@example.com,Q&HwP2(c0U
2168,الإعدادية,الأول الإعدادي,ج,2025-2026,1416670761,P2534858836,ar,Assiya,Bilal,Mahdi,Assiya,أسيا بلال مهدي,Female,12/09/2017 14:27:30,Medina,Street 3,+966,5225910731,Saudi,Muslim,assiya.mahdi309@example.com,yQ4(KMQ$GV,1202124063,5481861900,True,Bilal,Ahmed,Mahdi,Bilal,بلال أحمد مهدي,Male,12/09/1995 14:27:30,Riyadh,Street 1,+966,5481861900,Saudi,Muslim,&S)SK4AzRk,bilal.mahdi426@example.com,2690369759,5700799847,False,Maha,Ahmed,Abdulrahman,Maha,مها أحمد عبدالرحمن,Female,12/09/1982 14:27:30,Riyadh,Street 4,+966,5700799847,Saudi,Muslim,maha.abdulrahman187@example.com,Q&HwP2(c0U
6668,الإعدادية,الأول الإعدادي,ج,2025-2026,1743820136,P1736081595,en,Aaliyah,Sulaiman,Tariq,Aaliyah,عالية سليمان طارق,Female,12/09/2019 14:27:30,Medina,Street 2,+966,5554789045,Saudi,Muslim,aaliyah.tariq864@example.com,8#Zg3F4#b2,1491345259,5751694519,True,Sulaiman,Idris,Tariq,Sulaiman,سليمان إدريس طارق,Male,12/09/1979 14:27:30,Mecca,Street 5,+966,5751694519,Saudi,Muslim,d&1b0Sxi4*,sulaiman.tariq442@example.com,2119433887,5906879283,False,Zahra,Omar,Zaid,Zahra,زهرة عمر زيد,Female,12/09/1989 14:27:30,Dammam,Street 5,+966,5906879283,Saudi,Muslim,zahra.zaid320@example.com,hwZ(sb9AAi
9978,الإعدادية,الأول الإعدادي,ج,2025-2026,1819944477,P1134129663,en,Ismail,Sulaiman,Tariq,Ismail,إسماعيل سليمان طارق,Male,12/09/2016 14:27:30,Mecca,Street 2,+966,5298185003,Saudi,Muslim,ismail.tariq609@example.com,hZ6z&949zT,1491345259,5751694519,True,Sulaiman,Idris,Tariq,Sulaiman,سليمان إدريس طارق,Male,12/09/1979 14:27:30,Mecca,Street 5,+966,5751694519,Saudi,Muslim,d&1b0Sxi4*,sulaiman.tariq442@example.com,2119433887,5906879283,False,Zahra,Omar,Zaid,Zahra,زهرة عمر زيد,Female,12/09/1989 14:27:30,Dammam,Street 5,+966,5906879283,Saudi,Muslim,zahra.zaid320@example.com,hwZ(sb9AAi
5501,الإعدادية,الأول الإعدادي,ج,2025-2026,1558320664,P1814319884,ar,Lina,Sulaiman,Turki,Lina,لينا سليمان تركي,Female,12/09/2018 14:27:30,Mecca,Street 4,+966,5587317362,Saudi,Muslim,lina.turki881@example.com,tZvKU$%3t0,1535137758,5224385738,True,Sulaiman,Akram,Turki,Sulaiman,سليمان أكرم تركي,Male,12/09/1994 14:27:30,Dammam,Street 4,+966,5224385738,Saudi,Muslim,V$$wwIKXR4,sulaiman.turki822@example.com,1701952382,5994923132,False,Sara,Abdulrahman,Omar,Sara,سارة عبدالرحمن عمر,Female,12/09/1987 14:27:30,Riyadh,Street 2,+966,5994923132,Saudi,Muslim,sara.omar935@example.com,Tsj81!kd*n
7820,الإعدادية,الأول الإعدادي,ج,2025-2026,1881318495,P1546720961,ar,Ahmed,Saud,Zayne,Ahmed,أحمد سعود زين,Male,12/09/2019 14:27:30,Medina,Street 5,+966,5603871361,Saudi,Muslim,ahmed.zayne803@example.com,B40q1$7c5$,1618565187,5775206745,False,Saud,Ali,Zayne,Saud,سعود علي زين,Male,12/09/1991 14:27:30,Dammam,Street 3,+966,5775206745,Saudi,Muslim,ReRQGfp2)o,saud.zayne943@example.com,2243614032,5302054180,True,Lama,Bilal,Yousef,Lama,لمى بلال يوسف,Female,12/09/1991 14:27:30,Mecca,Street 1,+966,5302054180,Saudi,Muslim,lama.yousef568@example.com,^oUw1ou^Vn
3488,الإعدادية,الأول الإعدادي,ج,2025-2026,2797578569,P1201029656,ar,Atika,Fahad,Salem,Atika,عاتكة فهد سالم,Female,12/09/2019 14:27:30,Mecca,Street 5,+966,5328155102,Saudi,Muslim,atika.salem829@example.com,Czia8n)5MW,1974404254,5152581112,False,Fahad,Idris,Salem,Fahad,فهد إدريس سالم,Male,12/09/1984 14:27:30,Riyadh,Street 3,+966,5152581112,Saudi,Muslim,hi4OS&Tgbj,fahad.salem233@example.com,1113966386,5884315798,True,Khadijah,Mahdi,Turki,Khadijah,خديجة مهدي تركي,Female,12/09/1986 14:27:30,Dammam,Street 3,+966,5884315798,Saudi,Muslim,khadijah.turki393@example.com,vjKBa37h9*
2165,الإعدادية,الأول الإعدادي,ج,2025-2026,1143914813,P1329749508,en,Sara,Fahad,Salem,Sara,سارة فهد سالم,Female,12/09/2016 14:27:30,Medina,Street 5,+966,5271105512,Saudi,Muslim,sara.salem628@example.com,t5Ng^%ZJ(T,1974404254,5152581112,False,Fahad,Idris,Salem,Fahad,فهد إدريس سالم,Male,12/09/1984 14:27:30,Riyadh,Street 3,+966,5152581112,Saudi,Muslim,hi4OS&Tgbj,fahad.salem233@example.com,1113966386,5884315798,True,Khadijah,Mahdi,Turki,Khadijah,خديجة مهدي تركي,Female,12/09/1986 14:27:30,Dammam,Street 3,+966,5884315798,Saudi,Muslim,khadijah.turki393@example.com,vjKBa37h9*
3322,الإعدادية,الأول الإعدادي,ج,2025-2026,1853191731,P1391108317,ar,Nasser,Sulaiman,Ibrahim,Nasser,ناصر سليمان إبراهيم,Male,12/09/2018 14:27:30,Dammam,Street 3,+966,5928352471,Saudi,Christian,nasser.ibrahim162@example.com,53P8vdS(aI,2678432936,5100557972,False,Sulaiman,Abdullah,Ibrahim,Sulaiman,سليمان عبدالله إبراهيم,Male,12/09/1977 14:27:30,Jeddah,Street 4,+966,5100557972,Saudi,Christian,cE$65bAG#l,sulaiman.ibrahim995@example.com,2645788093,5780490654,True,Tamadur,Saud,Salem,Tamadur,تماضر سعود سالم,Female,12/09/1989 14:27:30,Medina,Street 3,+966,5780490654,Saudi,Christian,tamadur.salem494@example.com,M@NiHP*7hd
3135,الإعدادية,الأول الإعدادي,ج,2025-2026,1357837002,P2967265985,ar,Ahmed,Turki,Akram,Ahmed,أحمد تركي أكرم,Male,12/09/2016 14:27:30,Jeddah,Street 4,+966,5353836616,Saudi,Christian,ahmed.akram507@example.com,6q9mJ@8auN,1725506301,5818111353,False,Turki,Hussein,Akram,Turki,تركي حسين أكرم,Male,12/09/1984 14:27:30,Medina,Street 2,+966,5818111353,Saudi,Christian,1Pp*T!%DaK,turki.akram727@example.com,2740615716,5531451208,True,Lina,Hussein,Sulaiman,Lina,لينا حسين سليمان,Female,12/09/1985 14:27:30,Mecca,Street 3,+966,5531451208,Saudi,Christian,lina.sulaiman786@example.com,wT4xDGXm#f
1059,الإعدادية,الأول الإعدادي,ج,2025-2026,2796709822,P2486538267,en,Ali,Ahmed,Salem,Ali,علي أحمد سالم,Male,12/09/2014 14:27:30,Medina,Street 1,+966,5341403867,Saudi,Muslim,ali.salem343@example.com,Xh&619jeJi,1454238079,5940952839,False,Ahmed,Fahad,Salem,Ahmed,أحمد فهد سالم,Male,12/09/1978 14:27:30,Jeddah,Street 5,+966,5940952839,Saudi,Muslim,E*pf)IeiJ3,ahmed.salem467@example.com,1975245732,5403013767,True,Fatimah,Akram,Salman,Fatimah,فاطمة أكرم سلمان,Female,12/09/1997 14:27:30,Mecca,Street 1,+966,5403013767,Saudi,Muslim,fatimah.salman484@example.com,E8L63n%xf4
8767,الإعدادية,الأول الإعدادي,ج,2025-2026,1373122514,P1929570650,en,Riyad,Mahdi,Turki,Riyad,رياض مهدي تركي,Male,12/09/2014 14:27:30,Mecca,Street 3,+966,5311002812,Saudi,Christian,riyad.turki933@example.com,Xh#82x!vM7,1604413496,5127469241,False,Mahdi,Salman,Turki,Mahdi,مهدي سلمان تركي,Male,12/09/1993 14:27:30,Medina,Street 2,+966,5127469241,Saudi,Christian,r!0hsn1Zh3,mahdi.turki595@example.com,1355999167,5922857931,True,Lubaba,Akram,Abdulrahman,Lubaba,لبابة أكرم عبدالرحمن,Female,12/09/1995 14:27:30,Dammam,Street 3,+966,5922857931,Saudi,Christian,lubaba.abdulrahman281@example.com,r6G9)bJRRc
2123,الإعدادية,الأول الإعدادي,ج,2025-2026,2490549863,P1327764124,ar,Hanan,Yousef,Tariq,Hanan,حنان يوسف طارق,Female,12/09/2018 14:27:30,Dammam,Street 1,+966,5745910033,Saudi,Muslim,hanan.tariq880@example.com,7RTlu3zNb!,2467786522,5164409521,False,Yousef,Ismail,Tariq,Yousef,يوسف إسماعيل طارق,Male,12/09/1982 14:27:30,Riyadh,Street 2,+966,5164409521,Saudi,Muslim,6i5Ewx@eWD,yousef.tariq635@example.com,2133194058,5458237169,True,Assiya,Salem,Nasser,Assiya,أسيا سالم ناصر,Female,12/09/1993 14:27:30,Jeddah,Street 4,+966,5458237169,Saudi,Muslim,assiya.nasser798@example.com,@3@LfOJVlX
3352,الإعدادية,الأول الإعدادي,ج,2025-2026,2326628336,P1883199319,en,Khalid,Abdulaziz,Zayne,Khalid,خالد عبدالعزيز زين,Male,12/09/2015 14:27:30,Riyadh,Street 2,+966,5151275087,Saudi,Christian,khalid.zayne131@example.com,zKJyAk6a$n,1766175519,5573271810,True,Abdulaziz,Akram,Zayne,Abdulaziz,عبدالعزيز أكرم زين,Male,12/09/1981 14:27:30,Medina,Street 3,+966,5573271810,Saudi,Christian,Pq$89C(vSp,abdulaziz.zayne712@example.com,2557580008,5432399139,False,Safiyyah,Khalid,Omar,Safiyyah,صفية خالد عمر,Female,12/09/1994 14:27:30,Mecca,Street 3,+966,5432399139,Saudi,Christian,safiyyah.omar836@example.com,^pSL22Fkwq
6170,الإعدادية,الأول الإعدادي,ج,2025-2026,2232357872,P1668712183,ar,Idris,Omar,Sulaiman,Idris,إدريس عمر سليمان,Male,12/09/2018 14:27:30,Riyadh,Street 1,+966,5567037578,Saudi,Muslim,idris.sulaiman504@example.com,drO4D)6QI&,1823787753,5762997007,True,Omar,Bilal,Sulaiman,Omar,عمر بلال سليمان,Male,12/09/1979 14:27:30,Riyadh,Street 3,+966,5762997007,Saudi,Muslim,Q#AVbAw)l9,omar.sulaiman832@example.com,2142053895,5830985716,False,Lama,Ismail,Fahad,Lama,لمى إسماعيل فهد,Female,12/09/1982 14:27:30,Riyadh,Street 4,+966,5830985716,Saudi,Muslim,lama.fahad608@example.com,P0n)2e8&ET
9776,الإعدادية,الأول الإعدادي,ج,2025-2026,1612385323,P1469507144,ar,Bilal,Omar,Sulaiman,Bilal,بلال عمر سليمان,Male,12/09/2019 14:27:30,Mecca,Street 4,+966,5365919398,Saudi,Muslim,bilal.sulaiman943@example.com,l4a%zV1NUs,1823787753,5762997007,True,Omar,Bilal,Sulaiman,Omar,عمر بلال سليمان,Male,12/09/1979 14:27:30,Riyadh,Street 3,+966,5762997007,Saudi,Muslim,Q#AVbAw)l9,omar.sulaiman832@example.com,2142053895,5830985716,False,Lama,Ismail,Fahad,Lama,لمى إسماعيل فهد,Female,12/09/1982 14:27:30,Riyadh,Street 4,+966,5830985716,Saudi,Muslim,lama.fahad608@example.com,P0n)2e8&ET
1608,الإعدادية,الأول الإعدادي,ج,2025-2026,2712238782,P1446336019,ar,Noor,Omar,Sulaiman,Noor,نور عمر سليمان,Female,12/09/2019 14:27:30,Riyadh,Street 4,+966,5497120143,Saudi,Muslim,noor.sulaiman456@example.com,Y7otUq1C!h,1823787753,5762997007,True,Omar,Bilal,Sulaiman,Omar,عمر بلال سليمان,Male,12/09/1979 14:27:30,Riyadh,Street 3,+966,5762997007,Saudi,Muslim,Q#AVbAw)l9,omar.sulaiman832@example.com,2142053895,5830985716,False,Lama,Ismail,Fahad,Lama,لمى إسماعيل فهد,Female,12/09/1982 14:27:30,Riyadh,Street 4,+966,5830985716,Saudi,Muslim,lama.fahad608@example.com,P0n)2e8&ET
8548,الإعدادية,الأول الإعدادي,ج,2025-2026,1599364231,P1177209574,ar,Zainab,Ismail,Abdulrahman,Zainab,زينب إسماعيل عبدالرحمن,Female,12/09/2015 14:27:30,Dammam,Street 1,+966,5592260862,Saudi,Muslim,zainab.abdulrahman646@example.com,Tf^2D6xOYU,2451042790,5842678355,False,Ismail,Sultan,Abdulrahman,Ismail,إسماعيل سلطان عبدالرحمن,Male,12/09/1988 14:27:30,Medina,Street 3,+966,5842678355,Saudi,Muslim,j$sRWY1szM,ismail.abdulrahman245@example.com,2996411501,5371657741,True,Assiya,Mahdi,Ismail,Assiya,أسيا مهدي إسماعيل,Female,12/09/1994 14:27:30,Riyadh,Street 2,+966,5371657741,Saudi,Muslim,assiya.ismail994@example.com,L1Z1RfxM$U
5521,الإعدادية,الأول الإعدادي,ج,2025-2026,1361687348,P1758905292,ar,Bilal,Ismail,Abdulrahman,Bilal,بلال إسماعيل عبدالرحمن,Male,12/09/2014 14:27:30,Jeddah,Street 2,+966,5129427681,Saudi,Muslim,bilal.abdulrahman511@example.com,eZ*B050Tsw,2451042790,5842678355,False,Ismail,Sultan,Abdulrahman,Ismail,إسماعيل سلطان عبدالرحمن,Male,12/09/1988 14:27:30,Medina,Street 3,+966,5842678355,Saudi,Muslim,j$sRWY1szM,ismail.abdulrahman245@example.com,2996411501,5371657741,True,Assiya,Mahdi,Ismail,Assiya,أسيا مهدي إسماعيل,Female,12/09/1994 14:27:30,Riyadh,Street 2,+966,5371657741,Saudi,Muslim,assiya.ismail994@example.com,L1Z1RfxM$U
1355,الإعدادية,الأول الإعدادي,ج,2025-2026,1813887865,P2253860915,ar,Maryam,Salman,Hassan,Maryam,مريم سلمان حسن,Female,12/09/2014 14:27:30,Riyadh,Street 5,+966,5430949692,Saudi,Muslim,maryam.hassan650@example.com,56a^HMJyy@,2428137483,5214379909,False,Salman,Hassan,Hassan,Salman,سلمان حسن حسن,Male,12/09/1980 14:27:30,Mecca,Street 4,+966,5214379909,Saudi,Muslim,8D%djpr7e%,salman.hassan799@example.com,2586628648,5827972423,True,Hanan,Yousef,Riyad,Hanan,حنان يوسف رياض,Female,12/09/1994 14:27:30,Medina,Street 4,+966,5827972423,Saudi,Muslim,hanan.riyad636@example.com,B98w4G%lYo
4592,الإعدادية,الأول الإعدادي,ج,2025-2026,1277547585,P1628967516,ar,Fatimah,Salem,Riyad,Fatimah,فاطمة سالم رياض,Female,12/09/2017 14:27:30,Dammam,Street 4,+966,5205376106,Saudi,Christian,fatimah.riyad108@example.com,68)b0gSywS,2486949221,5188945997,True,Salem,Tariq,Riyad,Salem,سالم طارق رياض,Male,12/09/1992 14:27:30,Riyadh,Street 5,+966,5188945997,Saudi,Christian,)Log81%Bg7,salem.riyad733@example.com,1276740826,5559735713,False,Aisha,Khalid,Ismail,Aisha,عائشة خالد إسماعيل,Female,12/09/1987 14:27:30,Riyadh,Street 4,+966,5559735713,Saudi,Christian,aisha.ismail888@example.com,0^VJxiYQ2(
8064,الإعدادية,الأول الإعدادي,ج,2025-2026,2177437272,P1668731008,en,Maha,Yousef,Hamza,Maha,مها يوسف حمزة,Female,12/09/2015 14:27:30,Mecca,Street 5,+966,5147611308,Saudi,Muslim,maha.hamza338@example.com,Y%)xvi(Re5,1871706360,5555052503,True,Yousef,Hussein,Hamza,Yousef,يوسف حسين حمزة,Male,12/09/1979 14:27:30,Riyadh,Street 2,+966,5555052503,Saudi,Muslim,LlOg8bE0!h,yousef.hamza669@example.com,1515058402,5628537438,False,Hanan,Tariq,Tariq,Hanan,حنان طارق طارق,Female,12/09/1987 14:27:30,Mecca,Street 3,+966,5628537438,Saudi,Muslim,hanan.tariq544@example.com,kIiWds(Uy3
6006,الإعدادية,الأول الإعدادي,ج,2025-2026,2851308014,P2865380165,ar,Abdullah,Akram,Salman,Abdullah,عبدالله أكرم سلمان,Male,12/09/2014 14:27:30,Riyadh,Street 1,+966,5968110250,Saudi,Christian,abdullah.salman222@example.com,qWWi78in$#,1629571181,5939233928,False,Akram,Ismail,Salman,Akram,أكرم إسماعيل سلمان,Male,12/09/1985 14:27:30,Mecca,Street 5,+966,5939233928,Saudi,Christian,2IuP8N!24),akram.salman835@example.com,2700074270,5324624348,True,Amal,Omar,Akram,Amal,أمل عمر أكرم,Female,12/09/1997 14:27:30,Riyadh,Street 5,+966,5324624348,Saudi,Christian,amal.akram760@example.com,@w022aXGAL
8846,الإعدادية,الثاني الإعدادي,أ,2025-2026,1924804391,P2882975081,ar,Nadia,Akram,Salman,Nadia,نادية أكرم سلمان,Female,12/09/2014 14:27:30,Mecca,Street 2,+966,5474420743,Saudi,Christian,nadia.salman262@example.com,$d(C03&Lok,1629571181,5939233928,False,Akram,Ismail,Salman,Akram,أكرم إسماعيل سلمان,Male,12/09/1985 14:27:30,Mecca,Street 5,+966,5939233928,Saudi,Christian,2IuP8N!24),akram.salman835@example.com,2700074270,5324624348,True,Amal,Omar,Akram,Amal,أمل عمر أكرم,Female,12/09/1997 14:27:30,Riyadh,Street 5,+966,5324624348,Saudi,Christian,amal.akram760@example.com,@w022aXGAL
2392,الإعدادية,الثاني الإعدادي,أ,2025-2026,1884319194,P1326667163,ar,Ali,Ibrahim,Mahdi,Ali,علي إبراهيم مهدي,Male,12/09/2015 14:27:30,Dammam,Street 4,+966,5520029609,Saudi,Christian,ali.mahdi837@example.com,r$MVouEb8%,1492455614,5945170067,True,Ibrahim,Riyad,Mahdi,Ibrahim,إبراهيم رياض مهدي,Male,12/09/1976 14:27:30,Riyadh,Street 3,+966,5945170067,Saudi,Christian,1sx!5Jr#Lp,ibrahim.mahdi265@example.com,1448287499,5423552245,False,Dana,Bilal,Khalid,Dana,دانا بلال خالد,Female,12/09/1997 14:27:30,Dammam,Street 4,+966,5423552245,Saudi,Christian,dana.khalid239@example.com,hmM8Mcl0P%
7366,الإعدادية,الثاني الإعدادي,أ,2025-2026,1780995862,P2249204027,en,Maryam,Ibrahim,Omar,Maryam,مريم إبراهيم عمر,Female,12/09/2015 14:27:30,Riyadh,Street 4,+966,5654789790,Saudi,Christian,maryam.omar511@example.com,BUyzy3(0&j,2697943769,5249563671,True,Ibrahim,Riyad,Omar,Ibrahim,إبراهيم رياض عمر,Male,12/09/1994 14:27:30,Dammam,Street 5,+966,5249563671,Saudi,Christian,kL6*XRmJ7^,ibrahim.omar611@example.com,2419686398,5963972353,False,Lina,Yousef,Bilal,Lina,لينا يوسف بلال,Female,12/09/1997 14:27:30,Mecca,Street 4,+966,5963972353,Saudi,Christian,lina.bilal417@example.com,7$Zc4IZSbs
7097,الإعدادية,الثاني الإعدادي,أ,2025-2026,1610665521,P2751382849,ar,Turki,Bilal,Mohammed,Turki,تركي بلال محمد,Male,12/09/2015 14:27:30,Jeddah,Street 5,+966,5808207825,Saudi,Christian,turki.mohammed454@example.com,#kx)1#Q2uH,1738224136,5803698138,True,Bilal,Riyad,Mohammed,Bilal,بلال رياض محمد,Male,12/09/1978 14:27:30,Mecca,Street 1,+966,5803698138,Saudi,Christian,X4r%b5P45q,bilal.mohammed340@example.com,2789765608,5730848815,False,Maryam,Sultan,Fahad,Maryam,مريم سلطان فهد,Female,12/09/1995 14:27:30,Mecca,Street 1,+966,5730848815,Saudi,Christian,maryam.fahad757@example.com,J%53Lp#741
8525,الإعدادية,الثاني الإعدادي,أ,2025-2026,2625074925,P1582666243,ar,Assiya,Ibrahim,Khalid,Assiya,أسيا إبراهيم خالد,Female,12/09/2016 14:27:30,Mecca,Street 4,+966,5110227901,Saudi,Muslim,assiya.khalid166@example.com,sZYK0zh@*I,2758576133,5140119046,False,Ibrahim,Omar,Khalid,Ibrahim,إبراهيم عمر خالد,Male,12/09/1976 14:27:30,Medina,Street 2,+966,5140119046,Saudi,Muslim,&%MME0vQhi,ibrahim.khalid360@example.com,2980889536,5341824195,True,Maryam,Tariq,Mahdi,Maryam,مريم طارق مهدي,Female,12/09/1984 14:27:30,Riyadh,Street 4,+966,5341824195,Saudi,Muslim,maryam.mahdi332@example.com,p9S#wS!f9%
3495,الإعدادية,الثاني الإعدادي,أ,2025-2026,2654653731,P1166702824,ar,Zayne,Ibrahim,Khalid,Zayne,زين إبراهيم خالد,Male,12/09/2014 14:27:30,Mecca,Street 4,+966,5225711548,Saudi,Muslim,zayne.khalid686@example.com,Q%$dfb9qpV,2758576133,5140119046,False,Ibrahim,Omar,Khalid,Ibrahim,إبراهيم عمر خالد,Male,12/09/1976 14:27:30,Medina,Street 2,+966,5140119046,Saudi,Muslim,&%MME0vQhi,ibrahim.khalid360@example.com,2980889536,5341824195,True,Maryam,Tariq,Mahdi,Maryam,مريم طارق مهدي,Female,12/09/1984 14:27:30,Riyadh,Street 4,+966,5341824195,Saudi,Muslim,maryam.mahdi332@example.com,p9S#wS!f9%
7097,الإعدادية,الثاني الإعدادي,أ,2025-2026,1349355426,P2956947644,en,Hassan,Fahad,Mohammed,Hassan,حسن فهد محمد,Male,12/09/2019 14:27:30,Medina,Street 3,+966,5753602267,Saudi,Muslim,hassan.mohammed633@example.com,l(TX*6rS6I,1705568210,5575013301,True,Fahad,Bilal,Mohammed,Fahad,فهد بلال محمد,Male,12/09/1981 14:27:30,Dammam,Street 1,+966,5575013301,Saudi,Muslim,QY!JwdAd75,fahad.mohammed579@example.com,2697380494,5752521301,False,Ruqaya,Mohammed,Ismail,Ruqaya,رقية محمد إسماعيل,Female,12/09/1997 14:27:30,Medina,Street 5,+966,5752521301,Saudi,Muslim,ruqaya.ismail447@example.com,UV4FiGQ&Sy
4441,الإعدادية,الثاني الإعدادي,أ,2025-2026,1410925144,P1516007991,en,Sedra,Khalid,Tariq,Sedra,سدرة خالد طارق,Female,12/09/2014 14:27:30,Riyadh,Street 3,+966,5744284388,Saudi,Muslim,sedra.tariq586@example.com,h%^S0wY%g6,1907931494,5419048850,False,Khalid,Ali,Tariq,Khalid,خالد علي طارق,Male,12/09/1994 14:27:30,Jeddah,Street 5,+966,5419048850,Saudi,Muslim,OD3cTnf@1w,khalid.tariq429@example.com,1345396920,5179036503,True,Khadijah,Hussein,Hussein,Khadijah,خديجة حسين حسين,Female,12/09/1994 14:27:30,Jeddah,Street 2,+966,5179036503,Saudi,Muslim,khadijah.hussein751@example.com,E6A5illB^0
7875,الإعدادية,الثاني الإعدادي,أ,2025-2026,1620992949,P1723788469,en,Zahra,Khalid,Tariq,Zahra,زهرة خالد طارق,Female,12/09/2018 14:27:30,Dammam,Street 2,+966,5236347832,Saudi,Muslim,zahra.tariq178@example.com,HMW1UG$*ir,1907931494,5419048850,False,Khalid,Ali,Tariq,Khalid,خالد علي طارق,Male,12/09/1994 14:27:30,Jeddah,Street 5,+966,5419048850,Saudi,Muslim,OD3cTnf@1w,khalid.tariq429@example.com,1345396920,5179036503,True,Khadijah,Hussein,Hussein,Khadijah,خديجة حسين حسين,Female,12/09/1994 14:27:30,Jeddah,Street 2,+966,5179036503,Saudi,Muslim,khadijah.hussein751@example.com,E6A5illB^0
2120,الإعدادية,الثاني الإعدادي,أ,2025-2026,2406250398,P2191725539,ar,Sultan,Riyad,Hassan,Sultan,سلطان رياض حسن,Male,12/09/2015 14:27:30,Mecca,Street 3,+966,5456805695,Saudi,Christian,sultan.hassan563@example.com,@Uk4rsdfZN,2890300483,5542115692,True,Riyad,Sultan,Hassan,Riyad,رياض سلطان حسن,Male,12/09/1995 14:27:30,Dammam,Street 5,+966,5542115692,Saudi,Christian,s1Tn&$(NmF,riyad.hassan628@example.com,1986925125,5189982992,False,Layla,Abdullah,Ahmed,Layla,ليلى عبدالله أحمد,Female,12/09/1993 14:27:30,Mecca,Street 2,+966,5189982992,Saudi,Christian,layla.ahmed821@example.com,lbJ6J2i6!F
8480,الإعدادية,الثاني الإعدادي,أ,2025-2026,2480713333,P2845124721,en,Aisha,Riyad,Hassan,Aisha,عائشة رياض حسن,Female,12/09/2018 14:27:30,Dammam,Street 1,+966,5985581824,Saudi,Christian,aisha.hassan897@example.com,aXa*@N^3bw,2890300483,5542115692,True,Riyad,Sultan,Hassan,Riyad,رياض سلطان حسن,Male,12/09/1995 14:27:30,Dammam,Street 5,+966,5542115692,Saudi,Christian,s1Tn&$(NmF,riyad.hassan628@example.com,1986925125,5189982992,False,Layla,Abdullah,Ahmed,Layla,ليلى عبدالله أحمد,Female,12/09/1993 14:27:30,Mecca,Street 2,+966,5189982992,Saudi,Christian,layla.ahmed821@example.com,lbJ6J2i6!F
6019,الإعدادية,الثاني الإعدادي,أ,2025-2026,2432350077,P1535701812,en,Lubaba,Riyad,Hassan,Lubaba,لبابة رياض حسن,Female,12/09/2016 14:27:30,Dammam,Street 4,+966,5748266292,Saudi,Christian,lubaba.hassan595@example.com,Ke##W07U8F,2890300483,5542115692,True,Riyad,Sultan,Hassan,Riyad,رياض سلطان حسن,Male,12/09/1995 14:27:30,Dammam,Street 5,+966,5542115692,Saudi,Christian,s1Tn&$(NmF,riyad.hassan628@example.com,1986925125,5189982992,False,Layla,Abdullah,Ahmed,Layla,ليلى عبدالله أحمد,Female,12/09/1993 14:27:30,Mecca,Street 2,+966,5189982992,Saudi,Christian,layla.ahmed821@example.com,lbJ6J2i6!F
4521,الإعدادية,الثاني الإعدادي,أ,2025-2026,2807672033,P1856971273,en,Maha,Akram,Akram,Maha,مها أكرم أكرم,Female,12/09/2018 14:27:30,Jeddah,Street 4,+966,5556930075,Saudi,Christian,maha.akram591@example.com,K5k%I%q(@K,2892417089,5733324508,True,Akram,Ibrahim,Akram,Akram,أكرم إبراهيم أكرم,Male,12/09/1994 14:27:30,Jeddah,Street 1,+966,5733324508,Saudi,Christian,onM#R2Ifmx,akram.akram508@example.com,2733976733,5966470468,False,Sedra,Abdulaziz,Tariq,Sedra,سدرة عبدالعزيز طارق,Female,12/09/1995 14:27:30,Dammam,Street 3,+966,5966470468,Saudi,Christian,sedra.tariq792@example.com,YqYY@3%AXo
8587,الإعدادية,الثاني الإعدادي,أ,2025-2026,2632369554,P2825960778,en,Ismail,Akram,Akram,Ismail,إسماعيل أكرم أكرم,Male,12/09/2016 14:27:30,Dammam,Street 5,+966,5987974097,Saudi,Christian,ismail.akram972@example.com,Vhb3#nrFm),2892417089,5733324508,True,Akram,Ibrahim,Akram,Akram,أكرم إبراهيم أكرم,Male,12/09/1994 14:27:30,Jeddah,Street 1,+966,5733324508,Saudi,Christian,onM#R2Ifmx,akram.akram508@example.com,2733976733,5966470468,False,Sedra,Abdulaziz,Tariq,Sedra,سدرة عبدالعزيز طارق,Female,12/09/1995 14:27:30,Dammam,Street 3,+966,5966470468,Saudi,Christian,sedra.tariq792@example.com,YqYY@3%AXo
1857,الإعدادية,الثاني الإعدادي,أ,2025-2026,2827642028,P2258608587,en,Mahdi,Idris,Tariq,Mahdi,مهدي إدريس طارق,Male,12/09/2015 14:27:30,Riyadh,Street 5,+966,5751817463,Saudi,Christian,mahdi.tariq728@example.com,@gMq3emyNb,1274542013,5183956119,True,Idris,Nasser,Tariq,Idris,إدريس ناصر طارق,Male,12/09/1989 14:27:30,Medina,Street 4,+966,5183956119,Saudi,Christian,2@ONQvhJ3y,idris.tariq464@example.com,1544176384,5877009284,False,Fatimah,Salman,Sulaiman,Fatimah,فاطمة سلمان سليمان,Female,12/09/1982 14:27:30,Riyadh,Street 1,+966,5877009284,Saudi,Christian,fatimah.sulaiman193@example.com,izw$oIiKT5
2114,الإعدادية,الثاني الإعدادي,أ,2025-2026,2277286518,P2269629654,ar,Reem,Fahad,Bilal,Reem,ريم فهد بلال,Female,12/09/2014 14:27:30,Mecca,Street 1,+966,5865695536,Saudi,Muslim,reem.bilal103@example.com,DFzsl$3dF4,2955213663,5680954900,True,Fahad,Hussein,Bilal,Fahad,فهد حسين بلال,Male,12/09/1994 14:27:30,Riyadh,Street 2,+966,5680954900,Saudi,Muslim,Baj2UHY%zX,fahad.bilal766@example.com,1700190995,5970914054,False,Nora,Ibrahim,Yousef,Nora,نورا إبراهيم يوسف,Female,12/09/1992 14:27:30,Medina,Street 1,+966,5970914054,Saudi,Muslim,nora.yousef706@example.com,p(oV5&w*0p
4637,الإعدادية,الثاني الإعدادي,أ,2025-2026,1263510484,P2143189146,en,Ruqaya,Hassan,Mahdi,Ruqaya,رقية حسن مهدي,Female,12/09/2015 14:27:30,Jeddah,Street 3,+966,5413071909,Saudi,Muslim,ruqaya.mahdi239@example.com,B2@rE&s$rR,2901301987,5169896154,False,Hassan,Abdulaziz,Mahdi,Hassan,حسن عبدالعزيز مهدي,Male,12/09/1977 14:27:30,Riyadh,Street 1,+966,5169896154,Saudi,Muslim,89cLfCOo@r,hassan.mahdi793@example.com,1903644572,5345450034,True,Sedra,Ismail,Idris,Sedra,سدرة إسماعيل إدريس,Female,12/09/1988 14:27:30,Riyadh,Street 5,+966,5345450034,Saudi,Muslim,sedra.idris835@example.com,)Kr$miEV5f
1358,الإعدادية,الثاني الإعدادي,أ,2025-2026,2287240443,P1123335452,ar,Nadia,Idris,Abdulaziz,Nadia,نادية إدريس عبدالعزيز,Female,12/09/2019 14:27:30,Jeddah,Street 5,+966,5225387931,Saudi,Muslim,nadia.abdulaziz867@example.com,j8#$7S)EPq,1139936326,5309686618,True,Idris,Salem,Abdulaziz,Idris,إدريس سالم عبدالعزيز,Male,12/09/1992 14:27:30,Dammam,Street 4,+966,5309686618,Saudi,Muslim,OJ(!z81RyO,idris.abdulaziz247@example.com,1888906550,5267051397,False,Hanan,Salem,Salem,Hanan,حنان سالم سالم,Female,12/09/1988 14:27:30,Dammam,Street 2,+966,5267051397,Saudi,Muslim,hanan.salem445@example.com,aDN0we#65I
3112,الإعدادية,الثاني الإعدادي,أ,2025-2026,1567514196,P1940389641,ar,Nora,Akram,Nasser,Nora,نورا أكرم ناصر,Female,12/09/2019 14:27:30,Riyadh,Street 5,+966,5170147001,Saudi,Christian,nora.nasser427@example.com,)b^kT8Obl8,2119371268,5843359206,False,Akram,Yousef,Nasser,Akram,أكرم يوسف ناصر,Male,12/09/1980 14:27:30,Jeddah,Street 4,+966,5843359206,Saudi,Christian,0c!9Cl46xP,akram.nasser866@example.com,2589834367,5596444603,True,Dana,Hassan,Abdullah,Dana,دانا حسن عبدالله,Female,12/09/1985 14:27:30,Jeddah,Street 3,+966,5596444603,Saudi,Christian,dana.abdullah469@example.com,dExGr%Lh8V
7309,الإعدادية,الثاني الإعدادي,أ,2025-2026,2979718474,P1353290156,ar,Mohammed,Akram,Nasser,Mohammed,محمد أكرم ناصر,Male,12/09/2015 14:27:30,Medina,Street 3,+966,5898827902,Saudi,Christian,mohammed.nasser170@example.com,YTe5hxmi7#,2119371268,5843359206,False,Akram,Yousef,Nasser,Akram,أكرم يوسف ناصر,Male,12/09/1980 14:27:30,Jeddah,Street 4,+966,5843359206,Saudi,Christian,0c!9Cl46xP,akram.nasser866@example.com,2589834367,5596444603,True,Dana,Hassan,Abdullah,Dana,دانا حسن عبدالله,Female,12/09/1985 14:27:30,Jeddah,Street 3,+966,5596444603,Saudi,Christian,dana.abdullah469@example.com,dExGr%Lh8V
5308,الإعدادية,الثاني الإعدادي,أ,2025-2026,2482322469,P1798688329,ar,Sultan,Ahmed,Abdulaziz,Sultan,سلطان أحمد عبدالعزيز,Male,12/09/2017 14:27:30,Jeddah,Street 3,+966,5113564565,Saudi,Christian,sultan.abdulaziz276@example.com,ahB1a%hU6m,1235580496,5879799509,False,Ahmed,Abdulrahman,Abdulaziz,Ahmed,أحمد عبدالرحمن عبدالعزيز,Male,12/09/1990 14:27:30,Riyadh,Street 2,+966,5879799509,Saudi,Christian,Li(a2*XvJX,ahmed.abdulaziz430@example.com,2467892112,5567177192,True,Atika,Zaid,Akram,Atika,عاتكة زيد أكرم,Female,12/09/1982 14:27:30,Jeddah,Street 2,+966,5567177192,Saudi,Christian,atika.akram638@example.com,nO#0IzbL*M
4861,الإعدادية,الثاني الإعدادي,أ,2025-2026,1332695045,P1407922597,en,Hamza,Ahmed,Abdulaziz,Hamza,حمزة أحمد عبدالعزيز,Male,12/09/2019 14:27:30,Mecca,Street 4,+966,5451113062,Saudi,Christian,hamza.abdulaziz567@example.com,!3SkBau6#U,1235580496,5879799509,False,Ahmed,Abdulrahman,Abdulaziz,Ahmed,أحمد عبدالرحمن عبدالعزيز,Male,12/09/1990 14:27:30,Riyadh,Street 2,+966,5879799509,Saudi,Christian,Li(a2*XvJX,ahmed.abdulaziz430@example.com,2467892112,5567177192,True,Atika,Zaid,Akram,Atika,عاتكة زيد أكرم,Female,12/09/1982 14:27:30,Jeddah,Street 2,+966,5567177192,Saudi,Christian,atika.akram638@example.com,nO#0IzbL*M
5436,الإعدادية,الثاني الإعدادي,أ,2025-2026,1717915022,P1789026196,ar,Layla,Fahad,Salem,Layla,ليلى فهد سالم,Female,12/09/2017 14:27:30,Mecca,Street 1,+966,5635165654,Saudi,Muslim,layla.salem586@example.com,q(taPy6&HZ,1820391148,5857055869,False,Fahad,Mahdi,Salem,Fahad,فهد مهدي سالم,Male,12/09/1978 14:27:30,Mecca,Street 2,+966,5857055869,Saudi,Muslim,2#XQYn%ldT,fahad.salem611@example.com,1977292585,5123773678,True,Lama,Nasser,Salem,Lama,لمى ناصر سالم,Female,12/09/1984 14:27:30,Mecca,Street 1,+966,5123773678,Saudi,Muslim,lama.salem415@example.com,NTu2Z@6vU9
2307,الإعدادية,الثاني الإعدادي,أ,2025-2026,1288394632,P2432755385,ar,Atika,Abdulaziz,Zayne,Atika,عاتكة عبدالعزيز زين,Female,12/09/2016 14:27:30,Mecca,Street 4,+966,5180123728,Saudi,Christian,atika.zayne614@example.com,^YeO2g*k^m,1997447721,5937300489,True,Abdulaziz,Tariq,Zayne,Abdulaziz,عبدالعزيز طارق زين,Male,12/09/1978 14:27:30,Dammam,Street 5,+966,5937300489,Saudi,Christian,gPpJCvm9(*,abdulaziz.zayne168@example.com,1622837162,5434923046,False,Salma,Idris,Ibrahim,Salma,سلمى إدريس إبراهيم,Female,12/09/1988 14:27:30,Medina,Street 1,+966,5434923046,Saudi,Christian,salma.ibrahim297@example.com,a1RQzGzG^1
4420,الإعدادية,الثاني الإعدادي,أ,2025-2026,2889227374,P1222581111,en,Fatimah,Fahad,Khalid,Fatimah,فاطمة فهد خالد,Female,12/09/2019 14:27:30,Medina,Street 4,+966,5681141370,Saudi,Christian,fatimah.khalid704@example.com,8E%g)ar3d^,2117910108,5438608729,True,Fahad,Hussein,Khalid,Fahad,فهد حسين خالد,Male,12/09/1994 14:27:30,Riyadh,Street 5,+966,5438608729,Saudi,Christian,lz^I4W4Fsv,fahad.khalid689@example.com,1335734406,5384613242,False,Nadia,Abdullah,Nasser,Nadia,نادية عبدالله ناصر,Female,12/09/1995 14:27:30,Jeddah,Street 4,+966,5384613242,Saudi,Christian,nadia.nasser421@example.com,QAuRq(Z03t
8488,الإعدادية,الثاني الإعدادي,ب,2025-2026,2608082158,P2706601217,ar,Tariq,Zayne,Turki,Tariq,طارق زين تركي,Male,12/09/2018 14:27:30,Riyadh,Street 3,+966,5167005548,Saudi,Christian,tariq.turki281@example.com,sfOXP0@FBl,2373836475,5721004899,False,Zayne,Abdullah,Turki,Zayne,زين عبدالله تركي,Male,12/09/1980 14:27:30,Medina,Street 5,+966,5721004899,Saudi,Christian,o0BN1Zt@YC,zayne.turki865@example.com,1874688358,5608483560,True,Sedra,Sulaiman,Khalid,Sedra,سدرة سليمان خالد,Female,12/09/1986 14:27:30,Medina,Street 5,+966,5608483560,Saudi,Christian,sedra.khalid653@example.com,c%r&SKJJs1
3105,الإعدادية,الثاني الإعدادي,ب,2025-2026,1279749978,P1723018829,ar,Assiya,Zaid,Abdulrahman,Assiya,أسيا زيد عبدالرحمن,Female,12/09/2017 14:27:30,Riyadh,Street 5,+966,5125878723,Saudi,Muslim,assiya.abdulrahman754@example.com,Q(L)(u6^$@,1655816400,5733977012,True,Zaid,Yousef,Abdulrahman,Zaid,زيد يوسف عبدالرحمن,Male,12/09/1987 14:27:30,Medina,Street 2,+966,5733977012,Saudi,Muslim,ks52R05j#b,zaid.abdulrahman631@example.com,2375606919,5565136227,False,Sara,Ismail,Mahdi,Sara,سارة إسماعيل مهدي,Female,12/09/1996 14:27:30,Mecca,Street 1,+966,5565136227,Saudi,Muslim,sara.mahdi264@example.com,AC)pc2^J8i
8102,الإعدادية,الثاني الإعدادي,ب,2025-2026,1560334637,P2820395328,ar,Nadia,Zayne,Saud,Nadia,نادية زين سعود,Female,12/09/2015 14:27:30,Riyadh,Street 4,+966,5133850241,Saudi,Christian,nadia.saud233@example.com,&QYp!KtV86,1489992397,5800845405,False,Zayne,Sultan,Saud,Zayne,زين سلطان سعود,Male,12/09/1992 14:27:30,Medina,Street 1,+966,5800845405,Saudi,Christian,4&4fFui4)U,zayne.saud825@example.com,1120898514,5798511937,True,Lama,Hussein,Hassan,Lama,لمى حسين حسن,Female,12/09/1996 14:27:30,Dammam,Street 1,+966,5798511937,Saudi,Christian,lama.hassan639@example.com,@U^(%0l&cI
7435,الإعدادية,الثاني الإعدادي,ب,2025-2026,1302696650,P1539165838,ar,Ibrahim,Tariq,Salem,Ibrahim,إبراهيم طارق سالم,Male,12/09/2014 14:27:30,Dammam,Street 5,+966,5408316039,Saudi,Muslim,ibrahim.salem619@example.com,mI$!2OqdmP,1337488361,5315218137,True,Tariq,Omar,Salem,Tariq,طارق عمر سالم,Male,12/09/1986 14:27:30,Mecca,Street 1,+966,5315218137,Saudi,Muslim,Xmmi)c&z5A,tariq.salem739@example.com,1842120227,5519188265,False,Khadijah,Nasser,Turki,Khadijah,خديجة ناصر تركي,Female,12/09/1984 14:27:30,Riyadh,Street 3,+966,5519188265,Saudi,Muslim,khadijah.turki827@example.com,yRW7Y!ArJV
4746,الإعدادية,الثاني الإعدادي,ب,2025-2026,1330488250,P1492051043,en,Lubaba,Tariq,Salem,Lubaba,لبابة طارق سالم,Female,12/09/2015 14:27:30,Jeddah,Street 5,+966,5279604723,Saudi,Muslim,lubaba.salem876@example.com,XrZDI75%#S,1337488361,5315218137,True,Tariq,Omar,Salem,Tariq,طارق عمر سالم,Male,12/09/1986 14:27:30,Mecca,Street 1,+966,5315218137,Saudi,Muslim,Xmmi)c&z5A,tariq.salem739@example.com,1842120227,5519188265,False,Khadijah,Nasser,Turki,Khadijah,خديجة ناصر تركي,Female,12/09/1984 14:27:30,Riyadh,Street 3,+966,5519188265,Saudi,Muslim,khadijah.turki827@example.com,yRW7Y!ArJV
6504,الإعدادية,الثاني الإعدادي,ب,2025-2026,1437434315,P1298191602,en,Nora,Omar,Tariq,Nora,نورا عمر طارق,Female,12/09/2015 14:27:30,Medina,Street 4,+966,5395222106,Saudi,Christian,nora.tariq110@example.com,B3IrBx%C0^,1526479174,5455277764,True,Omar,Sultan,Tariq,Omar,عمر سلطان طارق,Male,12/09/1983 14:27:30,Medina,Street 4,+966,5455277764,Saudi,Christian,Go#lPJ3xIT,omar.tariq908@example.com,2961953885,5279142841,False,Sara,Sultan,Hamza,Sara,سارة سلطان حمزة,Female,12/09/1994 14:27:30,Dammam,Street 1,+966,5279142841,Saudi,Christian,sara.hamza804@example.com,)rZc7eHepP
2318,الإعدادية,الثاني الإعدادي,ب,2025-2026,1199403191,P1376569437,en,Mohammed,Omar,Tariq,Mohammed,محمد عمر طارق,Male,12/09/2015 14:27:30,Riyadh,Street 5,+966,5713444146,Saudi,Christian,mohammed.tariq836@example.com,h9ML^5Fw5X,1526479174,5455277764,True,Omar,Sultan,Tariq,Omar,عمر سلطان طارق,Male,12/09/1983 14:27:30,Medina,Street 4,+966,5455277764,Saudi,Christian,Go#lPJ3xIT,omar.tariq908@example.com,2961953885,5279142841,False,Sara,Sultan,Hamza,Sara,سارة سلطان حمزة,Female,12/09/1994 14:27:30,Dammam,Street 1,+966,5279142841,Saudi,Christian,sara.hamza804@example.com,)rZc7eHepP
3575,الإعدادية,الثاني الإعدادي,ب,2025-2026,1177851112,P2303675729,ar,Lama,Salem,Fahad,Lama,لمى سالم فهد,Female,12/09/2016 14:27:30,Mecca,Street 3,+966,5584119667,Saudi,Christian,lama.fahad572@example.com,xL$D@0udEV,1846610646,5258592863,True,Salem,Hussein,Fahad,Salem,سالم حسين فهد,Male,12/09/1995 14:27:30,Riyadh,Street 3,+966,5258592863,Saudi,Christian,908bQ#Id)w,salem.fahad732@example.com,1278798450,5292069579,False,Safiyyah,Omar,Zaid,Safiyyah,صفية عمر زيد,Female,12/09/1997 14:27:30,Dammam,Street 5,+966,5292069579,Saudi,Christian,safiyyah.zaid541@example.com,@aon&5Ae2o
9533,الإعدادية,الثاني الإعدادي,ب,2025-2026,2195386769,P1970959347,en,Mohammed,Salem,Fahad,Mohammed,محمد سالم فهد,Male,12/09/2018 14:27:30,Jeddah,Street 4,+966,5311209269,Saudi,Christian,mohammed.fahad103@example.com,v(TDQR1gOS,1846610646,5258592863,True,Salem,Hussein,Fahad,Salem,سالم حسين فهد,Male,12/09/1995 14:27:30,Riyadh,Street 3,+966,5258592863,Saudi,Christian,908bQ#Id)w,salem.fahad732@example.com,1278798450,5292069579,False,Safiyyah,Omar,Zaid,Safiyyah,صفية عمر زيد,Female,12/09/1997 14:27:30,Dammam,Street 5,+966,5292069579,Saudi,Christian,safiyyah.zaid541@example.com,@aon&5Ae2o
1359,الإعدادية,الثاني الإعدادي,ب,2025-2026,2914407179,P1330057806,ar,Turki,Zayne,Mahdi,Turki,تركي زين مهدي,Male,12/09/2019 14:27:30,Medina,Street 5,+966,5847421301,Saudi,Christian,turki.mahdi592@example.com,Ec7c)Acm@i,1825769504,5103483830,False,Zayne,Zayne,Mahdi,Zayne,زين زين مهدي,Male,12/09/1986 14:27:30,Mecca,Street 5,+966,5103483830,Saudi,Christian,G39tn1!YCR,zayne.mahdi776@example.com,2257145480,5726334642,True,Reem,Bilal,Salman,Reem,ريم بلال سلمان,Female,12/09/1986 14:27:30,Mecca,Street 1,+966,5726334642,Saudi,Christian,reem.salman461@example.com,naa(M@K#s4
5520,الإعدادية,الثاني الإعدادي,ب,2025-2026,1134648598,P1142106446,en,Sulaiman,Ahmed,Yousef,Sulaiman,سليمان أحمد يوسف,Male,12/09/2015 14:27:30,Medina,Street 3,+966,5634744467,Saudi,Christian,sulaiman.yousef762@example.com,t13WDA)()O,2789794355,5164256177,False,Ahmed,Omar,Yousef,Ahmed,أحمد عمر يوسف,Male,12/09/1985 14:27:30,Jeddah,Street 2,+966,5164256177,Saudi,Christian,NWG*b64g@T,ahmed.yousef139@example.com,1513512705,5667416226,True,Zainab,Nasser,Zayne,Zainab,زينب ناصر زين,Female,12/09/1995 14:27:30,Mecca,Street 3,+966,5667416226,Saudi,Christian,zainab.zayne850@example.com,kHUZ38wWx%
5881,الإعدادية,الثاني الإعدادي,ب,2025-2026,1404877336,P1816410626,ar,Lina,Ali,Sultan,Lina,لينا علي سلطان,Female,12/09/2019 14:27:30,Medina,Street 4,+966,5172800688,Saudi,Muslim,lina.sultan441@example.com,iE*&g$F#4^,1121564616,5663340390,True,Ali,Ahmed,Sultan,Ali,علي أحمد سلطان,Male,12/09/1982 14:27:30,Riyadh,Street 3,+966,5663340390,Saudi,Muslim,i&4OXdR(DX,ali.sultan458@example.com,1271340506,5223047400,False,Hanan,Mahdi,Akram,Hanan,حنان مهدي أكرم,Female,12/09/1992 14:27:30,Medina,Street 1,+966,5223047400,Saudi,Muslim,hanan.akram903@example.com,qQe88K5h%I
9565,الإعدادية,الثاني الإعدادي,ب,2025-2026,2324087520,P1289978771,ar,Sultan,Turki,Yousef,Sultan,سلطان تركي يوسف,Male,12/09/2015 14:27:30,Jeddah,Street 5,+966,5409491242,Saudi,Christian,sultan.yousef481@example.com,aEb)NGB)P6,2778325022,5969056483,True,Turki,Mohammed,Yousef,Turki,تركي محمد يوسف,Male,12/09/1985 14:27:30,Mecca,Street 5,+966,5969056483,Saudi,Christian,#Q6^u3ynBY,turki.yousef445@example.com,1468971006,5160439713,False,Aisha,Tariq,Sulaiman,Aisha,عائشة طارق سليمان,Female,12/09/1981 14:27:30,Dammam,Street 1,+966,5160439713,Saudi,Christian,aisha.sulaiman473@example.com,rVo5)(OVYM
3938,الإعدادية,الثاني الإعدادي,ب,2025-2026,1184373067,P2436343863,en,Hassan,Hussein,Nasser,Hassan,حسن حسين ناصر,Male,12/09/2015 14:27:30,Dammam,Street 4,+966,5502912299,Saudi,Muslim,hassan.nasser383@example.com,gE5*NXOq%5,1818307097,5975758480,False,Hussein,Hassan,Nasser,Hussein,حسين حسن ناصر,Male,12/09/1985 14:27:30,Medina,Street 2,+966,5975758480,Saudi,Muslim,$Whflv(1*F,hussein.nasser338@example.com,2777996540,5200451089,True,Noor,Salem,Mahdi,Noor,نور سالم مهدي,Female,12/09/1987 14:27:30,Mecca,Street 2,+966,5200451089,Saudi,Muslim,noor.mahdi269@example.com,llMGV^tTL5
9272,الإعدادية,الثاني الإعدادي,ب,2025-2026,2553465215,P2947184150,en,Atika,Hussein,Nasser,Atika,عاتكة حسين ناصر,Female,12/09/2018 14:27:30,Riyadh,Street 1,+966,5165712596,Saudi,Muslim,atika.nasser599@example.com,wI5mwg!OSm,1818307097,5975758480,False,Hussein,Hassan,Nasser,Hussein,حسين حسن ناصر,Male,12/09/1985 14:27:30,Medina,Street 2,+966,5975758480,Saudi,Muslim,$Whflv(1*F,hussein.nasser338@example.com,2777996540,5200451089,True,Noor,Salem,Mahdi,Noor,نور سالم مهدي,Female,12/09/1987 14:27:30,Mecca,Street 2,+966,5200451089,Saudi,Muslim,noor.mahdi269@example.com,llMGV^tTL5
3290,الإعدادية,الثاني الإعدادي,ب,2025-2026,1917411697,P1682433587,ar,Fatimah,Sultan,Sultan,Fatimah,فاطمة سلطان سلطان,Female,12/09/2014 14:27:30,Riyadh,Street 4,+966,5969106990,Saudi,Christian,fatimah.sultan429@example.com,mUajT@34I!,1417912774,5227239772,False,Sultan,Salem,Sultan,Sultan,سلطان سالم سلطان,Male,12/09/1982 14:27:30,Mecca,Street 4,+966,5227239772,Saudi,Christian,#d^)0A9H^g,sultan.sultan131@example.com,1457805797,5466283211,True,Zahra,Nasser,Sulaiman,Zahra,زهرة ناصر سليمان,Female,12/09/1987 14:27:30,Riyadh,Street 1,+966,5466283211,Saudi,Christian,zahra.sulaiman543@example.com,1n^Yqq^dO2
9735,الإعدادية,الثاني الإعدادي,ب,2025-2026,1962275812,P1789391533,en,Hassan,Sultan,Sultan,Hassan,حسن سلطان سلطان,Male,12/09/2016 14:27:30,Dammam,Street 2,+966,5302903232,Saudi,Christian,hassan.sultan691@example.com,q8c)^VK9x@,1417912774,5227239772,False,Sultan,Salem,Sultan,Sultan,سلطان سالم سلطان,Male,12/09/1982 14:27:30,Mecca,Street 4,+966,5227239772,Saudi,Christian,#d^)0A9H^g,sultan.sultan131@example.com,1457805797,5466283211,True,Zahra,Nasser,Sulaiman,Zahra,زهرة ناصر سليمان,Female,12/09/1987 14:27:30,Riyadh,Street 1,+966,5466283211,Saudi,Christian,zahra.sulaiman543@example.com,1n^Yqq^dO2
6720,الإعدادية,الثاني الإعدادي,ب,2025-2026,1288424111,P2602585350,ar,Safiyyah,Ahmed,Mahdi,Safiyyah,صفية أحمد مهدي,Female,12/09/2015 14:27:30,Mecca,Street 5,+966,5982595686,Saudi,Muslim,safiyyah.mahdi357@example.com,t%uJL&J2uS,1285277765,5488485913,False,Ahmed,Hussein,Mahdi,Ahmed,أحمد حسين مهدي,Male,12/09/1984 14:27:30,Jeddah,Street 3,+966,5488485913,Saudi,Muslim,4pzNY%^Ub4,ahmed.mahdi582@example.com,2959414761,5527098379,True,Lina,Zaid,Saud,Lina,لينا زيد سعود,Female,12/09/1993 14:27:30,Riyadh,Street 3,+966,5527098379,Saudi,Muslim,lina.saud685@example.com,3sBeZId6#)
9993,الإعدادية,الثاني الإعدادي,ب,2025-2026,1104692175,P1327749438,en,Ruqaya,Ahmed,Mahdi,Ruqaya,رقية أحمد مهدي,Female,12/09/2018 14:27:30,Medina,Street 2,+966,5521828268,Saudi,Muslim,ruqaya.mahdi916@example.com,)58oQqgg65,1285277765,5488485913,False,Ahmed,Hussein,Mahdi,Ahmed,أحمد حسين مهدي,Male,12/09/1984 14:27:30,Jeddah,Street 3,+966,5488485913,Saudi,Muslim,4pzNY%^Ub4,ahmed.mahdi582@example.com,2959414761,5527098379,True,Lina,Zaid,Saud,Lina,لينا زيد سعود,Female,12/09/1993 14:27:30,Riyadh,Street 3,+966,5527098379,Saudi,Muslim,lina.saud685@example.com,3sBeZId6#)
9035,الإعدادية,الثاني الإعدادي,ب,2025-2026,1850195914,P2128101798,ar,Maha,Ismail,Salman,Maha,مها إسماعيل سلمان,Female,12/09/2017 14:27:30,Mecca,Street 2,+966,5970460014,Saudi,Christian,maha.salman840@example.com,ur1deQrDK@,2325702075,5447566051,False,Ismail,Hussein,Salman,Ismail,إسماعيل حسين سلمان,Male,12/09/1991 14:27:30,Mecca,Street 2,+966,5447566051,Saudi,Christian,82iSOML^#7,ismail.salman110@example.com,1843674359,5759112970,True,Khadijah,Abdulaziz,Salman,Khadijah,خديجة عبدالعزيز سلمان,Female,12/09/1990 14:27:30,Riyadh,Street 5,+966,5759112970,Saudi,Christian,khadijah.salman807@example.com,rO&rYc)9za
6708,الإعدادية,الثاني الإعدادي,ب,2025-2026,2342880562,P1290833548,en,Sedra,Zaid,Sultan,Sedra,سدرة زيد سلطان,Female,12/09/2017 14:27:30,Riyadh,Street 5,+966,5291890299,Saudi,Muslim,sedra.sultan220@example.com,khJX$pt2OJ,2293071059,5641485911,False,Zaid,Sultan,Sultan,Zaid,زيد سلطان سلطان,Male,12/09/1986 14:27:30,Dammam,Street 5,+966,5641485911,Saudi,Muslim,XQ1Mg(hor6,zaid.sultan654@example.com,1623935626,5502727221,True,Maha,Sulaiman,Idris,Maha,مها سليمان إدريس,Female,12/09/1990 14:27:30,Medina,Street 3,+966,5502727221,Saudi,Muslim,maha.idris716@example.com,shNLG5@6Q@
3420,الإعدادية,الثاني الإعدادي,ب,2025-2026,1853414986,P2400194614,ar,Saud,Ismail,Omar,Saud,سعود إسماعيل عمر,Male,12/09/2018 14:27:30,Dammam,Street 2,+966,5886158165,Saudi,Christian,saud.omar230@example.com,XdLm67k^TG,1549869981,5631735136,True,Ismail,Ahmed,Omar,Ismail,إسماعيل أحمد عمر,Male,12/09/1994 14:27:30,Riyadh,Street 2,+966,5631735136,Saudi,Christian,Be%36t*S%Q,ismail.omar496@example.com,1265337176,5218685006,False,Assiya,Sulaiman,Zaid,Assiya,أسيا سليمان زيد,Female,12/09/1982 14:27:30,Jeddah,Street 1,+966,5218685006,Saudi,Christian,assiya.zaid687@example.com,a(q#2PS7Zi
5889,الإعدادية,الثاني الإعدادي,ب,2025-2026,2861198742,P2394301702,en,Reem,Zayne,Hassan,Reem,ريم زين حسن,Female,12/09/2019 14:27:30,Riyadh,Street 2,+966,5678981751,Saudi,Muslim,reem.hassan577@example.com,lY&ALb2&0m,2220621021,5662211921,False,Zayne,Tariq,Hassan,Zayne,زين طارق حسن,Male,12/09/1984 14:27:30,Riyadh,Street 1,+966,5662211921,Saudi,Muslim,22O#wjNFvC,zayne.hassan241@example.com,2547436293,5756600492,True,Noor,Turki,Idris,Noor,نور تركي إدريس,Female,12/09/1987 14:27:30,Jeddah,Street 1,+966,5756600492,Saudi,Muslim,noor.idris519@example.com,Ok9q*^irVc
7602,الإعدادية,الثاني الإعدادي,ب,2025-2026,1394263940,P2283556266,en,Reem,Zayne,Hassan,Reem,ريم زين حسن,Female,12/09/2019 14:27:30,Dammam,Street 1,+966,5310470630,Saudi,Muslim,reem.hassan395@example.com,k!V1#S8*&*,2220621021,5662211921,False,Zayne,Tariq,Hassan,Zayne,زين طارق حسن,Male,12/09/1984 14:27:30,Riyadh,Street 1,+966,5662211921,Saudi,Muslim,22O#wjNFvC,zayne.hassan241@example.com,2547436293,5756600492,True,Noor,Turki,Idris,Noor,نور تركي إدريس,Female,12/09/1987 14:27:30,Jeddah,Street 1,+966,5756600492,Saudi,Muslim,noor.idris519@example.com,Ok9q*^irVc
5028,الإعدادية,الثاني الإعدادي,ب,2025-2026,1116862559,P1921923687,en,Hussein,Ahmed,Zaid,Hussein,حسين أحمد زيد,Male,12/09/2016 14:27:30,Jeddah,Street 1,+966,5262724757,Saudi,Christian,hussein.zaid219@example.com,HtYM7Su9&W,1951486630,5909222597,True,Ahmed,Zaid,Zaid,Ahmed,أحمد زيد زيد,Male,12/09/1994 14:27:30,Medina,Street 3,+966,5909222597,Saudi,Christian,rLODegj%o0,ahmed.zaid119@example.com,2449435854,5244396538,False,Tamadur,Khalid,Abdullah,Tamadur,تماضر خالد عبدالله,Female,12/09/1985 14:27:30,Medina,Street 1,+966,5244396538,Saudi,Christian,tamadur.abdullah557@example.com,xoU5U9%&wP
9848,الإعدادية,الثاني الإعدادي,ب,2025-2026,2953811012,P2570675773,ar,Nadia,Zayne,Tariq,Nadia,نادية زين طارق,Female,12/09/2019 14:27:30,Riyadh,Street 3,+966,5816186675,Saudi,Christian,nadia.tariq383@example.com,0)$!HTadXZ,2133503237,5389794610,True,Zayne,Nasser,Tariq,Zayne,زين ناصر طارق,Male,12/09/1995 14:27:30,Dammam,Street 5,+966,5389794610,Saudi,Christian,Q9TWTtE4*c,zayne.tariq720@example.com,1517262363,5666698799,False,Ruqaya,Ibrahim,Abdullah,Ruqaya,رقية إبراهيم عبدالله,Female,12/09/1984 14:27:30,Riyadh,Street 4,+966,5666698799,Saudi,Christian,ruqaya.abdullah215@example.com,vOCM%71oxF
3535,الإعدادية,الثاني الإعدادي,ب,2025-2026,1827904993,P1563342167,ar,Hanan,Sulaiman,Salman,Hanan,حنان سليمان سلمان,Female,12/09/2016 14:27:30,Jeddah,Street 5,+966,5669944257,Saudi,Christian,hanan.salman973@example.com,Db)w0$mGNF,2956357715,5531219369,False,Sulaiman,Fahad,Salman,Sulaiman,سليمان فهد سلمان,Male,12/09/1993 14:27:30,Medina,Street 5,+966,5531219369,Saudi,Christian,THj1$H8P7c,sulaiman.salman249@example.com,1418479597,5974543421,True,Layla,Turki,Yousef,Layla,ليلى تركي يوسف,Female,12/09/1991 14:27:30,Riyadh,Street 4,+966,5974543421,Saudi,Christian,layla.yousef916@example.com,u($PS2W1rx
9759,الإعدادية,الثاني الإعدادي,ب,2025-2026,1401775374,P2850033232,ar,Riyad,Yousef,Ahmed,Riyad,رياض يوسف أحمد,Male,12/09/2016 14:27:30,Jeddah,Street 5,+966,5800029499,Saudi,Christian,riyad.ahmed388@example.com,6!6)jxGUq#,2717183918,5500208107,True,Yousef,Zaid,Ahmed,Yousef,يوسف زيد أحمد,Male,12/09/1995 14:27:30,Mecca,Street 2,+966,5500208107,Saudi,Christian,2$0Ve$Ny&T,yousef.ahmed966@example.com,2817783554,5639715493,False,Assiya,Ibrahim,Bilal,Assiya,أسيا إبراهيم بلال,Female,12/09/1984 14:27:30,Dammam,Street 3,+966,5639715493,Saudi,Christian,assiya.bilal477@example.com,J%x(c@A7!1
8701,الإعدادية,الثاني الإعدادي,ب,2025-2026,2559020718,P1542803170,en,Riyad,Turki,Abdulaziz,Riyad,رياض تركي عبدالعزيز,Male,12/09/2015 14:27:30,Dammam,Street 1,+966,5265322470,Saudi,Christian,riyad.abdulaziz606@example.com,H5!w$JSXp9,1866304909,5329143557,True,Turki,Abdullah,Abdulaziz,Turki,تركي عبدالله عبدالعزيز,Male,12/09/1993 14:27:30,Riyadh,Street 4,+966,5329143557,Saudi,Christian,P(O73%v3lf,turki.abdulaziz448@example.com,1276166651,5420718241,False,Aisha,Yousef,Abdullah,Aisha,عائشة يوسف عبدالله,Female,12/09/1993 14:27:30,Jeddah,Street 1,+966,5420718241,Saudi,Christian,aisha.abdullah528@example.com,J%s&86nDL&
3097,الإعدادية,الثالث الإعدادي,أ,2025-2026,2327687232,P1280673621,en,Fahad,Abdulrahman,Idris,Fahad,فهد عبدالرحمن إدريس,Male,12/09/2014 14:27:30,Riyadh,Street 3,+966,5619414637,Saudi,Christian,fahad.idris726@example.com,oK45MCte)7,2262392265,5791924142,True,Abdulrahman,Ahmed,Idris,Abdulrahman,عبدالرحمن أحمد إدريس,Male,12/09/1990 14:27:30,Jeddah,Street 3,+966,5791924142,Saudi,Christian,XfA2pMG(7V,abdulrahman.idris477@example.com,1174269054,5100543984,False,Assiya,Bilal,Sultan,Assiya,أسيا بلال سلطان,Female,12/09/1993 14:27:30,Jeddah,Street 4,+966,5100543984,Saudi,Christian,assiya.sultan694@example.com,dJ#L$Cc92F
4373,الإعدادية,الثالث الإعدادي,أ,2025-2026,2772831124,P2523169008,en,Tamadur,Ahmed,Ismail,Tamadur,تماضر أحمد إسماعيل,Female,12/09/2019 14:27:30,Riyadh,Street 1,+966,5987571297,Saudi,Muslim,tamadur.ismail805@example.com,I^G0z9sCW),2458218054,5722311799,True,Ahmed,Hassan,Ismail,Ahmed,أحمد حسن إسماعيل,Male,12/09/1993 14:27:30,Medina,Street 4,+966,5722311799,Saudi,Muslim,2(%5dbbP&n,ahmed.ismail705@example.com,2376403203,5505567616,False,Aaliyah,Turki,Ali,Aaliyah,عالية تركي علي,Female,12/09/1992 14:27:30,Riyadh,Street 3,+966,5505567616,Saudi,Muslim,aaliyah.ali759@example.com,2sw4h^PsKr
2749,الإعدادية,الثالث الإعدادي,أ,2025-2026,2510334247,P2689594477,ar,Maha,Salem,Omar,Maha,مها سالم عمر,Female,12/09/2014 14:27:30,Riyadh,Street 4,+966,5578048598,Saudi,Christian,maha.omar815@example.com,*iwtJ^N1(y,1944163399,5670531378,False,Salem,Sultan,Omar,Salem,سالم سلطان عمر,Male,12/09/1986 14:27:30,Dammam,Street 1,+966,5670531378,Saudi,Christian,R4APPh1$^3,salem.omar128@example.com,2938799296,5288280012,True,Hanan,Zayne,Hussein,Hanan,حنان زين حسين,Female,12/09/1987 14:27:30,Dammam,Street 2,+966,5288280012,Saudi,Christian,hanan.hussein919@example.com,Tx1k$F5n01
1421,الإعدادية,الثالث الإعدادي,أ,2025-2026,1298734758,P1252689667,ar,Tamadur,Salem,Omar,Tamadur,تماضر سالم عمر,Female,12/09/2019 14:27:30,Riyadh,Street 2,+966,5883523742,Saudi,Christian,tamadur.omar155@example.com,0E)w4Vm8VY,1944163399,5670531378,False,Salem,Sultan,Omar,Salem,سالم سلطان عمر,Male,12/09/1986 14:27:30,Dammam,Street 1,+966,5670531378,Saudi,Christian,R4APPh1$^3,salem.omar128@example.com,2938799296,5288280012,True,Hanan,Zayne,Hussein,Hanan,حنان زين حسين,Female,12/09/1987 14:27:30,Dammam,Street 2,+966,5288280012,Saudi,Christian,hanan.hussein919@example.com,Tx1k$F5n01
9491,الإعدادية,الثالث الإعدادي,أ,2025-2026,2229033020,P2264298704,en,Yasmin,Sulaiman,Abdullah,Yasmin,ياسمين سليمان عبدالله,Female,12/09/2019 14:27:30,Mecca,Street 2,+966,5896797710,Saudi,Muslim,yasmin.abdullah911@example.com,gc1T)U@h8q,2241882264,5735844867,False,Sulaiman,Salem,Abdullah,Sulaiman,سليمان سالم عبدالله,Male,12/09/1992 14:27:30,Mecca,Street 2,+966,5735844867,Saudi,Muslim,5!4#Pfc!ID,sulaiman.abdullah872@example.com,2422815953,5908413687,True,Tamadur,Abdullah,Mahdi,Tamadur,تماضر عبدالله مهدي,Female,12/09/1989 14:27:30,Jeddah,Street 4,+966,5908413687,Saudi,Muslim,tamadur.mahdi465@example.com,ZK78(oMMD7
3861,الإعدادية,الثالث الإعدادي,أ,2025-2026,2614256805,P1478899037,ar,Yasmin,Mahdi,Khalid,Yasmin,ياسمين مهدي خالد,Female,12/09/2017 14:27:30,Dammam,Street 2,+966,5669419791,Saudi,Muslim,yasmin.khalid668@example.com,oS2KmUd4%h,2344881230,5655079354,True,Mahdi,Sultan,Khalid,Mahdi,مهدي سلطان خالد,Male,12/09/1990 14:27:30,Dammam,Street 4,+966,5655079354,Saudi,Muslim,U9)3MbdUY),mahdi.khalid819@example.com,1768837167,5779554973,False,Yasmin,Ismail,Zaid,Yasmin,ياسمين إسماعيل زيد,Female,12/09/1982 14:27:30,Jeddah,Street 2,+966,5779554973,Saudi,Muslim,yasmin.zaid907@example.com,fR#(jk0Wkn
9382,الإعدادية,الثالث الإعدادي,أ,2025-2026,1226298133,P2902981715,ar,Mohammed,Ahmed,Hamza,Mohammed,محمد أحمد حمزة,Male,12/09/2017 14:27:30,Riyadh,Street 5,+966,5964776848,Saudi,Muslim,mohammed.hamza909@example.com,yjMN7!D4vx,2305966408,5296930714,True,Ahmed,Riyad,Hamza,Ahmed,أحمد رياض حمزة,Male,12/09/1991 14:27:30,Medina,Street 5,+966,5296930714,Saudi,Muslim,65Ah%1mJsX,ahmed.hamza596@example.com,2937037827,5760049096,False,Atika,Ismail,Zayne,Atika,عاتكة إسماعيل زين,Female,12/09/1990 14:27:30,Dammam,Street 5,+966,5760049096,Saudi,Muslim,atika.zayne895@example.com,y3t1KZXT)2
8886,الإعدادية,الثالث الإعدادي,أ,2025-2026,1553481796,P1256804339,en,Hussein,Abdulaziz,Sultan,Hussein,حسين عبدالعزيز سلطان,Male,12/09/2015 14:27:30,Riyadh,Street 2,+966,5813080466,Saudi,Muslim,hussein.sultan175@example.com,s#XI0gw&Ka,1350065819,5923063753,True,Abdulaziz,Sultan,Sultan,Abdulaziz,عبدالعزيز سلطان سلطان,Male,12/09/1977 14:27:30,Jeddah,Street 5,+966,5923063753,Saudi,Muslim,xT$7MJzp(q,abdulaziz.sultan615@example.com,1951115637,5217183535,False,Rania,Sultan,Ibrahim,Rania,رانيا سلطان إبراهيم,Female,12/09/1986 14:27:30,Jeddah,Street 2,+966,5217183535,Saudi,Muslim,rania.ibrahim218@example.com,q47b@H!aW2
6632,الإعدادية,الثالث الإعدادي,أ,2025-2026,2332189948,P1366690325,en,Salman,Tariq,Ibrahim,Salman,سلمان طارق إبراهيم,Male,12/09/2019 14:27:30,Dammam,Street 1,+966,5971964768,Saudi,Christian,salman.ibrahim580@example.com,d#7O07^ZaQ,2811111360,5895043814,False,Tariq,Ali,Ibrahim,Tariq,طارق علي إبراهيم,Male,12/09/1988 14:27:30,Medina,Street 3,+966,5895043814,Saudi,Christian,SVl8^Ss1B(,tariq.ibrahim460@example.com,1858495714,5142729782,True,Aaliyah,Mahdi,Ibrahim,Aaliyah,عالية مهدي إبراهيم,Female,12/09/1993 14:27:30,Mecca,Street 5,+966,5142729782,Saudi,Christian,aaliyah.ibrahim461@example.com,in@cl!$l5Z
3323,الإعدادية,الثالث الإعدادي,أ,2025-2026,2800307465,P2628303006,en,Sulaiman,Abdulrahman,Ibrahim,Sulaiman,سليمان عبدالرحمن إبراهيم,Male,12/09/2014 14:27:30,Dammam,Street 2,+966,5170600466,Saudi,Muslim,sulaiman.ibrahim691@example.com,C6(8Yfuwef,1393247931,5159123352,True,Abdulrahman,Zayne,Ibrahim,Abdulrahman,عبدالرحمن زين إبراهيم,Male,12/09/1977 14:27:30,Riyadh,Street 2,+966,5159123352,Saudi,Muslim,#99XyQj&Ec,abdulrahman.ibrahim638@example.com,2397625787,5543142439,False,Sedra,Ibrahim,Mohammed,Sedra,سدرة إبراهيم محمد,Female,12/09/1991 14:27:30,Mecca,Street 5,+966,5543142439,Saudi,Muslim,sedra.mohammed952@example.com,L*Vsy4y)ej
1726,الإعدادية,الثالث الإعدادي,أ,2025-2026,2682338888,P2107682313,ar,Riyad,Omar,Khalid,Riyad,رياض عمر خالد,Male,12/09/2016 14:27:30,Medina,Street 5,+966,5459663628,Saudi,Christian,riyad.khalid739@example.com,my50)SZ(U%,2501237536,5871238485,False,Omar,Yousef,Khalid,Omar,عمر يوسف خالد,Male,12/09/1992 14:27:30,Mecca,Street 1,+966,5871238485,Saudi,Christian,t5B%YJUL9k,omar.khalid421@example.com,1256947855,5732890918,True,Noor,Sulaiman,Tariq,Noor,نور سليمان طارق,Female,12/09/1981 14:27:30,Jeddah,Street 4,+966,5732890918,Saudi,Christian,noor.tariq853@example.com,w%#C0Ic)7i
5631,الإعدادية,الثالث الإعدادي,أ,2025-2026,2394601827,P2158402514,en,Ali,Ibrahim,Akram,Ali,علي إبراهيم أكرم,Male,12/09/2019 14:27:30,Medina,Street 3,+966,5201509522,Saudi,Christian,ali.akram481@example.com,9cb*4a$W7X,2959960044,5272753088,False,Ibrahim,Sultan,Akram,Ibrahim,إبراهيم سلطان أكرم,Male,12/09/1995 14:27:30,Riyadh,Street 5,+966,5272753088,Saudi,Christian,ABjlz4)pJK,ibrahim.akram791@example.com,2318154080,5719087032,True,Assiya,Salman,Zaid,Assiya,أسيا سلمان زيد,Female,12/09/1989 14:27:30,Riyadh,Street 3,+966,5719087032,Saudi,Christian,assiya.zaid772@example.com,7&uN6yp%k4
1444,الإعدادية,الثالث الإعدادي,أ,2025-2026,2692021742,P1355732206,en,Sara,Hussein,Idris,Sara,سارة حسين إدريس,Female,12/09/2018 14:27:30,Riyadh,Street 2,+966,5690699086,Saudi,Muslim,sara.idris793@example.com,9jp9AaDp!*,2448656298,5389333981,True,Hussein,Khalid,Idris,Hussein,حسين خالد إدريس,Male,12/09/1981 14:27:30,Dammam,Street 3,+966,5389333981,Saudi,Muslim,dF9@UHX81$,hussein.idris615@example.com,2828508011,5879245824,False,Noor,Hussein,Abdulrahman,Noor,نور حسين عبدالرحمن,Female,12/09/1983 14:27:30,Medina,Street 1,+966,5879245824,Saudi,Muslim,noor.abdulrahman715@example.com,9N27Td$@s7
9454,الإعدادية,الثالث الإعدادي,أ,2025-2026,2725929717,P2182171197,en,Maha,Khalid,Abdulrahman,Maha,مها خالد عبدالرحمن,Female,12/09/2017 14:27:30,Mecca,Street 4,+966,5672428754,Saudi,Christian,maha.abdulrahman437@example.com,xI(T5eLEaH,1892542169,5447527294,True,Khalid,Ismail,Abdulrahman,Khalid,خالد إسماعيل عبدالرحمن,Male,12/09/1985 14:27:30,Riyadh,Street 2,+966,5447527294,Saudi,Christian,eo)(u0KnCs,khalid.abdulrahman975@example.com,1691700792,5732261315,False,Hanan,Nasser,Sultan,Hanan,حنان ناصر سلطان,Female,12/09/1986 14:27:30,Jeddah,Street 2,+966,5732261315,Saudi,Christian,hanan.sultan525@example.com,!DD9L0edT#
7644,الإعدادية,الثالث الإعدادي,أ,2025-2026,1201088567,P1354527211,en,Akram,Khalid,Abdulrahman,Akram,أكرم خالد عبدالرحمن,Male,12/09/2017 14:27:30,Mecca,Street 1,+966,5573790882,Saudi,Christian,akram.abdulrahman342@example.com,^9DB2!#t59,1892542169,5447527294,True,Khalid,Ismail,Abdulrahman,Khalid,خالد إسماعيل عبدالرحمن,Male,12/09/1985 14:27:30,Riyadh,Street 2,+966,5447527294,Saudi,Christian,eo)(u0KnCs,khalid.abdulrahman975@example.com,1691700792,5732261315,False,Hanan,Nasser,Sultan,Hanan,حنان ناصر سلطان,Female,12/09/1986 14:27:30,Jeddah,Street 2,+966,5732261315,Saudi,Christian,hanan.sultan525@example.com,!DD9L0edT#
2716,الإعدادية,الثالث الإعدادي,أ,2025-2026,2441095132,P1678973747,ar,Lubaba,Ismail,Hussein,Lubaba,لبابة إسماعيل حسين,Female,12/09/2016 14:27:30,Medina,Street 5,+966,5101448441,Saudi,Christian,lubaba.hussein551@example.com,ZFOPeJ!)r3,1397532239,5987613140,False,Ismail,Khalid,Hussein,Ismail,إسماعيل خالد حسين,Male,12/09/1983 14:27:30,Medina,Street 4,+966,5987613140,Saudi,Christian,JzbWJy1!u^,ismail.hussein688@example.com,1586511302,5294618740,True,Safiyyah,Zaid,Saud,Safiyyah,صفية زيد سعود,Female,12/09/1997 14:27:30,Jeddah,Street 1,+966,5294618740,Saudi,Christian,safiyyah.saud537@example.com,wy)!d5BYu9
3052,الإعدادية,الثالث الإعدادي,أ,2025-2026,2343782251,P2203476429,ar,Abdullah,Abdulrahman,Hussein,Abdullah,عبدالله عبدالرحمن حسين,Male,12/09/2015 14:27:30,Jeddah,Street 2,+966,5250087880,Saudi,Christian,abdullah.hussein811@example.com,Kgbi@5lmX(,2975400779,5938480479,True,Abdulrahman,Khalid,Hussein,Abdulrahman,عبدالرحمن خالد حسين,Male,12/09/1993 14:27:30,Medina,Street 2,+966,5938480479,Saudi,Christian,g!*4MX!95f,abdulrahman.hussein997@example.com,1115631982,5710514019,False,Lubaba,Ismail,Nasser,Lubaba,لبابة إسماعيل ناصر,Female,12/09/1985 14:27:30,Jeddah,Street 5,+966,5710514019,Saudi,Christian,lubaba.nasser853@example.com,5tD3k&xPxz
1283,الإعدادية,الثالث الإعدادي,أ,2025-2026,1707699718,P1570508409,ar,Maha,Abdulrahman,Omar,Maha,مها عبدالرحمن عمر,Female,12/09/2018 14:27:30,Dammam,Street 4,+966,5684383612,Saudi,Muslim,maha.omar267@example.com,Km26^9&bCX,2531918426,5444216599,True,Abdulrahman,Abdulrahman,Omar,Abdulrahman,عبدالرحمن عبدالرحمن عمر,Male,12/09/1991 14:27:30,Jeddah,Street 5,+966,5444216599,Saudi,Muslim,)2zGET09bA,abdulrahman.omar655@example.com,1543604162,5699060445,False,Sara,Hamza,Mahdi,Sara,سارة حمزة مهدي,Female,12/09/1986 14:27:30,Medina,Street 2,+966,5699060445,Saudi,Muslim,sara.mahdi527@example.com,A$i1!ucLak
8196,الإعدادية,الثالث الإعدادي,أ,2025-2026,2267149839,P2885123536,ar,Lama,Zayne,Fahad,Lama,لمى زين فهد,Female,12/09/2015 14:27:30,Mecca,Street 5,+966,5485100242,Saudi,Christian,lama.fahad894@example.com,ZvjL00pi6&,2660377175,5199041731,True,Zayne,Salem,Fahad,Zayne,زين سالم فهد,Male,12/09/1991 14:27:30,Riyadh,Street 3,+966,5199041731,Saudi,Christian,ISe6$k(q@r,zayne.fahad977@example.com,1117238163,5845734463,False,Maryam,Ali,Bilal,Maryam,مريم علي بلال,Female,12/09/1987 14:27:30,Mecca,Street 3,+966,5845734463,Saudi,Christian,maryam.bilal186@example.com,@Urd7Xd*R@
2547,الإعدادية,الثالث الإعدادي,أ,2025-2026,1655167911,P2681413122,ar,Sara,Abdulaziz,Zaid,Sara,سارة عبدالعزيز زيد,Female,12/09/2014 14:27:30,Medina,Street 2,+966,5543189541,Saudi,Muslim,sara.zaid707@example.com,UFVhW7^v&R,2865220207,5603674689,True,Abdulaziz,Hamza,Zaid,Abdulaziz,عبدالعزيز حمزة زيد,Male,12/09/1982 14:27:30,Mecca,Street 3,+966,5603674689,Saudi,Muslim,QEB&frGyA7,abdulaziz.zaid787@example.com,2878467405,5434766705,False,Hanan,Abdullah,Fahad,Hanan,حنان عبدالله فهد,Female,12/09/1992 14:27:30,Riyadh,Street 1,+966,5434766705,Saudi,Muslim,hanan.fahad432@example.com,@0p@Zy3YrM
3188,الإعدادية,الثالث الإعدادي,أ,2025-2026,2975546281,P1866804219,en,Nadia,Nasser,Salman,Nadia,نادية ناصر سلمان,Female,12/09/2015 14:27:30,Dammam,Street 1,+966,5784812362,Saudi,Christian,nadia.salman414@example.com,0$X#9FDhpC,1647660758,5332889485,True,Nasser,Mohammed,Salman,Nasser,ناصر محمد سلمان,Male,12/09/1991 14:27:30,Dammam,Street 2,+966,5332889485,Saudi,Christian,k8!zK2@d(f,nasser.salman534@example.com,1655013385,5831073097,False,Zainab,Ahmed,Sulaiman,Zainab,زينب أحمد سليمان,Female,12/09/1989 14:27:30,Jeddah,Street 3,+966,5831073097,Saudi,Christian,zainab.sulaiman611@example.com,9X3G7Be5x*
2508,الإعدادية,الثالث الإعدادي,أ,2025-2026,1765124572,P2748803688,en,Fatimah,Nasser,Salman,Fatimah,فاطمة ناصر سلمان,Female,12/09/2019 14:27:30,Riyadh,Street 3,+966,5786226250,Saudi,Christian,fatimah.salman986@example.com,giBY7(^z&4,1647660758,5332889485,True,Nasser,Mohammed,Salman,Nasser,ناصر محمد سلمان,Male,12/09/1991 14:27:30,Dammam,Street 2,+966,5332889485,Saudi,Christian,k8!zK2@d(f,nasser.salman534@example.com,1655013385,5831073097,False,Zainab,Ahmed,Sulaiman,Zainab,زينب أحمد سليمان,Female,12/09/1989 14:27:30,Jeddah,Street 3,+966,5831073097,Saudi,Christian,zainab.sulaiman611@example.com,9X3G7Be5x*
2038,الإعدادية,الثالث الإعدادي,أ,2025-2026,1745878792,P2823861024,en,Salman,Nasser,Salman,Salman,سلمان ناصر سلمان,Male,12/09/2014 14:27:30,Medina,Street 5,+966,5407319918,Saudi,Christian,salman.salman620@example.com,(!@PKZcI46,1647660758,5332889485,True,Nasser,Mohammed,Salman,Nasser,ناصر محمد سلمان,Male,12/09/1991 14:27:30,Dammam,Street 2,+966,5332889485,Saudi,Christian,k8!zK2@d(f,nasser.salman534@example.com,1655013385,5831073097,False,Zainab,Ahmed,Sulaiman,Zainab,زينب أحمد سليمان,Female,12/09/1989 14:27:30,Jeddah,Street 3,+966,5831073097,Saudi,Christian,zainab.sulaiman611@example.com,9X3G7Be5x*
1311,الإعدادية,الثالث الإعدادي,أ,2025-2026,1743856948,P2950233452,ar,Reem,Bilal,Hassan,Reem,ريم بلال حسن,Female,12/09/2016 14:27:30,Dammam,Street 1,+966,5379099811,Saudi,Christian,reem.hassan177@example.com,7l!R%bKc2(,2517778106,5173534116,False,Bilal,Hamza,Hassan,Bilal,بلال حمزة حسن,Male,12/09/1984 14:27:30,Riyadh,Street 4,+966,5173534116,Saudi,Christian,f5(gDhxkOQ,bilal.hassan429@example.com,1693729062,5181915170,True,Noor,Mahdi,Akram,Noor,نور مهدي أكرم,Female,12/09/1989 14:27:30,Mecca,Street 2,+966,5181915170,Saudi,Christian,noor.akram796@example.com,1c&J4%LRzk
8389,الإعدادية,الثالث الإعدادي,أ,2025-2026,2730632896,P1657576518,en,Hanan,Mahdi,Ibrahim,Hanan,حنان مهدي إبراهيم,Female,12/09/2018 14:27:30,Dammam,Street 3,+966,5701282606,Saudi,Muslim,hanan.ibrahim667@example.com,!dW8#y@u(9,2792333959,5962326719,True,Mahdi,Ibrahim,Ibrahim,Mahdi,مهدي إبراهيم إبراهيم,Male,12/09/1982 14:27:30,Dammam,Street 5,+966,5962326719,Saudi,Muslim,zza0(1bZ)u,mahdi.ibrahim511@example.com,2134874644,5702562571,False,Amal,Zayne,Sulaiman,Amal,أمل زين سليمان,Female,12/09/1981 14:27:30,Medina,Street 5,+966,5702562571,Saudi,Muslim,amal.sulaiman996@example.com,V9zb6alY)B
8528,الإعدادية,الثالث الإعدادي,أ,2025-2026,2139647786,P1683557608,ar,Haya,Mahdi,Abdulrahman,Haya,هيا مهدي عبدالرحمن,Female,12/09/2017 14:27:30,Riyadh,Street 4,+966,5147974007,Saudi,Christian,haya.abdulrahman186@example.com,2YG$n0(Zfz,1252799554,5299811854,True,Mahdi,Ali,Abdulrahman,Mahdi,مهدي علي عبدالرحمن,Male,12/09/1981 14:27:30,Medina,Street 4,+966,5299811854,Saudi,Christian,4pio9%4f0P,mahdi.abdulrahman678@example.com,2832615645,5183812393,False,Yasmin,Sultan,Abdulaziz,Yasmin,ياسمين سلطان عبدالعزيز,Female,12/09/1985 14:27:30,Mecca,Street 4,+966,5183812393,Saudi,Christian,yasmin.abdulaziz484@example.com,i!(@2Ajpph
3981,الإعدادية,الثالث الإعدادي,أ,2025-2026,1516529783,P1932223829,ar,Akram,Abdulrahman,Zayne,Akram,أكرم عبدالرحمن زين,Male,12/09/2014 14:27:30,Dammam,Street 3,+966,5446854910,Saudi,Muslim,akram.zayne808@example.com,3bF#zOIUA&,1503436004,5263114313,True,Abdulrahman,Saud,Zayne,Abdulrahman,عبدالرحمن سعود زين,Male,12/09/1993 14:27:30,Riyadh,Street 2,+966,5263114313,Saudi,Muslim,t5Wk(Z*HHh,abdulrahman.zayne694@example.com,2328449873,5837448926,False,Ruqaya,Ali,Zaid,Ruqaya,رقية علي زيد,Female,12/09/1983 14:27:30,Dammam,Street 2,+966,5837448926,Saudi,Muslim,ruqaya.zaid935@example.com,zlLB@o4Qqw
4587,الإعدادية,الثالث الإعدادي,ب,2025-2026,2178752183,P1776189340,en,Abdullah,Omar,Mahdi,Abdullah,عبدالله عمر مهدي,Male,12/09/2016 14:27:30,Riyadh,Street 3,+966,5998984600,Saudi,Christian,abdullah.mahdi660@example.com,*gM751nNZz,1392137288,5664577048,False,Omar,Abdulrahman,Mahdi,Omar,عمر عبدالرحمن مهدي,Male,12/09/1988 14:27:30,Mecca,Street 4,+966,5664577048,Saudi,Christian,uq8(iXwxin,omar.mahdi511@example.com,1198748897,5965946648,True,Hanan,Yousef,Sulaiman,Hanan,حنان يوسف سليمان,Female,12/09/1997 14:27:30,Dammam,Street 3,+966,5965946648,Saudi,Christian,hanan.sulaiman908@example.com,pWHm6@#7pi
4300,الإعدادية,الثالث الإعدادي,ب,2025-2026,1878925295,P1267342654,ar,Reem,Sulaiman,Zayne,Reem,ريم سليمان زين,Female,12/09/2014 14:27:30,Riyadh,Street 4,+966,5454225294,Saudi,Muslim,reem.zayne188@example.com,@J5mZC(5#p,2670244569,5577500025,False,Sulaiman,Ali,Zayne,Sulaiman,سليمان علي زين,Male,12/09/1982 14:27:30,Riyadh,Street 3,+966,5577500025,Saudi,Muslim,rc@xZ69kHg,sulaiman.zayne168@example.com,2717331309,5376119100,True,Dana,Mohammed,Akram,Dana,دانا محمد أكرم,Female,12/09/1993 14:27:30,Mecca,Street 3,+966,5376119100,Saudi,Muslim,dana.akram439@example.com,b@2wLKNk5%
7382,الإعدادية,الثالث الإعدادي,ب,2025-2026,1973228787,P2425960905,en,Atika,Sulaiman,Zayne,Atika,عاتكة سليمان زين,Female,12/09/2018 14:27:30,Mecca,Street 5,+966,5680113038,Saudi,Muslim,atika.zayne619@example.com,rd2!q1cV$R,2670244569,5577500025,False,Sulaiman,Ali,Zayne,Sulaiman,سليمان علي زين,Male,12/09/1982 14:27:30,Riyadh,Street 3,+966,5577500025,Saudi,Muslim,rc@xZ69kHg,sulaiman.zayne168@example.com,2717331309,5376119100,True,Dana,Mohammed,Akram,Dana,دانا محمد أكرم,Female,12/09/1993 14:27:30,Mecca,Street 3,+966,5376119100,Saudi,Muslim,dana.akram439@example.com,b@2wLKNk5%
2726,الإعدادية,الثالث الإعدادي,ب,2025-2026,1713380541,P2627531761,ar,Haya,Abdullah,Hamza,Haya,هيا عبدالله حمزة,Female,12/09/2018 14:27:30,Medina,Street 3,+966,5854461043,Saudi,Christian,haya.hamza524@example.com,am0wEAr^mW,1175012566,5499181948,True,Abdullah,Omar,Hamza,Abdullah,عبدالله عمر حمزة,Male,12/09/1984 14:27:30,Jeddah,Street 3,+966,5499181948,Saudi,Christian,F^MC$@Fj15,abdullah.hamza886@example.com,2444942723,5170768997,False,Lama,Ahmed,Abdulrahman,Lama,لمى أحمد عبدالرحمن,Female,12/09/1983 14:27:30,Medina,Street 2,+966,5170768997,Saudi,Christian,lama.abdulrahman402@example.com,$tdM4WW8pR
2349,الإعدادية,الثالث الإعدادي,ب,2025-2026,1839696241,P2420021911,ar,Salem,Salman,Ahmed,Salem,سالم سلمان أحمد,Male,12/09/2017 14:27:30,Mecca,Street 1,+966,5767555500,Saudi,Muslim,salem.ahmed112@example.com,3cgu9QV^yR,2726398190,5223313165,False,Salman,Hassan,Ahmed,Salman,سلمان حسن أحمد,Male,12/09/1977 14:27:30,Jeddah,Street 4,+966,5223313165,Saudi,Muslim,HO!aaAJ&!0,salman.ahmed938@example.com,2395163331,5988351607,True,Assiya,Akram,Zaid,Assiya,أسيا أكرم زيد,Female,12/09/1986 14:27:30,Riyadh,Street 4,+966,5988351607,Saudi,Muslim,assiya.zaid281@example.com,&aZMqL3yg^
8924,الإعدادية,الثالث الإعدادي,ب,2025-2026,2448797405,P1445150027,en,Safiyyah,Ali,Salman,Safiyyah,صفية علي سلمان,Female,12/09/2016 14:27:30,Mecca,Street 3,+966,5849499420,Saudi,Muslim,safiyyah.salman684@example.com,aJ1N^6nJ%%,1866599978,5796219038,True,Ali,Zaid,Salman,Ali,علي زيد سلمان,Male,12/09/1978 14:27:30,Medina,Street 4,+966,5796219038,Saudi,Muslim,8%KI)sI5o),ali.salman137@example.com,1999495252,5281013066,False,Zainab,Hussein,Salem,Zainab,زينب حسين سالم,Female,12/09/1992 14:27:30,Mecca,Street 1,+966,5281013066,Saudi,Muslim,zainab.salem500@example.com,ie)6RMcHS4
5890,الإعدادية,الثالث الإعدادي,ب,2025-2026,1189907763,P1398164011,ar,Fahad,Zayne,Abdulrahman,Fahad,فهد زين عبدالرحمن,Male,12/09/2014 14:27:30,Mecca,Street 2,+966,5162488672,Saudi,Christian,fahad.abdulrahman660@example.com,8z6QqX0b*o,1171181778,5388235261,True,Zayne,Hussein,Abdulrahman,Zayne,زين حسين عبدالرحمن,Male,12/09/1977 14:27:30,Jeddah,Street 5,+966,5388235261,Saudi,Christian,)S7K$eXe(x,zayne.abdulrahman718@example.com,1859607506,5238830191,False,Sara,Omar,Ahmed,Sara,سارة عمر أحمد,Female,12/09/1987 14:27:30,Jeddah,Street 4,+966,5238830191,Saudi,Christian,sara.ahmed218@example.com,D6qXZ%El9N
2153,الإعدادية,الثالث الإعدادي,ب,2025-2026,2966878875,P1338644517,ar,Abdullah,Tariq,Abdulrahman,Abdullah,عبدالله طارق عبدالرحمن,Male,12/09/2018 14:27:30,Jeddah,Street 2,+966,5851806825,Saudi,Christian,abdullah.abdulrahman797@example.com,y1^lx&lECc,2987422844,5874409868,False,Tariq,Ismail,Abdulrahman,Tariq,طارق إسماعيل عبدالرحمن,Male,12/09/1978 14:27:30,Jeddah,Street 3,+966,5874409868,Saudi,Christian,lpeB@3RUWk,tariq.abdulrahman359@example.com,2620728652,5600920070,True,Aaliyah,Salman,Yousef,Aaliyah,عالية سلمان يوسف,Female,12/09/1997 14:27:30,Jeddah,Street 1,+966,5600920070,Saudi,Christian,aaliyah.yousef409@example.com,GK#h)zW559
5144,الإعدادية,الثالث الإعدادي,ب,2025-2026,1842596053,P2229405880,ar,Akram,Akram,Hassan,Akram,أكرم أكرم حسن,Male,12/09/2017 14:27:30,Mecca,Street 5,+966,5109695522,Saudi,Christian,akram.hassan250@example.com,vbUC7v6g)Q,2868246033,5693789071,False,Akram,Hassan,Hassan,Akram,أكرم حسن حسن,Male,12/09/1993 14:27:30,Medina,Street 4,+966,5693789071,Saudi,Christian,1^Sj4Q0acY,akram.hassan968@example.com,2650972955,5133918291,True,Nora,Tariq,Salem,Nora,نورا طارق سالم,Female,12/09/1995 14:27:30,Jeddah,Street 3,+966,5133918291,Saudi,Christian,nora.salem540@example.com,$hVk$gjZ0G
2814,الإعدادية,الثالث الإعدادي,ب,2025-2026,1906384226,P2477245111,en,Yousef,Omar,Salem,Yousef,يوسف عمر سالم,Male,12/09/2014 14:27:30,Dammam,Street 3,+966,5877010568,Saudi,Christian,yousef.salem731@example.com,*HPOeLWfb6,2485618920,5800758567,True,Omar,Ahmed,Salem,Omar,عمر أحمد سالم,Male,12/09/1979 14:27:30,Dammam,Street 4,+966,5800758567,Saudi,Christian,h%lRVctKM4,omar.salem523@example.com,1673328308,5223710032,False,Haya,Ibrahim,Zayne,Haya,هيا إبراهيم زين,Female,12/09/1985 14:27:30,Jeddah,Street 2,+966,5223710032,Saudi,Christian,haya.zayne441@example.com,la%C!M4Sc9
1830,الإعدادية,الثالث الإعدادي,ب,2025-2026,1943535098,P1855709385,en,Abdullah,Salman,Saud,Abdullah,عبدالله سلمان سعود,Male,12/09/2016 14:27:30,Medina,Street 5,+966,5280887810,Saudi,Muslim,abdullah.saud423@example.com,@RjnxOQB2^,2552591344,5568094613,False,Salman,Ismail,Saud,Salman,سلمان إسماعيل سعود,Male,12/09/1977 14:27:30,Mecca,Street 1,+966,5568094613,Saudi,Muslim,0*LDINLlQ#,salman.saud874@example.com,2561387295,5596694419,True,Maryam,Ali,Tariq,Maryam,مريم علي طارق,Female,12/09/1996 14:27:30,Jeddah,Street 4,+966,5596694419,Saudi,Muslim,maryam.tariq257@example.com,Ln9C3jecG$
7280,الإعدادية,الثالث الإعدادي,ب,2025-2026,1995426922,P1785670866,ar,Zayne,Salman,Saud,Zayne,زين سلمان سعود,Male,12/09/2019 14:27:30,Medina,Street 5,+966,5622006730,Saudi,Muslim,zayne.saud801@example.com,4sAN#O!AZT,2552591344,5568094613,False,Salman,Ismail,Saud,Salman,سلمان إسماعيل سعود,Male,12/09/1977 14:27:30,Mecca,Street 1,+966,5568094613,Saudi,Muslim,0*LDINLlQ#,salman.saud874@example.com,2561387295,5596694419,True,Maryam,Ali,Tariq,Maryam,مريم علي طارق,Female,12/09/1996 14:27:30,Jeddah,Street 4,+966,5596694419,Saudi,Muslim,maryam.tariq257@example.com,Ln9C3jecG$
9435,الإعدادية,الثالث الإعدادي,ب,2025-2026,2968143735,P2478345245,en,Fahad,Khalid,Yousef,Fahad,فهد خالد يوسف,Male,12/09/2015 14:27:30,Medina,Street 5,+966,5920901913,Saudi,Muslim,fahad.yousef471@example.com,2$6!Uh&INy,2891148808,5335712127,True,Khalid,Ahmed,Yousef,Khalid,خالد أحمد يوسف,Male,12/09/1989 14:27:30,Jeddah,Street 1,+966,5335712127,Saudi,Muslim,^s3c%d8!T3,khalid.yousef143@example.com,2511349933,5642664321,False,Lubaba,Riyad,Riyad,Lubaba,لبابة رياض رياض,Female,12/09/1985 14:27:30,Dammam,Street 1,+966,5642664321,Saudi,Muslim,lubaba.riyad974@example.com,28R#RBkc9F
8911,الإعدادية,الثالث الإعدادي,ب,2025-2026,2595357812,P1604412652,en,Layla,Khalid,Yousef,Layla,ليلى خالد يوسف,Female,12/09/2019 14:27:30,Jeddah,Street 2,+966,5193878120,Saudi,Muslim,layla.yousef623@example.com,xoFuI2%2dc,2891148808,5335712127,True,Khalid,Ahmed,Yousef,Khalid,خالد أحمد يوسف,Male,12/09/1989 14:27:30,Jeddah,Street 1,+966,5335712127,Saudi,Muslim,^s3c%d8!T3,khalid.yousef143@example.com,2511349933,5642664321,False,Lubaba,Riyad,Riyad,Lubaba,لبابة رياض رياض,Female,12/09/1985 14:27:30,Dammam,Street 1,+966,5642664321,Saudi,Muslim,lubaba.riyad974@example.com,28R#RBkc9F
4692,الإعدادية,الثالث الإعدادي,ب,2025-2026,2571232423,P1438497067,en,Turki,Hamza,Zayne,Turki,تركي حمزة زين,Male,12/09/2019 14:27:30,Dammam,Street 5,+966,5760673904,Saudi,Muslim,turki.zayne744@example.com,y)#qH##K14,2277625320,5857850286,True,Hamza,Sulaiman,Zayne,Hamza,حمزة سليمان زين,Male,12/09/1986 14:27:30,Riyadh,Street 4,+966,5857850286,Saudi,Muslim,@UHWj6AC7m,hamza.zayne113@example.com,2268862238,5882792239,False,Lama,Sultan,Abdulaziz,Lama,لمى سلطان عبدالعزيز,Female,12/09/1993 14:27:30,Medina,Street 1,+966,5882792239,Saudi,Muslim,lama.abdulaziz132@example.com,t#ZhL4z5X8
1443,الإعدادية,الثالث الإعدادي,ب,2025-2026,1133137429,P1495772179,ar,Yousef,Hamza,Zayne,Yousef,يوسف حمزة زين,Male,12/09/2019 14:27:30,Riyadh,Street 5,+966,5649677014,Saudi,Muslim,yousef.zayne609@example.com,c!PDlFy04G,2277625320,5857850286,True,Hamza,Sulaiman,Zayne,Hamza,حمزة سليمان زين,Male,12/09/1986 14:27:30,Riyadh,Street 4,+966,5857850286,Saudi,Muslim,@UHWj6AC7m,hamza.zayne113@example.com,2268862238,5882792239,False,Lama,Sultan,Abdulaziz,Lama,لمى سلطان عبدالعزيز,Female,12/09/1993 14:27:30,Medina,Street 1,+966,5882792239,Saudi,Muslim,lama.abdulaziz132@example.com,t#ZhL4z5X8
9527,الإعدادية,الثالث الإعدادي,ب,2025-2026,2888448451,P1530496941,en,Safiyyah,Ahmed,Ali,Safiyyah,صفية أحمد علي,Female,12/09/2017 14:27:30,Dammam,Street 4,+966,5116340229,Saudi,Muslim,safiyyah.ali770@example.com,vV$8BTh)dn,1711902301,5457985270,True,Ahmed,Turki,Ali,Ahmed,أحمد تركي علي,Male,12/09/1989 14:27:30,Riyadh,Street 4,+966,5457985270,Saudi,Muslim,p1XX$eZwQ8,ahmed.ali508@example.com,1711608899,5343366174,False,Zainab,Yousef,Nasser,Zainab,زينب يوسف ناصر,Female,12/09/1994 14:27:30,Jeddah,Street 5,+966,5343366174,Saudi,Muslim,zainab.nasser996@example.com,5FE82Jq(%$
3506,الإعدادية,الثالث الإعدادي,ب,2025-2026,1196069879,P2697793654,ar,Haya,Riyad,Saud,Haya,هيا رياض سعود,Female,12/09/2016 14:27:30,Jeddah,Street 5,+966,5645844726,Saudi,Christian,haya.saud878@example.com,Am*@oz0#^*,2285858059,5828701604,True,Riyad,Mohammed,Saud,Riyad,رياض محمد سعود,Male,12/09/1982 14:27:30,Medina,Street 5,+966,5828701604,Saudi,Christian,1my@Q*0Ro(,riyad.saud971@example.com,2652022614,5306308711,False,Yasmin,Ismail,Abdulrahman,Yasmin,ياسمين إسماعيل عبدالرحمن,Female,12/09/1990 14:27:30,Riyadh,Street 1,+966,5306308711,Saudi,Christian,yasmin.abdulrahman322@example.com,#SHRRYup5Y
3656,الإعدادية,الثالث الإعدادي,ب,2025-2026,1299558419,P2878100593,en,Fatimah,Riyad,Saud,Fatimah,فاطمة رياض سعود,Female,12/09/2019 14:27:30,Dammam,Street 3,+966,5224741208,Saudi,Christian,fatimah.saud184@example.com,TQHaI6)*$e,2285858059,5828701604,True,Riyad,Mohammed,Saud,Riyad,رياض محمد سعود,Male,12/09/1982 14:27:30,Medina,Street 5,+966,5828701604,Saudi,Christian,1my@Q*0Ro(,riyad.saud971@example.com,2652022614,5306308711,False,Yasmin,Ismail,Abdulrahman,Yasmin,ياسمين إسماعيل عبدالرحمن,Female,12/09/1990 14:27:30,Riyadh,Street 1,+966,5306308711,Saudi,Christian,yasmin.abdulrahman322@example.com,#SHRRYup5Y
7917,الإعدادية,الثالث الإعدادي,ب,2025-2026,1637554052,P1238370529,en,Zaid,Mohammed,Idris,Zaid,زيد محمد إدريس,Male,12/09/2019 14:27:30,Medina,Street 2,+966,5714604776,Saudi,Christian,zaid.idris102@example.com,YR4di&b*1L,2682121307,5154693819,False,Mohammed,Hassan,Idris,Mohammed,محمد حسن إدريس,Male,12/09/1988 14:27:30,Riyadh,Street 4,+966,5154693819,Saudi,Christian,jJt%0S1TNd,mohammed.idris811@example.com,2974045359,5263042149,True,Lama,Abdullah,Ismail,Lama,لمى عبدالله إسماعيل,Female,12/09/1997 14:27:30,Riyadh,Street 5,+966,5263042149,Saudi,Christian,lama.ismail559@example.com,&r4GlBJ3Yt
5061,الإعدادية,الثالث الإعدادي,ب,2025-2026,1854224388,P1546360981,en,Zainab,Turki,Yousef,Zainab,زينب تركي يوسف,Female,12/09/2016 14:27:30,Dammam,Street 4,+966,5148968511,Saudi,Christian,zainab.yousef871@example.com,PFZ$q1e$uY,2271279053,5895763886,False,Turki,Hassan,Yousef,Turki,تركي حسن يوسف,Male,12/09/1978 14:27:30,Riyadh,Street 5,+966,5895763886,Saudi,Christian,QtzFzH77(q,turki.yousef571@example.com,2467378192,5854893497,True,Zainab,Fahad,Hassan,Zainab,زينب فهد حسن,Female,12/09/1996 14:27:30,Riyadh,Street 2,+966,5854893497,Saudi,Christian,zainab.hassan657@example.com,q!l)Cn^)6z
9373,الإعدادية,الثالث الإعدادي,ب,2025-2026,2784200158,P2241355216,ar,Lubaba,Turki,Yousef,Lubaba,لبابة تركي يوسف,Female,12/09/2014 14:27:30,Medina,Street 1,+966,5586626448,Saudi,Christian,lubaba.yousef577@example.com,KZ6jk%)Oa1,2271279053,5895763886,False,Turki,Hassan,Yousef,Turki,تركي حسن يوسف,Male,12/09/1978 14:27:30,Riyadh,Street 5,+966,5895763886,Saudi,Christian,QtzFzH77(q,turki.yousef571@example.com,2467378192,5854893497,True,Zainab,Fahad,Hassan,Zainab,زينب فهد حسن,Female,12/09/1996 14:27:30,Riyadh,Street 2,+966,5854893497,Saudi,Christian,zainab.hassan657@example.com,q!l)Cn^)6z
5251,الإعدادية,الثالث الإعدادي,ب,2025-2026,2488748763,P2964083459,en,Saud,Turki,Yousef,Saud,سعود تركي يوسف,Male,12/09/2019 14:27:30,Jeddah,Street 3,+966,5346400640,Saudi,Christian,saud.yousef797@example.com,Ipti5yF6)c,2271279053,5895763886,False,Turki,Hassan,Yousef,Turki,تركي حسن يوسف,Male,12/09/1978 14:27:30,Riyadh,Street 5,+966,5895763886,Saudi,Christian,QtzFzH77(q,turki.yousef571@example.com,2467378192,5854893497,True,Zainab,Fahad,Hassan,Zainab,زينب فهد حسن,Female,12/09/1996 14:27:30,Riyadh,Street 2,+966,5854893497,Saudi,Christian,zainab.hassan657@example.com,q!l)Cn^)6z
6061,الإعدادية,الثالث الإعدادي,ج,2025-2026,2409206232,P2621260317,en,Khadijah,Bilal,Sulaiman,Khadijah,خديجة بلال سليمان,Female,12/09/2017 14:27:30,Riyadh,Street 4,+966,5189681534,Saudi,Muslim,khadijah.sulaiman825@example.com,f5fWc&IP1*,1608788791,5685144434,True,Bilal,Hamza,Sulaiman,Bilal,بلال حمزة سليمان,Male,12/09/1991 14:27:30,Medina,Street 2,+966,5685144434,Saudi,Muslim,%1sdYowQ#!,bilal.sulaiman421@example.com,2844980834,5882809687,False,Haya,Abdulrahman,Nasser,Haya,هيا عبدالرحمن ناصر,Female,12/09/1987 14:27:30,Mecca,Street 3,+966,5882809687,Saudi,Muslim,haya.nasser792@example.com,A)pg#kg1Fo
9737,الإعدادية,الثالث الإعدادي,ج,2025-2026,1999757564,P2828707735,en,Abdulaziz,Yousef,Idris,Abdulaziz,عبدالعزيز يوسف إدريس,Male,12/09/2017 14:27:30,Jeddah,Street 5,+966,5785771889,Saudi,Muslim,abdulaziz.idris125@example.com,MV!9@bSw#G,2515387123,5201009647,True,Yousef,Ismail,Idris,Yousef,يوسف إسماعيل إدريس,Male,12/09/1985 14:27:30,Medina,Street 5,+966,5201009647,Saudi,Muslim,x(9TA1NG&s,yousef.idris919@example.com,2496537388,5575343682,False,Atika,Akram,Hussein,Atika,عاتكة أكرم حسين,Female,12/09/1982 14:27:30,Dammam,Street 1,+966,5575343682,Saudi,Muslim,atika.hussein655@example.com,q(X$nyv1Gb
7062,الإعدادية,الثالث الإعدادي,ج,2025-2026,1352361852,P1643064660,ar,Khalid,Yousef,Idris,Khalid,خالد يوسف إدريس,Male,12/09/2019 14:27:30,Dammam,Street 4,+966,5559809812,Saudi,Muslim,khalid.idris317@example.com,&(OcKZ3V@j,2515387123,5201009647,True,Yousef,Ismail,Idris,Yousef,يوسف إسماعيل إدريس,Male,12/09/1985 14:27:30,Medina,Street 5,+966,5201009647,Saudi,Muslim,x(9TA1NG&s,yousef.idris919@example.com,2496537388,5575343682,False,Atika,Akram,Hussein,Atika,عاتكة أكرم حسين,Female,12/09/1982 14:27:30,Dammam,Street 1,+966,5575343682,Saudi,Muslim,atika.hussein655@example.com,q(X$nyv1Gb
8719,الإعدادية,الثالث الإعدادي,ج,2025-2026,1219299521,P2931385738,ar,Zainab,Omar,Ismail,Zainab,زينب عمر إسماعيل,Female,12/09/2014 14:27:30,Dammam,Street 4,+966,5716685901,Saudi,Christian,zainab.ismail196@example.com,N9)WNZ8miw,1272783168,5755928110,False,Omar,Hassan,Ismail,Omar,عمر حسن إسماعيل,Male,12/09/1984 14:27:30,Mecca,Street 3,+966,5755928110,Saudi,Christian,CcHPc()U51,omar.ismail260@example.com,1235672064,5893348379,True,Nadia,Salem,Mahdi,Nadia,نادية سالم مهدي,Female,12/09/1990 14:27:30,Riyadh,Street 2,+966,5893348379,Saudi,Christian,nadia.mahdi530@example.com,(B4KaLZfmK
9245,الإعدادية,الثالث الإعدادي,ج,2025-2026,1899134184,P1708439819,ar,Sara,Riyad,Zaid,Sara,سارة رياض زيد,Female,12/09/2016 14:27:30,Riyadh,Street 2,+966,5165948957,Saudi,Muslim,sara.zaid130@example.com,S2yaG$!1ft,2664934894,5917949292,False,Riyad,Zaid,Zaid,Riyad,رياض زيد زيد,Male,12/09/1983 14:27:30,Jeddah,Street 3,+966,5917949292,Saudi,Muslim,74@zXs(gOc,riyad.zaid896@example.com,1180123689,5832491694,True,Ruqaya,Salman,Ali,Ruqaya,رقية سلمان علي,Female,12/09/1997 14:27:30,Jeddah,Street 5,+966,5832491694,Saudi,Muslim,ruqaya.ali844@example.com,E2^)g6X)V1
3374,الإعدادية,الثالث الإعدادي,ج,2025-2026,1862057660,P1928895626,en,Sulaiman,Salem,Ahmed,Sulaiman,سليمان سالم أحمد,Male,12/09/2017 14:27:30,Medina,Street 4,+966,5675522142,Saudi,Christian,sulaiman.ahmed255@example.com,Ed*UrVUD6s,2325156753,5607258822,False,Salem,Idris,Ahmed,Salem,سالم إدريس أحمد,Male,12/09/1981 14:27:30,Dammam,Street 2,+966,5607258822,Saudi,Christian,UN1z&*qi8N,salem.ahmed847@example.com,2734398331,5634667036,True,Fatimah,Omar,Fahad,Fatimah,فاطمة عمر فهد,Female,12/09/1988 14:27:30,Riyadh,Street 5,+966,5634667036,Saudi,Christian,fatimah.fahad798@example.com,XRuC3z8^j3
6099,الإعدادية,الثالث الإعدادي,ج,2025-2026,2758927855,P1350340217,en,Yasmin,Bilal,Riyad,Yasmin,ياسمين بلال رياض,Female,12/09/2018 14:27:30,Medina,Street 3,+966,5154012101,Saudi,Muslim,yasmin.riyad306@example.com,&Ugi^p3!E&,2642922513,5398785313,True,Bilal,Ismail,Riyad,Bilal,بلال إسماعيل رياض,Male,12/09/1991 14:27:30,Jeddah,Street 1,+966,5398785313,Saudi,Muslim,4dZ&0ayCvI,bilal.riyad369@example.com,2925256752,5941527507,False,Assiya,Mahdi,Ahmed,Assiya,أسيا مهدي أحمد,Female,12/09/1982 14:27:30,Riyadh,Street 2,+966,5941527507,Saudi,Muslim,assiya.ahmed758@example.com,^@7#pAO7Td
7854,الإعدادية,الثالث الإعدادي,ج,2025-2026,1790379243,P1137056286,en,Idris,Abdulrahman,Abdullah,Idris,إدريس عبدالرحمن عبدالله,Male,12/09/2019 14:27:30,Mecca,Street 2,+966,5993084936,Saudi,Muslim,idris.abdullah563@example.com,CO(^sEy6AS,2753997208,5371064809,False,Abdulrahman,Sultan,Abdullah,Abdulrahman,عبدالرحمن سلطان عبدالله,Male,12/09/1986 14:27:30,Dammam,Street 1,+966,5371064809,Saudi,Muslim,yHZW$due7!,abdulrahman.abdullah778@example.com,2696204660,5358967585,True,Tamadur,Zaid,Salem,Tamadur,تماضر زيد سالم,Female,12/09/1992 14:27:30,Medina,Street 1,+966,5358967585,Saudi,Muslim,tamadur.salem417@example.com,(@O9p*q(bG
8394,الإعدادية,الثالث الإعدادي,ج,2025-2026,2264814608,P1784764554,en,Lubaba,Abdulrahman,Abdullah,Lubaba,لبابة عبدالرحمن عبدالله,Female,12/09/2015 14:27:30,Dammam,Street 5,+966,5851781270,Saudi,Muslim,lubaba.abdullah549@example.com,o(A$V1XHo*,2753997208,5371064809,False,Abdulrahman,Sultan,Abdullah,Abdulrahman,عبدالرحمن سلطان عبدالله,Male,12/09/1986 14:27:30,Dammam,Street 1,+966,5371064809,Saudi,Muslim,yHZW$due7!,abdulrahman.abdullah778@example.com,2696204660,5358967585,True,Tamadur,Zaid,Salem,Tamadur,تماضر زيد سالم,Female,12/09/1992 14:27:30,Medina,Street 1,+966,5358967585,Saudi,Muslim,tamadur.salem417@example.com,(@O9p*q(bG
8414,الإعدادية,الثالث الإعدادي,ج,2025-2026,2533392418,P1230808362,en,Salem,Abdulrahman,Abdullah,Salem,سالم عبدالرحمن عبدالله,Male,12/09/2015 14:27:30,Jeddah,Street 3,+966,5712949807,Saudi,Muslim,salem.abdullah461@example.com,!OBL0QwQia,2753997208,5371064809,False,Abdulrahman,Sultan,Abdullah,Abdulrahman,عبدالرحمن سلطان عبدالله,Male,12/09/1986 14:27:30,Dammam,Street 1,+966,5371064809,Saudi,Muslim,yHZW$due7!,abdulrahman.abdullah778@example.com,2696204660,5358967585,True,Tamadur,Zaid,Salem,Tamadur,تماضر زيد سالم,Female,12/09/1992 14:27:30,Medina,Street 1,+966,5358967585,Saudi,Muslim,tamadur.salem417@example.com,(@O9p*q(bG
1840,الإعدادية,الثالث الإعدادي,ج,2025-2026,1149495364,P2828160782,en,Zayne,Abdulrahman,Yousef,Zayne,زين عبدالرحمن يوسف,Male,12/09/2018 14:27:30,Mecca,Street 4,+966,5653612505,Saudi,Muslim,zayne.yousef677@example.com,2*3oDYY$#7,2107423000,5907714494,False,Abdulrahman,Mohammed,Yousef,Abdulrahman,عبدالرحمن محمد يوسف,Male,12/09/1992 14:27:30,Dammam,Street 4,+966,5907714494,Saudi,Muslim,bH#ZH4k%d5,abdulrahman.yousef806@example.com,1387331786,5414355594,True,Assiya,Tariq,Mahdi,Assiya,أسيا طارق مهدي,Female,12/09/1986 14:27:30,Medina,Street 5,+966,5414355594,Saudi,Muslim,assiya.mahdi833@example.com,Ueo%6Tb^0)
3000,الإعدادية,الثالث الإعدادي,ج,2025-2026,1929868455,P2461831494,ar,Abdulaziz,Abdulrahman,Yousef,Abdulaziz,عبدالعزيز عبدالرحمن يوسف,Male,12/09/2016 14:27:30,Riyadh,Street 5,+966,5747470955,Saudi,Muslim,abdulaziz.yousef319@example.com,Y*uYWxQ%2c,2107423000,5907714494,False,Abdulrahman,Mohammed,Yousef,Abdulrahman,عبدالرحمن محمد يوسف,Male,12/09/1992 14:27:30,Dammam,Street 4,+966,5907714494,Saudi,Muslim,bH#ZH4k%d5,abdulrahman.yousef806@example.com,1387331786,5414355594,True,Assiya,Tariq,Mahdi,Assiya,أسيا طارق مهدي,Female,12/09/1986 14:27:30,Medina,Street 5,+966,5414355594,Saudi,Muslim,assiya.mahdi833@example.com,Ueo%6Tb^0)
2981,الإعدادية,الثالث الإعدادي,ج,2025-2026,1856196347,P2448770732,en,Dana,Zaid,Hassan,Dana,دانا زيد حسن,Female,12/09/2017 14:27:30,Dammam,Street 5,+966,5547126292,Saudi,Christian,dana.hassan226@example.com,^q43pQtwLc,1853226386,5236727906,False,Zaid,Salman,Hassan,Zaid,زيد سلمان حسن,Male,12/09/1983 14:27:30,Medina,Street 3,+966,5236727906,Saudi,Christian,o&x748YZuh,zaid.hassan378@example.com,2205132896,5942471833,True,Salma,Hamza,Hamza,Salma,سلمى حمزة حمزة,Female,12/09/1981 14:27:30,Dammam,Street 1,+966,5942471833,Saudi,Christian,salma.hamza722@example.com,oI2YnZ%i51
3047,الإعدادية,الثالث الإعدادي,ج,2025-2026,2252997045,P2855035772,ar,Hamza,Mohammed,Hamza,Hamza,حمزة محمد حمزة,Male,12/09/2014 14:27:30,Mecca,Street 1,+966,5576757626,Saudi,Muslim,hamza.hamza890@example.com,JYR%D8hm%I,2242263430,5536743986,False,Mohammed,Bilal,Hamza,Mohammed,محمد بلال حمزة,Male,12/09/1981 14:27:30,Medina,Street 5,+966,5536743986,Saudi,Muslim,%%*IeesP8f,mohammed.hamza651@example.com,1888122212,5683020894,True,Aisha,Tariq,Sulaiman,Aisha,عائشة طارق سليمان,Female,12/09/1990 14:27:30,Riyadh,Street 3,+966,5683020894,Saudi,Muslim,aisha.sulaiman610@example.com,x1oWfxh$DS
1596,الإعدادية,الثالث الإعدادي,ج,2025-2026,2776057205,P1254973958,ar,Sara,Zaid,Mahdi,Sara,سارة زيد مهدي,Female,12/09/2019 14:27:30,Riyadh,Street 4,+966,5876198239,Saudi,Muslim,sara.mahdi595@example.com,diUfAY%(W4,1223513709,5845898283,False,Zaid,Ahmed,Mahdi,Zaid,زيد أحمد مهدي,Male,12/09/1979 14:27:30,Riyadh,Street 4,+966,5845898283,Saudi,Muslim,En1746J&Ph,zaid.mahdi138@example.com,1309628632,5596048074,True,Zainab,Turki,Akram,Zainab,زينب تركي أكرم,Female,12/09/1986 14:27:30,Mecca,Street 3,+966,5596048074,Saudi,Muslim,zainab.akram463@example.com,G@%$4z4jjH
5514,الإعدادية,الثالث الإعدادي,ج,2025-2026,2541044975,P1724699461,en,Rania,Zaid,Mahdi,Rania,رانيا زيد مهدي,Female,12/09/2016 14:27:30,Riyadh,Street 2,+966,5782261637,Saudi,Muslim,rania.mahdi835@example.com,*v**C6rHha,1223513709,5845898283,False,Zaid,Ahmed,Mahdi,Zaid,زيد أحمد مهدي,Male,12/09/1979 14:27:30,Riyadh,Street 4,+966,5845898283,Saudi,Muslim,En1746J&Ph,zaid.mahdi138@example.com,1309628632,5596048074,True,Zainab,Turki,Akram,Zainab,زينب تركي أكرم,Female,12/09/1986 14:27:30,Mecca,Street 3,+966,5596048074,Saudi,Muslim,zainab.akram463@example.com,G@%$4z4jjH
1364,الإعدادية,الثالث الإعدادي,ج,2025-2026,1172876558,P1589785100,ar,Sulaiman,Ibrahim,Zayne,Sulaiman,سليمان إبراهيم زين,Male,12/09/2016 14:27:30,Riyadh,Street 5,+966,5215611805,Saudi,Christian,sulaiman.zayne459@example.com,*fLk^O^o7e,1261987303,5735059770,False,Ibrahim,Ibrahim,Zayne,Ibrahim,إبراهيم إبراهيم زين,Male,12/09/1979 14:27:30,Jeddah,Street 5,+966,5735059770,Saudi,Christian,vl)W746zSw,ibrahim.zayne419@example.com,2205256008,5651020341,True,Maryam,Bilal,Bilal,Maryam,مريم بلال بلال,Female,12/09/1996 14:27:30,Mecca,Street 2,+966,5651020341,Saudi,Christian,maryam.bilal560@example.com,kSwoEQ%9l$
1266,الإعدادية,الثالث الإعدادي,ج,2025-2026,1570960166,P1959366835,en,Layla,Ismail,Idris,Layla,ليلى إسماعيل إدريس,Female,12/09/2015 14:27:30,Dammam,Street 3,+966,5301229716,Saudi,Muslim,layla.idris242@example.com,1kC(1qiB^S,2672130966,5792448208,True,Ismail,Ibrahim,Idris,Ismail,إسماعيل إبراهيم إدريس,Male,12/09/1976 14:27:30,Mecca,Street 5,+966,5792448208,Saudi,Muslim,lTQcq!bBk8,ismail.idris370@example.com,1112108217,5246515660,False,Sara,Tariq,Abdulaziz,Sara,سارة طارق عبدالعزيز,Female,12/09/1982 14:27:30,Jeddah,Street 4,+966,5246515660,Saudi,Muslim,sara.abdulaziz898@example.com,Zdqu6)NG@Y
5183,الإعدادية,الثالث الإعدادي,ج,2025-2026,2840872831,P1169176412,ar,Yasmin,Omar,Hussein,Yasmin,ياسمين عمر حسين,Female,12/09/2017 14:27:30,Riyadh,Street 5,+966,5763383613,Saudi,Christian,yasmin.hussein479@example.com,t5ghWT8W!K,1491879188,5826739564,True,Omar,Ismail,Hussein,Omar,عمر إسماعيل حسين,Male,12/09/1995 14:27:30,Jeddah,Street 5,+966,5826739564,Saudi,Christian,@V*P73xc0i,omar.hussein896@example.com,2459516090,5301997803,False,Lama,Ali,Bilal,Lama,لمى علي بلال,Female,12/09/1993 14:27:30,Mecca,Street 2,+966,5301997803,Saudi,Christian,lama.bilal242@example.com,k2OYWvM%&v
7577,الإعدادية,الثالث الإعدادي,ج,2025-2026,2773378507,P2605405261,en,Hanan,Ibrahim,Salem,Hanan,حنان إبراهيم سالم,Female,12/09/2014 14:27:30,Jeddah,Street 4,+966,5902349681,Saudi,Christian,hanan.salem306@example.com,$g1m7B6hIt,1389435838,5522793477,False,Ibrahim,Hamza,Salem,Ibrahim,إبراهيم حمزة سالم,Male,12/09/1987 14:27:30,Jeddah,Street 4,+966,5522793477,Saudi,Christian,8d9ner#rkC,ibrahim.salem387@example.com,1871938431,5910803167,True,Sedra,Khalid,Ismail,Sedra,سدرة خالد إسماعيل,Female,12/09/1996 14:27:30,Medina,Street 1,+966,5910803167,Saudi,Christian,sedra.ismail401@example.com,CB6x7&Go^b
7326,الإعدادية,الثالث الإعدادي,ج,2025-2026,2688988155,P2477037319,ar,Noor,Sulaiman,Zaid,Noor,نور سليمان زيد,Female,12/09/2015 14:27:30,Dammam,Street 5,+966,5164097653,Saudi,Christian,noor.zaid386@example.com,W*%au366lL,2614523715,5529049081,False,Sulaiman,Abdulrahman,Zaid,Sulaiman,سليمان عبدالرحمن زيد,Male,12/09/1993 14:27:30,Riyadh,Street 1,+966,5529049081,Saudi,Christian,n%6p%lJzc&,sulaiman.zaid812@example.com,1199337437,5391082870,True,Dana,Fahad,Ibrahim,Dana,دانا فهد إبراهيم,Female,12/09/1992 14:27:30,Riyadh,Street 2,+966,5391082870,Saudi,Christian,dana.ibrahim322@example.com,mUN%9L#C$z
7079,الثانوية,الأول الثانوي,أ,2025-2026,2178199972,P1655335001,ar,Zaid,Yousef,Nasser,Zaid,زيد يوسف ناصر,Male,12/09/2019 14:27:30,Dammam,Street 5,+966,5423677783,Saudi,Muslim,zaid.nasser116@example.com,Hz)mc72EYX,1509970547,5581090763,True,Yousef,Salem,Nasser,Yousef,يوسف سالم ناصر,Male,12/09/1989 14:27:30,Mecca,Street 5,+966,5581090763,Saudi,Muslim,Bmes4mkDM$,yousef.nasser592@example.com,1695882754,5281405156,False,Dana,Akram,Akram,Dana,دانا أكرم أكرم,Female,12/09/1982 14:27:30,Medina,Street 1,+966,5281405156,Saudi,Muslim,dana.akram700@example.com,)(zqUe)0v6
1932,الثانوية,الأول الثانوي,أ,2025-2026,2607352876,P2252707883,ar,Maha,Zayne,Hussein,Maha,مها زين حسين,Female,12/09/2019 14:27:30,Riyadh,Street 2,+966,5867183102,Saudi,Muslim,maha.hussein175@example.com,&%w^T$w1Lb,2333291821,5474078464,False,Zayne,Sulaiman,Hussein,Zayne,زين سليمان حسين,Male,12/09/1984 14:27:30,Jeddah,Street 4,+966,5474078464,Saudi,Muslim,#FgGvd7*$^,zayne.hussein500@example.com,1261712611,5811010407,True,Atika,Ali,Turki,Atika,عاتكة علي تركي,Female,12/09/1990 14:27:30,Medina,Street 5,+966,5811010407,Saudi,Muslim,atika.turki491@example.com,SS6%MskHNN
2467,الثانوية,الأول الثانوي,أ,2025-2026,1452604632,P1853906434,en,Khalid,Mohammed,Ali,Khalid,خالد محمد علي,Male,12/09/2017 14:27:30,Dammam,Street 2,+966,5578814425,Saudi,Christian,khalid.ali148@example.com,b36Ogn2#Y%,2761377607,5997082919,True,Mohammed,Khalid,Ali,Mohammed,محمد خالد علي,Male,12/09/1991 14:27:30,Medina,Street 1,+966,5997082919,Saudi,Christian,WP(*7zTq)n,mohammed.ali555@example.com,2471658370,5152321771,False,Salma,Hamza,Ali,Salma,سلمى حمزة علي,Female,12/09/1982 14:27:30,Mecca,Street 2,+966,5152321771,Saudi,Christian,salma.ali831@example.com,@0r9X@ciwe
9236,الثانوية,الأول الثانوي,أ,2025-2026,2368227784,P2760288946,ar,Tariq,Hamza,Turki,Tariq,طارق حمزة تركي,Male,12/09/2018 14:27:30,Medina,Street 2,+966,5925411289,Saudi,Muslim,tariq.turki205@example.com,R9^8$^ysmO,1760358585,5720070617,True,Hamza,Turki,Turki,Hamza,حمزة تركي تركي,Male,12/09/1992 14:27:30,Jeddah,Street 2,+966,5720070617,Saudi,Muslim,FWVsW!8fbu,hamza.turki353@example.com,1862224616,5786217210,False,Rania,Riyad,Idris,Rania,رانيا رياض إدريس,Female,12/09/1986 14:27:30,Dammam,Street 3,+966,5786217210,Saudi,Muslim,rania.idris877@example.com,VsywAUA^x6
2960,الثانوية,الأول الثانوي,أ,2025-2026,1666268743,P1333182160,en,Zahra,Abdulaziz,Salem,Zahra,زهرة عبدالعزيز سالم,Female,12/09/2015 14:27:30,Jeddah,Street 1,+966,5178411172,Saudi,Muslim,zahra.salem392@example.com,(4wLVM5T%),2960103154,5125894946,False,Abdulaziz,Idris,Salem,Abdulaziz,عبدالعزيز إدريس سالم,Male,12/09/1994 14:27:30,Medina,Street 1,+966,5125894946,Saudi,Muslim,*!f7Avi2VK,abdulaziz.salem878@example.com,2210465396,5246207493,True,Reem,Riyad,Omar,Reem,ريم رياض عمر,Female,12/09/1993 14:27:30,Jeddah,Street 2,+966,5246207493,Saudi,Muslim,reem.omar732@example.com,l&R21Wpw#P
9136,الثانوية,الأول الثانوي,أ,2025-2026,1377016184,P1833264915,ar,Noor,Abdullah,Bilal,Noor,نور عبدالله بلال,Female,12/09/2017 14:27:30,Mecca,Street 2,+966,5748310655,Saudi,Muslim,noor.bilal275@example.com,#$TMy8TTr1,2185583336,5787958545,False,Abdullah,Mohammed,Bilal,Abdullah,عبدالله محمد بلال,Male,12/09/1980 14:27:30,Medina,Street 4,+966,5787958545,Saudi,Muslim,IX61IX*sbQ,abdullah.bilal419@example.com,2491922290,5271921590,True,Layla,Hussein,Fahad,Layla,ليلى حسين فهد,Female,12/09/1986 14:27:30,Riyadh,Street 2,+966,5271921590,Saudi,Muslim,layla.fahad967@example.com,3!otWc@m1q
4217,الثانوية,الأول الثانوي,أ,2025-2026,2699178685,P2775302070,ar,Saud,Mohammed,Idris,Saud,سعود محمد إدريس,Male,12/09/2015 14:27:30,Jeddah,Street 1,+966,5671907202,Saudi,Muslim,saud.idris841@example.com,PORt!nc59f,2656479743,5847536920,True,Mohammed,Fahad,Idris,Mohammed,محمد فهد إدريس,Male,12/09/1989 14:27:30,Riyadh,Street 2,+966,5847536920,Saudi,Muslim,Tsm5132#V@,mohammed.idris354@example.com,2399247181,5128173124,False,Lina,Salem,Abdullah,Lina,لينا سالم عبدالله,Female,12/09/1987 14:27:30,Mecca,Street 4,+966,5128173124,Saudi,Muslim,lina.abdullah232@example.com,5N(f2i$3Fg
7586,الثانوية,الأول الثانوي,أ,2025-2026,1764320219,P2264895762,ar,Reem,Abdulaziz,Ibrahim,Reem,ريم عبدالعزيز إبراهيم,Female,12/09/2017 14:27:30,Medina,Street 3,+966,5874232697,Saudi,Christian,reem.ibrahim313@example.com,1q!(4Uo3Sl,2815870864,5723597324,False,Abdulaziz,Tariq,Ibrahim,Abdulaziz,عبدالعزيز طارق إبراهيم,Male,12/09/1980 14:27:30,Dammam,Street 3,+966,5723597324,Saudi,Christian,(5ZBb33O$v,abdulaziz.ibrahim779@example.com,2415116750,5698836061,True,Maryam,Idris,Mohammed,Maryam,مريم إدريس محمد,Female,12/09/1997 14:27:30,Dammam,Street 2,+966,5698836061,Saudi,Christian,maryam.mohammed998@example.com,TL79ss@RAW
1496,الثانوية,الأول الثانوي,أ,2025-2026,1391063733,P2572770716,en,Khalid,Abdulaziz,Ibrahim,Khalid,خالد عبدالعزيز إبراهيم,Male,12/09/2019 14:27:30,Jeddah,Street 2,+966,5271683084,Saudi,Christian,khalid.ibrahim437@example.com,Nd9lNyt$Ij,2815870864,5723597324,False,Abdulaziz,Tariq,Ibrahim,Abdulaziz,عبدالعزيز طارق إبراهيم,Male,12/09/1980 14:27:30,Dammam,Street 3,+966,5723597324,Saudi,Christian,(5ZBb33O$v,abdulaziz.ibrahim779@example.com,2415116750,5698836061,True,Maryam,Idris,Mohammed,Maryam,مريم إدريس محمد,Female,12/09/1997 14:27:30,Dammam,Street 2,+966,5698836061,Saudi,Christian,maryam.mohammed998@example.com,TL79ss@RAW
8208,الثانوية,الأول الثانوي,أ,2025-2026,2234266214,P1266833904,ar,Saud,Khalid,Ahmed,Saud,سعود خالد أحمد,Male,12/09/2019 14:27:30,Jeddah,Street 1,+966,5400309017,Saudi,Muslim,saud.ahmed545@example.com,*vCl584qc$,2447083691,5180259045,True,Khalid,Sulaiman,Ahmed,Khalid,خالد سليمان أحمد,Male,12/09/1980 14:27:30,Riyadh,Street 1,+966,5180259045,Saudi,Muslim,yB6o!3@3Ts,khalid.ahmed540@example.com,2303491631,5375652002,False,Sara,Riyad,Zayne,Sara,سارة رياض زين,Female,12/09/1988 14:27:30,Medina,Street 2,+966,5375652002,Saudi,Muslim,sara.zayne751@example.com,it39K@U*43
8099,الثانوية,الأول الثانوي,أ,2025-2026,2525435362,P1287462555,en,Hassan,Khalid,Ahmed,Hassan,حسن خالد أحمد,Male,12/09/2016 14:27:30,Jeddah,Street 3,+966,5558487660,Saudi,Muslim,hassan.ahmed219@example.com,!1H*3efd1l,2447083691,5180259045,True,Khalid,Sulaiman,Ahmed,Khalid,خالد سليمان أحمد,Male,12/09/1980 14:27:30,Riyadh,Street 1,+966,5180259045,Saudi,Muslim,yB6o!3@3Ts,khalid.ahmed540@example.com,2303491631,5375652002,False,Sara,Riyad,Zayne,Sara,سارة رياض زين,Female,12/09/1988 14:27:30,Medina,Street 2,+966,5375652002,Saudi,Muslim,sara.zayne751@example.com,it39K@U*43
9056,الثانوية,الأول الثانوي,أ,2025-2026,1302349353,P2675085633,en,Ali,Khalid,Ahmed,Ali,علي خالد أحمد,Male,12/09/2015 14:27:30,Mecca,Street 2,+966,5884793029,Saudi,Muslim,ali.ahmed160@example.com,WEnb!9U&jC,2447083691,5180259045,True,Khalid,Sulaiman,Ahmed,Khalid,خالد سليمان أحمد,Male,12/09/1980 14:27:30,Riyadh,Street 1,+966,5180259045,Saudi,Muslim,yB6o!3@3Ts,khalid.ahmed540@example.com,2303491631,5375652002,False,Sara,Riyad,Zayne,Sara,سارة رياض زين,Female,12/09/1988 14:27:30,Medina,Street 2,+966,5375652002,Saudi,Muslim,sara.zayne751@example.com,it39K@U*43
5680,الثانوية,الأول الثانوي,أ,2025-2026,2189823850,P2981055681,ar,Lama,Idris,Zaid,Lama,لمى إدريس زيد,Female,12/09/2017 14:27:30,Medina,Street 1,+966,5679837787,Saudi,Muslim,lama.zaid598@example.com,nv6)FWo*fT,1277236772,5940723818,False,Idris,Abdulrahman,Zaid,Idris,إدريس عبدالرحمن زيد,Male,12/09/1987 14:27:30,Mecca,Street 1,+966,5940723818,Saudi,Muslim,^7fhsyJ24%,idris.zaid772@example.com,1679882546,5464487012,True,Assiya,Akram,Zaid,Assiya,أسيا أكرم زيد,Female,12/09/1982 14:27:30,Jeddah,Street 4,+966,5464487012,Saudi,Muslim,assiya.zaid235@example.com,5l(7spD0Qh
2077,الثانوية,الأول الثانوي,أ,2025-2026,1811211885,P2601299421,en,Nora,Ahmed,Salem,Nora,نورا أحمد سالم,Female,12/09/2015 14:27:30,Medina,Street 1,+966,5486218635,Saudi,Christian,nora.salem732@example.com,C7a(0s^X6U,2398813024,5768950193,False,Ahmed,Saud,Salem,Ahmed,أحمد سعود سالم,Male,12/09/1984 14:27:30,Dammam,Street 4,+966,5768950193,Saudi,Christian,Dbi))vZ9S%,ahmed.salem472@example.com,2528099172,5502316569,True,Hanan,Hamza,Fahad,Hanan,حنان حمزة فهد,Female,12/09/1988 14:27:30,Mecca,Street 2,+966,5502316569,Saudi,Christian,hanan.fahad207@example.com,P4*65USqJf
3952,الثانوية,الأول الثانوي,أ,2025-2026,1913322364,P2645836674,en,Abdullah,Turki,Saud,Abdullah,عبدالله تركي سعود,Male,12/09/2016 14:27:30,Medina,Street 5,+966,5422122664,Saudi,Muslim,abdullah.saud988@example.com,L0UO%fbM68,1406288790,5389720436,True,Turki,Khalid,Saud,Turki,تركي خالد سعود,Male,12/09/1987 14:27:30,Mecca,Street 2,+966,5389720436,Saudi,Muslim,6iB^676YSl,turki.saud304@example.com,2125074285,5969594274,False,Sedra,Abdullah,Abdullah,Sedra,سدرة عبدالله عبدالله,Female,12/09/1987 14:27:30,Medina,Street 5,+966,5969594274,Saudi,Muslim,sedra.abdullah352@example.com,5gkO8@BsZr
4802,الثانوية,الأول الثانوي,أ,2025-2026,2350257347,P1675075741,en,Layla,Ibrahim,Hussein,Layla,ليلى إبراهيم حسين,Female,12/09/2016 14:27:30,Riyadh,Street 1,+966,5265752220,Saudi,Muslim,layla.hussein266@example.com,l$aZ5bk2J!,2332780478,5355316528,False,Ibrahim,Zaid,Hussein,Ibrahim,إبراهيم زيد حسين,Male,12/09/1980 14:27:30,Jeddah,Street 4,+966,5355316528,Saudi,Muslim,uzY2C7(0F#,ibrahim.hussein842@example.com,1315718876,5380870852,True,Zainab,Khalid,Fahad,Zainab,زينب خالد فهد,Female,12/09/1997 14:27:30,Mecca,Street 3,+966,5380870852,Saudi,Muslim,zainab.fahad213@example.com,Zr4!NgyY6k
7121,الثانوية,الأول الثانوي,أ,2025-2026,1585038782,P2850331125,ar,Sara,Hamza,Abdulrahman,Sara,سارة حمزة عبدالرحمن,Female,12/09/2017 14:27:30,Riyadh,Street 5,+966,5624776300,Saudi,Christian,sara.abdulrahman791@example.com,5izy@rYP6),1121381221,5748185131,False,Hamza,Ibrahim,Abdulrahman,Hamza,حمزة إبراهيم عبدالرحمن,Male,12/09/1994 14:27:30,Riyadh,Street 5,+966,5748185131,Saudi,Christian,Zed*9&O2KZ,hamza.abdulrahman163@example.com,1319157578,5304839007,True,Hanan,Fahad,Tariq,Hanan,حنان فهد طارق,Female,12/09/1984 14:27:30,Mecca,Street 3,+966,5304839007,Saudi,Christian,hanan.tariq481@example.com,iZk7V3x99!
8753,الثانوية,الأول الثانوي,أ,2025-2026,1390059433,P2624963301,en,Saud,Hamza,Abdulrahman,Saud,سعود حمزة عبدالرحمن,Male,12/09/2019 14:27:30,Medina,Street 1,+966,5448743229,Saudi,Christian,saud.abdulrahman702@example.com,gZ*5IYO%IQ,1121381221,5748185131,False,Hamza,Ibrahim,Abdulrahman,Hamza,حمزة إبراهيم عبدالرحمن,Male,12/09/1994 14:27:30,Riyadh,Street 5,+966,5748185131,Saudi,Christian,Zed*9&O2KZ,hamza.abdulrahman163@example.com,1319157578,5304839007,True,Hanan,Fahad,Tariq,Hanan,حنان فهد طارق,Female,12/09/1984 14:27:30,Mecca,Street 3,+966,5304839007,Saudi,Christian,hanan.tariq481@example.com,iZk7V3x99!
4090,الثانوية,الأول الثانوي,أ,2025-2026,1591495817,P1158395655,en,Ali,Ali,Salman,Ali,علي علي سلمان,Male,12/09/2016 14:27:30,Riyadh,Street 5,+966,5598354945,Saudi,Christian,ali.salman751@example.com,2^NBbYRNQy,2988443884,5672029713,False,Ali,Ismail,Salman,Ali,علي إسماعيل سلمان,Male,12/09/1984 14:27:30,Dammam,Street 4,+966,5672029713,Saudi,Christian,tb8UwS)!2U,ali.salman529@example.com,2280011888,5358668727,True,Safiyyah,Akram,Riyad,Safiyyah,صفية أكرم رياض,Female,12/09/1983 14:27:30,Mecca,Street 3,+966,5358668727,Saudi,Christian,safiyyah.riyad700@example.com,w*)kfH1esK
4668,الثانوية,الأول الثانوي,أ,2025-2026,2402300246,P2509834231,ar,Zahra,Ali,Nasser,Zahra,زهرة علي ناصر,Female,12/09/2019 14:27:30,Medina,Street 3,+966,5730018282,Saudi,Christian,zahra.nasser403@example.com,wQ24jeJ(FN,2794082375,5706899255,False,Ali,Turki,Nasser,Ali,علي تركي ناصر,Male,12/09/1992 14:27:30,Mecca,Street 3,+966,5706899255,Saudi,Christian,ckcol%J6lE,ali.nasser453@example.com,1146073202,5488092129,True,Safiyyah,Tariq,Salman,Safiyyah,صفية طارق سلمان,Female,12/09/1996 14:27:30,Jeddah,Street 4,+966,5488092129,Saudi,Christian,safiyyah.salman491@example.com,zP0ylM0KG^
5046,الثانوية,الأول الثانوي,أ,2025-2026,1603485159,P1998529483,en,Sulaiman,Saud,Mahdi,Sulaiman,سليمان سعود مهدي,Male,12/09/2014 14:27:30,Riyadh,Street 3,+966,5409684687,Saudi,Muslim,sulaiman.mahdi416@example.com,1%aX*mKqk0,2626943120,5646913300,True,Saud,Tariq,Mahdi,Saud,سعود طارق مهدي,Male,12/09/1981 14:27:30,Medina,Street 2,+966,5646913300,Saudi,Muslim,0bOxxGN$)9,saud.mahdi492@example.com,1833605007,5180309579,False,Salma,Salem,Omar,Salma,سلمى سالم عمر,Female,12/09/1995 14:27:30,Riyadh,Street 2,+966,5180309579,Saudi,Muslim,salma.omar321@example.com,!yO0nxH@0y
9523,الثانوية,الأول الثانوي,أ,2025-2026,1562884149,P1368212282,en,Nasser,Saud,Mahdi,Nasser,ناصر سعود مهدي,Male,12/09/2014 14:27:30,Riyadh,Street 5,+966,5150998741,Saudi,Muslim,nasser.mahdi159@example.com,)gh%w#L6rm,2626943120,5646913300,True,Saud,Tariq,Mahdi,Saud,سعود طارق مهدي,Male,12/09/1981 14:27:30,Medina,Street 2,+966,5646913300,Saudi,Muslim,0bOxxGN$)9,saud.mahdi492@example.com,1833605007,5180309579,False,Salma,Salem,Omar,Salma,سلمى سالم عمر,Female,12/09/1995 14:27:30,Riyadh,Street 2,+966,5180309579,Saudi,Muslim,salma.omar321@example.com,!yO0nxH@0y
6777,الثانوية,الأول الثانوي,أ,2025-2026,2854818011,P2771669811,en,Lama,Hamza,Khalid,Lama,لمى حمزة خالد,Female,12/09/2014 14:27:30,Dammam,Street 3,+966,5529518872,Saudi,Muslim,lama.khalid886@example.com,t2$il5$QhJ,2825595949,5999449528,True,Hamza,Ali,Khalid,Hamza,حمزة علي خالد,Male,12/09/1994 14:27:30,Riyadh,Street 3,+966,5999449528,Saudi,Muslim,^5G@mu)XU#,hamza.khalid250@example.com,1818393271,5618075398,False,Sara,Tariq,Ahmed,Sara,سارة طارق أحمد,Female,12/09/1992 14:27:30,Mecca,Street 3,+966,5618075398,Saudi,Muslim,sara.ahmed390@example.com,@Dmretk0Ex
8413,الثانوية,الأول الثانوي,أ,2025-2026,1727791335,P1955844958,en,Turki,Sulaiman,Fahad,Turki,تركي سليمان فهد,Male,12/09/2014 14:27:30,Riyadh,Street 2,+966,5986974718,Saudi,Muslim,turki.fahad987@example.com,0wEEg0789^,2964675012,5426016002,True,Sulaiman,Abdullah,Fahad,Sulaiman,سليمان عبدالله فهد,Male,12/09/1981 14:27:30,Mecca,Street 4,+966,5426016002,Saudi,Muslim,&nzys8eD$r,sulaiman.fahad274@example.com,2694540380,5660054633,False,Haya,Mahdi,Turki,Haya,هيا مهدي تركي,Female,12/09/1992 14:27:30,Jeddah,Street 2,+966,5660054633,Saudi,Muslim,haya.turki358@example.com,BAaV*0iWH)
6029,الثانوية,الأول الثانوي,أ,2025-2026,1201943887,P1854695745,en,Zaid,Fahad,Mohammed,Zaid,زيد فهد محمد,Male,12/09/2015 14:27:30,Medina,Street 3,+966,5350039656,Saudi,Muslim,zaid.mohammed527@example.com,4Zinu5r(fC,1404305345,5790819114,False,Fahad,Sulaiman,Mohammed,Fahad,فهد سليمان محمد,Male,12/09/1982 14:27:30,Mecca,Street 4,+966,5790819114,Saudi,Muslim,^n#jOlL@A8,fahad.mohammed357@example.com,1411385664,5830378652,True,Reem,Hussein,Hamza,Reem,ريم حسين حمزة,Female,12/09/1994 14:27:30,Riyadh,Street 1,+966,5830378652,Saudi,Muslim,reem.hamza938@example.com,8R6)8tlLnM
5703,الثانوية,الأول الثانوي,أ,2025-2026,2682645892,P1601479867,ar,Aisha,Khalid,Idris,Aisha,عائشة خالد إدريس,Female,12/09/2018 14:27:30,Mecca,Street 2,+966,5652661895,Saudi,Christian,aisha.idris901@example.com,8Y0q5jK(1R,2934027271,5505629525,False,Khalid,Khalid,Idris,Khalid,خالد خالد إدريس,Male,12/09/1982 14:27:30,Mecca,Street 1,+966,5505629525,Saudi,Christian,)7&!QQkg0h,khalid.idris222@example.com,2282511053,5559872115,True,Sedra,Zaid,Salem,Sedra,سدرة زيد سالم,Female,12/09/1984 14:27:30,Medina,Street 1,+966,5559872115,Saudi,Christian,sedra.salem410@example.com,4Fu)Z5U@O!
1671,الثانوية,الأول الثانوي,أ,2025-2026,2609602615,P1844130689,en,Noor,Khalid,Idris,Noor,نور خالد إدريس,Female,12/09/2017 14:27:30,Medina,Street 4,+966,5954956284,Saudi,Christian,noor.idris982@example.com,zrpGxb2(^T,2934027271,5505629525,False,Khalid,Khalid,Idris,Khalid,خالد خالد إدريس,Male,12/09/1982 14:27:30,Mecca,Street 1,+966,5505629525,Saudi,Christian,)7&!QQkg0h,khalid.idris222@example.com,2282511053,5559872115,True,Sedra,Zaid,Salem,Sedra,سدرة زيد سالم,Female,12/09/1984 14:27:30,Medina,Street 1,+966,5559872115,Saudi,Christian,sedra.salem410@example.com,4Fu)Z5U@O!
9127,الثانوية,الأول الثانوي,أ,2025-2026,2843810487,P1719621191,en,Lama,Khalid,Idris,Lama,لمى خالد إدريس,Female,12/09/2016 14:27:30,Dammam,Street 5,+966,5554603879,Saudi,Christian,lama.idris987@example.com,&YN)jSnJ8e,2934027271,5505629525,False,Khalid,Khalid,Idris,Khalid,خالد خالد إدريس,Male,12/09/1982 14:27:30,Mecca,Street 1,+966,5505629525,Saudi,Christian,)7&!QQkg0h,khalid.idris222@example.com,2282511053,5559872115,True,Sedra,Zaid,Salem,Sedra,سدرة زيد سالم,Female,12/09/1984 14:27:30,Medina,Street 1,+966,5559872115,Saudi,Christian,sedra.salem410@example.com,4Fu)Z5U@O!
5091,الثانوية,الأول الثانوي,أ,2025-2026,1446638422,P2271678350,ar,Tamadur,Riyad,Zayne,Tamadur,تماضر رياض زين,Female,12/09/2014 14:27:30,Medina,Street 5,+966,5854521722,Saudi,Muslim,tamadur.zayne542@example.com,Dx!c)ICT3X,1433881206,5264354714,True,Riyad,Mohammed,Zayne,Riyad,رياض محمد زين,Male,12/09/1992 14:27:30,Dammam,Street 5,+966,5264354714,Saudi,Muslim,kD0dwUwOc$,riyad.zayne569@example.com,1227761939,5802049543,False,Noor,Riyad,Bilal,Noor,نور رياض بلال,Female,12/09/1985 14:27:30,Jeddah,Street 1,+966,5802049543,Saudi,Muslim,noor.bilal540@example.com,zkw!YE0D@j
2084,الثانوية,الأول الثانوي,أ,2025-2026,2196947993,P2415599177,en,Abdulaziz,Zayne,Sulaiman,Abdulaziz,عبدالعزيز زين سليمان,Male,12/09/2018 14:27:30,Riyadh,Street 1,+966,5271371505,Saudi,Muslim,abdulaziz.sulaiman903@example.com,em@Hn&*79S,1927696444,5997336932,True,Zayne,Fahad,Sulaiman,Zayne,زين فهد سليمان,Male,12/09/1980 14:27:30,Riyadh,Street 2,+966,5997336932,Saudi,Muslim,(K&p7uBBlO,zayne.sulaiman690@example.com,1175176607,5121079250,False,Lama,Abdulrahman,Abdulrahman,Lama,لمى عبدالرحمن عبدالرحمن,Female,12/09/1990 14:27:30,Jeddah,Street 3,+966,5121079250,Saudi,Muslim,lama.abdulrahman151@example.com,*uyP$b!988
3809,الثانوية,الأول الثانوي,ب,2025-2026,2863288926,P1685934346,ar,Atika,Zayne,Sulaiman,Atika,عاتكة زين سليمان,Female,12/09/2018 14:27:30,Mecca,Street 4,+966,5256558366,Saudi,Muslim,atika.sulaiman500@example.com,#3FpLDg%BZ,1927696444,5997336932,True,Zayne,Fahad,Sulaiman,Zayne,زين فهد سليمان,Male,12/09/1980 14:27:30,Riyadh,Street 2,+966,5997336932,Saudi,Muslim,(K&p7uBBlO,zayne.sulaiman690@example.com,1175176607,5121079250,False,Lama,Abdulrahman,Abdulrahman,Lama,لمى عبدالرحمن عبدالرحمن,Female,12/09/1990 14:27:30,Jeddah,Street 3,+966,5121079250,Saudi,Muslim,lama.abdulrahman151@example.com,*uyP$b!988
6806,الثانوية,الأول الثانوي,ب,2025-2026,1469253240,P2665351384,ar,Sara,Ibrahim,Omar,Sara,سارة إبراهيم عمر,Female,12/09/2015 14:27:30,Jeddah,Street 3,+966,5506395110,Saudi,Muslim,sara.omar695@example.com,XJx@s%7j1C,2669852104,5342477313,True,Ibrahim,Abdulaziz,Omar,Ibrahim,إبراهيم عبدالعزيز عمر,Male,12/09/1984 14:27:30,Jeddah,Street 4,+966,5342477313,Saudi,Muslim,D&a%Bs^Y9f,ibrahim.omar339@example.com,1866507943,5578327496,False,Sara,Ali,Nasser,Sara,سارة علي ناصر,Female,12/09/1981 14:27:30,Dammam,Street 3,+966,5578327496,Saudi,Muslim,sara.nasser617@example.com,C9O$1%TdZO
5382,الثانوية,الأول الثانوي,ب,2025-2026,2708025364,P1641074944,en,Assiya,Tariq,Mohammed,Assiya,أسيا طارق محمد,Female,12/09/2016 14:27:30,Medina,Street 5,+966,5838172205,Saudi,Christian,assiya.mohammed171@example.com,2h2@g4c*sW,1361575935,5134398586,False,Tariq,Khalid,Mohammed,Tariq,طارق خالد محمد,Male,12/09/1982 14:27:30,Dammam,Street 5,+966,5134398586,Saudi,Christian,(mX3!tYxVq,tariq.mohammed879@example.com,2863361480,5362161061,True,Salma,Fahad,Abdulaziz,Salma,سلمى فهد عبدالعزيز,Female,12/09/1990 14:27:30,Jeddah,Street 2,+966,5362161061,Saudi,Christian,salma.abdulaziz689@example.com,t1BRv2mgg@
8925,الثانوية,الأول الثانوي,ب,2025-2026,1494786900,P1507035065,ar,Bilal,Sulaiman,Turki,Bilal,بلال سليمان تركي,Male,12/09/2017 14:27:30,Mecca,Street 4,+966,5169908296,Saudi,Muslim,bilal.turki932@example.com,VZlI)pdD0G,2208097519,5111985956,False,Sulaiman,Riyad,Turki,Sulaiman,سليمان رياض تركي,Male,12/09/1983 14:27:30,Jeddah,Street 1,+966,5111985956,Saudi,Muslim,kAkcyH5)$%,sulaiman.turki675@example.com,2790030167,5768579850,True,Zainab,Zayne,Saud,Zainab,زينب زين سعود,Female,12/09/1989 14:27:30,Medina,Street 4,+966,5768579850,Saudi,Muslim,zainab.saud293@example.com,IPwVSh^0d9
8843,الثانوية,الأول الثانوي,ب,2025-2026,1210320280,P1752339055,en,Hamza,Zayne,Salem,Hamza,حمزة زين سالم,Male,12/09/2016 14:27:30,Dammam,Street 1,+966,5586583614,Saudi,Muslim,hamza.salem109@example.com,*Q$3L&7rUs,2309779108,5710604889,True,Zayne,Omar,Salem,Zayne,زين عمر سالم,Male,12/09/1978 14:27:30,Riyadh,Street 4,+966,5710604889,Saudi,Muslim,2#JGh#88lp,zayne.salem613@example.com,1838873206,5890244840,False,Lubaba,Sultan,Turki,Lubaba,لبابة سلطان تركي,Female,12/09/1986 14:27:30,Medina,Street 4,+966,5890244840,Saudi,Muslim,lubaba.turki460@example.com,vE5xP@A6&*
3811,الثانوية,الأول الثانوي,ب,2025-2026,2352879867,P1154225745,ar,Tamadur,Sulaiman,Bilal,Tamadur,تماضر سليمان بلال,Female,12/09/2018 14:27:30,Mecca,Street 4,+966,5928656472,Saudi,Muslim,tamadur.bilal698@example.com,ua%TPa*hT6,1726258642,5855505863,False,Sulaiman,Ali,Bilal,Sulaiman,سليمان علي بلال,Male,12/09/1982 14:27:30,Jeddah,Street 1,+966,5855505863,Saudi,Muslim,a*S*89TPKd,sulaiman.bilal940@example.com,2869607081,5544957299,True,Khadijah,Mahdi,Abdulrahman,Khadijah,خديجة مهدي عبدالرحمن,Female,12/09/1996 14:27:30,Medina,Street 1,+966,5544957299,Saudi,Muslim,khadijah.abdulrahman315@example.com,1)iCEucN$X
6256,الثانوية,الأول الثانوي,ب,2025-2026,1990181548,P1207866468,ar,Maha,Hamza,Yousef,Maha,مها حمزة يوسف,Female,12/09/2016 14:27:30,Riyadh,Street 1,+966,5981030410,Saudi,Christian,maha.yousef583@example.com,U#&i3mVmDe,1813542168,5651523077,False,Hamza,Sultan,Yousef,Hamza,حمزة سلطان يوسف,Male,12/09/1995 14:27:30,Riyadh,Street 4,+966,5651523077,Saudi,Christian,lz%$hfX)K8,hamza.yousef202@example.com,2445430326,5588234117,True,Yasmin,Turki,Mohammed,Yasmin,ياسمين تركي محمد,Female,12/09/1986 14:27:30,Dammam,Street 4,+966,5588234117,Saudi,Christian,yasmin.mohammed266@example.com,4Yik!H^#!1
2937,الثانوية,الأول الثانوي,ب,2025-2026,2477431653,P1500257262,ar,Rania,Hamza,Yousef,Rania,رانيا حمزة يوسف,Female,12/09/2018 14:27:30,Riyadh,Street 4,+966,5795000580,Saudi,Christian,rania.yousef938@example.com,qDktGm8*AQ,1813542168,5651523077,False,Hamza,Sultan,Yousef,Hamza,حمزة سلطان يوسف,Male,12/09/1995 14:27:30,Riyadh,Street 4,+966,5651523077,Saudi,Christian,lz%$hfX)K8,hamza.yousef202@example.com,2445430326,5588234117,True,Yasmin,Turki,Mohammed,Yasmin,ياسمين تركي محمد,Female,12/09/1986 14:27:30,Dammam,Street 4,+966,5588234117,Saudi,Christian,yasmin.mohammed266@example.com,4Yik!H^#!1
2997,الثانوية,الأول الثانوي,ب,2025-2026,2765853690,P2537351753,ar,Hussein,Salem,Ibrahim,Hussein,حسين سالم إبراهيم,Male,12/09/2015 14:27:30,Jeddah,Street 4,+966,5325447505,Saudi,Christian,hussein.ibrahim664@example.com,5WG!qrtFPH,2444605718,5521251589,False,Salem,Idris,Ibrahim,Salem,سالم إدريس إبراهيم,Male,12/09/1979 14:27:30,Medina,Street 4,+966,5521251589,Saudi,Christian,TGhp(5(8pc,salem.ibrahim140@example.com,2895363363,5565935889,True,Maha,Turki,Ali,Maha,مها تركي علي,Female,12/09/1990 14:27:30,Mecca,Street 1,+966,5565935889,Saudi,Christian,maha.ali161@example.com,fR1f5y%YJU
3796,الثانوية,الأول الثانوي,ب,2025-2026,2321903468,P2427814707,ar,Fatimah,Nasser,Nasser,Fatimah,فاطمة ناصر ناصر,Female,12/09/2017 14:27:30,Mecca,Street 4,+966,5879491219,Saudi,Christian,fatimah.nasser494@example.com,Fln70m5*wS,2145544305,5102688549,True,Nasser,Ali,Nasser,Nasser,ناصر علي ناصر,Male,12/09/1994 14:27:30,Jeddah,Street 4,+966,5102688549,Saudi,Christian,XV$!j0wYXJ,nasser.nasser337@example.com,2639853215,5543374841,False,Lubaba,Zaid,Salem,Lubaba,لبابة زيد سالم,Female,12/09/1987 14:27:30,Medina,Street 4,+966,5543374841,Saudi,Christian,lubaba.salem384@example.com,#2(IGQYJe!
8891,الثانوية,الأول الثانوي,ب,2025-2026,1339805423,P1217644453,ar,Aaliyah,Salem,Yousef,Aaliyah,عالية سالم يوسف,Female,12/09/2019 14:27:30,Mecca,Street 1,+966,5466258124,Saudi,Muslim,aaliyah.yousef663@example.com,J(dKvS0z)*,1470202484,5554736527,False,Salem,Ibrahim,Yousef,Salem,سالم إبراهيم يوسف,Male,12/09/1988 14:27:30,Medina,Street 3,+966,5554736527,Saudi,Muslim,I^9lMlWGqj,salem.yousef499@example.com,2551022628,5860735225,True,Layla,Saud,Hamza,Layla,ليلى سعود حمزة,Female,12/09/1990 14:27:30,Medina,Street 2,+966,5860735225,Saudi,Muslim,layla.hamza963@example.com,9Zk@BFe*bX
7781,الثانوية,الأول الثانوي,ب,2025-2026,2231380407,P1421264787,en,Reem,Salem,Yousef,Reem,ريم سالم يوسف,Female,12/09/2016 14:27:30,Dammam,Street 3,+966,5249348472,Saudi,Muslim,reem.yousef323@example.com,@1Ri!N(h3m,1470202484,5554736527,False,Salem,Ibrahim,Yousef,Salem,سالم إبراهيم يوسف,Male,12/09/1988 14:27:30,Medina,Street 3,+966,5554736527,Saudi,Muslim,I^9lMlWGqj,salem.yousef499@example.com,2551022628,5860735225,True,Layla,Saud,Hamza,Layla,ليلى سعود حمزة,Female,12/09/1990 14:27:30,Medina,Street 2,+966,5860735225,Saudi,Muslim,layla.hamza963@example.com,9Zk@BFe*bX
1791,الثانوية,الأول الثانوي,ب,2025-2026,1975132328,P2581505377,ar,Hamza,Zaid,Ismail,Hamza,حمزة زيد إسماعيل,Male,12/09/2017 14:27:30,Jeddah,Street 1,+966,5780596145,Saudi,Christian,hamza.ismail660@example.com,GJnXr$&183,2534497761,5612862345,False,Zaid,Saud,Ismail,Zaid,زيد سعود إسماعيل,Male,12/09/1983 14:27:30,Mecca,Street 4,+966,5612862345,Saudi,Christian,H6HAyqH)O6,zaid.ismail631@example.com,2157450685,5127863412,True,Lubaba,Sulaiman,Saud,Lubaba,لبابة سليمان سعود,Female,12/09/1996 14:27:30,Dammam,Street 1,+966,5127863412,Saudi,Christian,lubaba.saud788@example.com,fUGTj!vl1$
3327,الثانوية,الأول الثانوي,ب,2025-2026,1430291647,P1290232842,ar,Dana,Mohammed,Abdulaziz,Dana,دانا محمد عبدالعزيز,Female,12/09/2015 14:27:30,Riyadh,Street 5,+966,5587847529,Saudi,Christian,dana.abdulaziz227@example.com,74B(vTAKre,1696603420,5766050135,True,Mohammed,Ali,Abdulaziz,Mohammed,محمد علي عبدالعزيز,Male,12/09/1982 14:27:30,Medina,Street 1,+966,5766050135,Saudi,Christian,9x$)u6H4mx,mohammed.abdulaziz552@example.com,1189021465,5497971512,False,Nora,Akram,Tariq,Nora,نورا أكرم طارق,Female,12/09/1992 14:27:30,Mecca,Street 1,+966,5497971512,Saudi,Christian,nora.tariq471@example.com,#nSAf(h00m
2897,الثانوية,الأول الثانوي,ب,2025-2026,2404475557,P2832761396,en,Khalid,Mahdi,Yousef,Khalid,خالد مهدي يوسف,Male,12/09/2017 14:27:30,Jeddah,Street 1,+966,5423405505,Saudi,Muslim,khalid.yousef733@example.com,yy0SW(*zbo,1210176010,5729687193,True,Mahdi,Ahmed,Yousef,Mahdi,مهدي أحمد يوسف,Male,12/09/1980 14:27:30,Riyadh,Street 3,+966,5729687193,Saudi,Muslim,f7yxNMEN*K,mahdi.yousef300@example.com,1512653508,5352769521,False,Nora,Salem,Yousef,Nora,نورا سالم يوسف,Female,12/09/1986 14:27:30,Medina,Street 1,+966,5352769521,Saudi,Muslim,nora.yousef573@example.com,yA3vJHz)PL
3083,الثانوية,الأول الثانوي,ب,2025-2026,2453070160,P1476064524,ar,Hanan,Turki,Mahdi,Hanan,حنان تركي مهدي,Female,12/09/2015 14:27:30,Jeddah,Street 5,+966,5925812779,Saudi,Muslim,hanan.mahdi376@example.com,*K8e1k*NB5,1243395211,5116493397,False,Turki,Ibrahim,Mahdi,Turki,تركي إبراهيم مهدي,Male,12/09/1982 14:27:30,Jeddah,Street 1,+966,5116493397,Saudi,Muslim,F@6EQrX1vw,turki.mahdi516@example.com,2887510281,5211230774,True,Aisha,Mohammed,Sulaiman,Aisha,عائشة محمد سليمان,Female,12/09/1982 14:27:30,Medina,Street 1,+966,5211230774,Saudi,Muslim,aisha.sulaiman878@example.com,!O!X0PE1nb
8107,الثانوية,الأول الثانوي,ب,2025-2026,2527276934,P1413870972,ar,Aaliyah,Abdulrahman,Ibrahim,Aaliyah,عالية عبدالرحمن إبراهيم,Female,12/09/2017 14:27:30,Mecca,Street 3,+966,5910149592,Saudi,Muslim,aaliyah.ibrahim405@example.com,@aP08TKYCT,1290193361,5467172090,False,Abdulrahman,Bilal,Ibrahim,Abdulrahman,عبدالرحمن بلال إبراهيم,Male,12/09/1984 14:27:30,Riyadh,Street 1,+966,5467172090,Saudi,Muslim,^9Pl@k9G8U,abdulrahman.ibrahim972@example.com,1402816229,5647379564,True,Aaliyah,Hassan,Omar,Aaliyah,عالية حسن عمر,Female,12/09/1993 14:27:30,Riyadh,Street 2,+966,5647379564,Saudi,Muslim,aaliyah.omar309@example.com,(V^qZ9RKBx
4345,الثانوية,الأول الثانوي,ب,2025-2026,1349496395,P2278191108,ar,Khadijah,Hassan,Ismail,Khadijah,خديجة حسن إسماعيل,Female,12/09/2019 14:27:30,Riyadh,Street 3,+966,5988186381,Saudi,Christian,khadijah.ismail778@example.com,v7(266PDhJ,2713866695,5136425410,True,Hassan,Sulaiman,Ismail,Hassan,حسن سليمان إسماعيل,Male,12/09/1980 14:27:30,Riyadh,Street 2,+966,5136425410,Saudi,Christian,k53@%yi5AG,hassan.ismail766@example.com,2243005742,5891440188,False,Hanan,Mohammed,Hussein,Hanan,حنان محمد حسين,Female,12/09/1987 14:27:30,Jeddah,Street 1,+966,5891440188,Saudi,Christian,hanan.hussein770@example.com,2f#JRhsprA
6446,الثانوية,الأول الثانوي,ب,2025-2026,2803203316,P1834922800,ar,Lubaba,Abdullah,Mahdi,Lubaba,لبابة عبدالله مهدي,Female,12/09/2016 14:27:30,Medina,Street 2,+966,5534628114,Saudi,Muslim,lubaba.mahdi241@example.com,LAb&7QO(vH,1920485424,5595225868,False,Abdullah,Abdullah,Mahdi,Abdullah,عبدالله عبدالله مهدي,Male,12/09/1985 14:27:30,Riyadh,Street 3,+966,5595225868,Saudi,Muslim,TyCoE!53q^,abdullah.mahdi950@example.com,1709193777,5610392069,True,Rania,Hussein,Zayne,Rania,رانيا حسين زين,Female,12/09/1983 14:27:30,Mecca,Street 4,+966,5610392069,Saudi,Muslim,rania.zayne612@example.com,98)gKRn&l(
3646,الثانوية,الأول الثانوي,ب,2025-2026,1580720231,P2384923207,ar,Zahra,Sulaiman,Salman,Zahra,زهرة سليمان سلمان,Female,12/09/2015 14:27:30,Riyadh,Street 3,+966,5476010496,Saudi,Christian,zahra.salman524@example.com,7V1OC&3nw7,2892947066,5433012559,True,Sulaiman,Ismail,Salman,Sulaiman,سليمان إسماعيل سلمان,Male,12/09/1978 14:27:30,Medina,Street 2,+966,5433012559,Saudi,Christian,#%Y07Qq9ZL,sulaiman.salman293@example.com,2786223280,5904434777,False,Dana,Yousef,Hassan,Dana,دانا يوسف حسن,Female,12/09/1997 14:27:30,Jeddah,Street 4,+966,5904434777,Saudi,Christian,dana.hassan276@example.com,jE&YIixH57
7390,الثانوية,الأول الثانوي,ب,2025-2026,2313343969,P1133398651,en,Abdulrahman,Abdulrahman,Salman,Abdulrahman,عبدالرحمن عبدالرحمن سلمان,Male,12/09/2019 14:27:30,Jeddah,Street 4,+966,5508440196,Saudi,Muslim,abdulrahman.salman347@example.com,5$z$MhZXs*,1945465493,5936559930,False,Abdulrahman,Tariq,Salman,Abdulrahman,عبدالرحمن طارق سلمان,Male,12/09/1988 14:27:30,Riyadh,Street 1,+966,5936559930,Saudi,Muslim,wiT7R8K($@,abdulrahman.salman192@example.com,2414486109,5697023736,True,Fatimah,Akram,Ibrahim,Fatimah,فاطمة أكرم إبراهيم,Female,12/09/1989 14:27:30,Riyadh,Street 4,+966,5697023736,Saudi,Muslim,fatimah.ibrahim740@example.com,5w%ocGkHY3
7672,الثانوية,الأول الثانوي,ب,2025-2026,1305043583,P2895331220,ar,Abdulaziz,Abdulrahman,Salman,Abdulaziz,عبدالعزيز عبدالرحمن سلمان,Male,12/09/2018 14:27:30,Jeddah,Street 3,+966,5940228160,Saudi,Muslim,abdulaziz.salman592@example.com,5ujNf5H#&a,1945465493,5936559930,False,Abdulrahman,Tariq,Salman,Abdulrahman,عبدالرحمن طارق سلمان,Male,12/09/1988 14:27:30,Riyadh,Street 1,+966,5936559930,Saudi,Muslim,wiT7R8K($@,abdulrahman.salman192@example.com,2414486109,5697023736,True,Fatimah,Akram,Ibrahim,Fatimah,فاطمة أكرم إبراهيم,Female,12/09/1989 14:27:30,Riyadh,Street 4,+966,5697023736,Saudi,Muslim,fatimah.ibrahim740@example.com,5w%ocGkHY3
5579,الثانوية,الأول الثانوي,ب,2025-2026,2452724379,P2459071757,en,Yasmin,Omar,Abdulrahman,Yasmin,ياسمين عمر عبدالرحمن,Female,12/09/2016 14:27:30,Riyadh,Street 4,+966,5272790909,Saudi,Muslim,yasmin.abdulrahman416@example.com,r3UQF3U^c2,1120825883,5512533972,True,Omar,Idris,Abdulrahman,Omar,عمر إدريس عبدالرحمن,Male,12/09/1989 14:27:30,Dammam,Street 2,+966,5512533972,Saudi,Muslim,!9(dBB7qSb,omar.abdulrahman806@example.com,2197622865,5738706611,False,Sara,Hassan,Abdullah,Sara,سارة حسن عبدالله,Female,12/09/1988 14:27:30,Jeddah,Street 5,+966,5738706611,Saudi,Muslim,sara.abdullah133@example.com,6j$kDL(w!D
8168,الثانوية,الأول الثانوي,ب,2025-2026,1182494777,P1958491423,ar,Lama,Abdulaziz,Abdulaziz,Lama,لمى عبدالعزيز عبدالعزيز,Female,12/09/2015 14:27:30,Jeddah,Street 4,+966,5375603273,Saudi,Christian,lama.abdulaziz257@example.com,CT@#E0HyeT,2519311592,5866177120,False,Abdulaziz,Bilal,Abdulaziz,Abdulaziz,عبدالعزيز بلال عبدالعزيز,Male,12/09/1991 14:27:30,Riyadh,Street 5,+966,5866177120,Saudi,Christian,SrFgt2X!B*,abdulaziz.abdulaziz773@example.com,2932542648,5289277637,True,Tamadur,Ibrahim,Abdulaziz,Tamadur,تماضر إبراهيم عبدالعزيز,Female,12/09/1991 14:27:30,Medina,Street 1,+966,5289277637,Saudi,Christian,tamadur.abdulaziz676@example.com,3$R@hj9d&S
6894,الثانوية,الأول الثانوي,ب,2025-2026,1324814158,P2268904914,ar,Dana,Abdulaziz,Abdulaziz,Dana,دانا عبدالعزيز عبدالعزيز,Female,12/09/2018 14:27:30,Mecca,Street 2,+966,5266906767,Saudi,Christian,dana.abdulaziz791@example.com,2IAbn*cz0S,2519311592,5866177120,False,Abdulaziz,Bilal,Abdulaziz,Abdulaziz,عبدالعزيز بلال عبدالعزيز,Male,12/09/1991 14:27:30,Riyadh,Street 5,+966,5866177120,Saudi,Christian,SrFgt2X!B*,abdulaziz.abdulaziz773@example.com,2932542648,5289277637,True,Tamadur,Ibrahim,Abdulaziz,Tamadur,تماضر إبراهيم عبدالعزيز,Female,12/09/1991 14:27:30,Medina,Street 1,+966,5289277637,Saudi,Christian,tamadur.abdulaziz676@example.com,3$R@hj9d&S
1523,الثانوية,الثاني الثانوي,أ,2025-2026,1584376203,P1834298735,ar,Ali,Zayne,Mohammed,Ali,علي زين محمد,Male,12/09/2015 14:27:30,Jeddah,Street 2,+966,5504585270,Saudi,Muslim,ali.mohammed825@example.com,0J#Wd&AkM4,2385254764,5613036084,True,Zayne,Mahdi,Mohammed,Zayne,زين مهدي محمد,Male,12/09/1979 14:27:30,Mecca,Street 4,+966,5613036084,Saudi,Muslim,)OSJ&1l&m0,zayne.mohammed616@example.com,1871127122,5370539993,False,Dana,Salman,Abdulrahman,Dana,دانا سلمان عبدالرحمن,Female,12/09/1988 14:27:30,Jeddah,Street 2,+966,5370539993,Saudi,Muslim,dana.abdulrahman772@example.com,!1iFUTn0Ib
5879,الثانوية,الثاني الثانوي,أ,2025-2026,2961455458,P1593103470,en,Rania,Bilal,Abdulaziz,Rania,رانيا بلال عبدالعزيز,Female,12/09/2015 14:27:30,Jeddah,Street 1,+966,5173380668,Saudi,Christian,rania.abdulaziz806@example.com,zq39@fS5IR,1393348249,5474605627,True,Bilal,Mohammed,Abdulaziz,Bilal,بلال محمد عبدالعزيز,Male,12/09/1984 14:27:30,Riyadh,Street 2,+966,5474605627,Saudi,Christian,dql(91dwQc,bilal.abdulaziz254@example.com,1832414138,5992009096,False,Safiyyah,Salman,Ismail,Safiyyah,صفية سلمان إسماعيل,Female,12/09/1995 14:27:30,Jeddah,Street 2,+966,5992009096,Saudi,Christian,safiyyah.ismail550@example.com,NE3s$@%)6l
2459,الثانوية,الثاني الثانوي,أ,2025-2026,1363507572,P2326464765,en,Hamza,Salman,Ali,Hamza,حمزة سلمان علي,Male,12/09/2014 14:27:30,Medina,Street 3,+966,5166926534,Saudi,Muslim,hamza.ali901@example.com,M^a*C8(As8,2186907345,5396337847,False,Salman,Hussein,Ali,Salman,سلمان حسين علي,Male,12/09/1982 14:27:30,Jeddah,Street 3,+966,5396337847,Saudi,Muslim,e74IUzZ$iA,salman.ali837@example.com,1648758987,5709479221,True,Layla,Khalid,Fahad,Layla,ليلى خالد فهد,Female,12/09/1984 14:27:30,Medina,Street 2,+966,5709479221,Saudi,Muslim,layla.fahad198@example.com,OgE1%k$mqb
3284,الثانوية,الثاني الثانوي,أ,2025-2026,2103965992,P1709613190,en,Maha,Salman,Ali,Maha,مها سلمان علي,Female,12/09/2019 14:27:30,Riyadh,Street 2,+966,5895851531,Saudi,Muslim,maha.ali850@example.com,6%@EDyA8*D,2186907345,5396337847,False,Salman,Hussein,Ali,Salman,سلمان حسين علي,Male,12/09/1982 14:27:30,Jeddah,Street 3,+966,5396337847,Saudi,Muslim,e74IUzZ$iA,salman.ali837@example.com,1648758987,5709479221,True,Layla,Khalid,Fahad,Layla,ليلى خالد فهد,Female,12/09/1984 14:27:30,Medina,Street 2,+966,5709479221,Saudi,Muslim,layla.fahad198@example.com,OgE1%k$mqb
4966,الثانوية,الثاني الثانوي,أ,2025-2026,2169171553,P1682607360,en,Dana,Turki,Abdulrahman,Dana,دانا تركي عبدالرحمن,Female,12/09/2018 14:27:30,Riyadh,Street 4,+966,5867881796,Saudi,Christian,dana.abdulrahman395@example.com,x8IgVU#tqo,2296383304,5816821746,True,Turki,Tariq,Abdulrahman,Turki,تركي طارق عبدالرحمن,Male,12/09/1977 14:27:30,Dammam,Street 5,+966,5816821746,Saudi,Christian,(Mq&OBNkF2,turki.abdulrahman263@example.com,1624322516,5962690615,False,Maryam,Salman,Akram,Maryam,مريم سلمان أكرم,Female,12/09/1981 14:27:30,Medina,Street 3,+966,5962690615,Saudi,Christian,maryam.akram981@example.com,EvQ4jGK)a$
2626,الثانوية,الثاني الثانوي,أ,2025-2026,2347249606,P1792429898,ar,Zahra,Ismail,Salman,Zahra,زهرة إسماعيل سلمان,Female,12/09/2015 14:27:30,Mecca,Street 2,+966,5404321854,Saudi,Christian,zahra.salman932@example.com,v2X$c2v$I*,1231528870,5699521475,False,Ismail,Abdulrahman,Salman,Ismail,إسماعيل عبدالرحمن سلمان,Male,12/09/1981 14:27:30,Dammam,Street 2,+966,5699521475,Saudi,Christian,v$e7DvN5F@,ismail.salman597@example.com,2717057004,5136640640,True,Noor,Idris,Yousef,Noor,نور إدريس يوسف,Female,12/09/1986 14:27:30,Jeddah,Street 4,+966,5136640640,Saudi,Christian,noor.yousef108@example.com,!VR(cBOl6k
2360,الثانوية,الثاني الثانوي,أ,2025-2026,2127007241,P2905872310,ar,Layla,Ahmed,Salman,Layla,ليلى أحمد سلمان,Female,12/09/2019 14:27:30,Medina,Street 2,+966,5260095294,Saudi,Muslim,layla.salman823@example.com,b!XJZ*0sd2,2715564919,5182724980,False,Ahmed,Hassan,Salman,Ahmed,أحمد حسن سلمان,Male,12/09/1984 14:27:30,Riyadh,Street 3,+966,5182724980,Saudi,Muslim,aD$1gV3GKs,ahmed.salman373@example.com,2606356267,5383834033,True,Aaliyah,Abdulaziz,Salem,Aaliyah,عالية عبدالعزيز سالم,Female,12/09/1996 14:27:30,Dammam,Street 3,+966,5383834033,Saudi,Muslim,aaliyah.salem401@example.com,ol$k0n*uJQ
4839,الثانوية,الثاني الثانوي,أ,2025-2026,2211828902,P2175559766,ar,Aaliyah,Zayne,Bilal,Aaliyah,عالية زين بلال,Female,12/09/2017 14:27:30,Medina,Street 4,+966,5846568679,Saudi,Muslim,aaliyah.bilal257@example.com,G%3bddx$GO,2705260626,5906642066,True,Zayne,Fahad,Bilal,Zayne,زين فهد بلال,Male,12/09/1995 14:27:30,Jeddah,Street 3,+966,5906642066,Saudi,Muslim,bqA0c@y$s7,zayne.bilal690@example.com,2132818922,5136863691,False,Noor,Bilal,Akram,Noor,نور بلال أكرم,Female,12/09/1992 14:27:30,Medina,Street 3,+966,5136863691,Saudi,Muslim,noor.akram702@example.com,&U3lKm%WYq
8939,الثانوية,الثاني الثانوي,أ,2025-2026,2529498696,P1873192819,en,Sulaiman,Zayne,Bilal,Sulaiman,سليمان زين بلال,Male,12/09/2014 14:27:30,Riyadh,Street 3,+966,5515870336,Saudi,Muslim,sulaiman.bilal926@example.com,8HYfm8sw*U,2705260626,5906642066,True,Zayne,Fahad,Bilal,Zayne,زين فهد بلال,Male,12/09/1995 14:27:30,Jeddah,Street 3,+966,5906642066,Saudi,Muslim,bqA0c@y$s7,zayne.bilal690@example.com,2132818922,5136863691,False,Noor,Bilal,Akram,Noor,نور بلال أكرم,Female,12/09/1992 14:27:30,Medina,Street 3,+966,5136863691,Saudi,Muslim,noor.akram702@example.com,&U3lKm%WYq
6161,الثانوية,الثاني الثانوي,أ,2025-2026,2695356088,P1434973356,en,Dana,Riyad,Mohammed,Dana,دانا رياض محمد,Female,12/09/2018 14:27:30,Mecca,Street 3,+966,5940396791,Saudi,Muslim,dana.mohammed798@example.com,Io01BOgd*&,2253796618,5248744889,False,Riyad,Idris,Mohammed,Riyad,رياض إدريس محمد,Male,12/09/1990 14:27:30,Dammam,Street 2,+966,5248744889,Saudi,Muslim,jI*u2bs5Kk,riyad.mohammed760@example.com,2769766779,5426145429,True,Sedra,Turki,Abdullah,Sedra,سدرة تركي عبدالله,Female,12/09/1986 14:27:30,Jeddah,Street 3,+966,5426145429,Saudi,Muslim,sedra.abdullah208@example.com,LjN4!)0ULS
6437,الثانوية,الثاني الثانوي,أ,2025-2026,2398090350,P1583490585,en,Rania,Zaid,Ali,Rania,رانيا زيد علي,Female,12/09/2015 14:27:30,Jeddah,Street 2,+966,5990324448,Saudi,Christian,rania.ali246@example.com,Tf!to7QbEY,1636313705,5746822205,False,Zaid,Abdullah,Ali,Zaid,زيد عبدالله علي,Male,12/09/1993 14:27:30,Mecca,Street 1,+966,5746822205,Saudi,Christian,eBW!E3%oN4,zaid.ali764@example.com,1279034383,5209820195,True,Aisha,Yousef,Zayne,Aisha,عائشة يوسف زين,Female,12/09/1994 14:27:30,Medina,Street 4,+966,5209820195,Saudi,Christian,aisha.zayne228@example.com,*CvhKb9DBD
1774,الثانوية,الثاني الثانوي,أ,2025-2026,2271901305,P1690728480,ar,Akram,Hamza,Yousef,Akram,أكرم حمزة يوسف,Male,12/09/2017 14:27:30,Mecca,Street 3,+966,5128639262,Saudi,Christian,akram.yousef113@example.com,nnE6rk)SiX,2862335216,5133475502,False,Hamza,Nasser,Yousef,Hamza,حمزة ناصر يوسف,Male,12/09/1978 14:27:30,Mecca,Street 5,+966,5133475502,Saudi,Christian,J66db#6B57,hamza.yousef579@example.com,2532750623,5558688712,True,Reem,Saud,Sulaiman,Reem,ريم سعود سليمان,Female,12/09/1985 14:27:30,Mecca,Street 5,+966,5558688712,Saudi,Christian,reem.sulaiman195@example.com,&3(R!6kL#$
1958,الثانوية,الثاني الثانوي,أ,2025-2026,1160147138,P2835157552,ar,Turki,Hamza,Yousef,Turki,تركي حمزة يوسف,Male,12/09/2016 14:27:30,Dammam,Street 2,+966,5271444441,Saudi,Christian,turki.yousef642@example.com,n2Q%HxYQ5X,2862335216,5133475502,False,Hamza,Nasser,Yousef,Hamza,حمزة ناصر يوسف,Male,12/09/1978 14:27:30,Mecca,Street 5,+966,5133475502,Saudi,Christian,J66db#6B57,hamza.yousef579@example.com,2532750623,5558688712,True,Reem,Saud,Sulaiman,Reem,ريم سعود سليمان,Female,12/09/1985 14:27:30,Mecca,Street 5,+966,5558688712,Saudi,Christian,reem.sulaiman195@example.com,&3(R!6kL#$
1643,الثانوية,الثاني الثانوي,أ,2025-2026,2821625441,P1211434763,en,Noor,Tariq,Sultan,Noor,نور طارق سلطان,Female,12/09/2018 14:27:30,Medina,Street 5,+966,5140132990,Saudi,Christian,noor.sultan297@example.com,8c1Y#*(e%G,1580353644,5945523429,False,Tariq,Sultan,Sultan,Tariq,طارق سلطان سلطان,Male,12/09/1978 14:27:30,Riyadh,Street 5,+966,5945523429,Saudi,Christian,s^a2#Avy5h,tariq.sultan798@example.com,2484571357,5459006927,True,Sara,Abdulaziz,Turki,Sara,سارة عبدالعزيز تركي,Female,12/09/1990 14:27:30,Riyadh,Street 2,+966,5459006927,Saudi,Christian,sara.turki753@example.com,8OcmC&@L%I
3550,الثانوية,الثاني الثانوي,أ,2025-2026,2951155194,P2983701100,en,Fatimah,Tariq,Sultan,Fatimah,فاطمة طارق سلطان,Female,12/09/2014 14:27:30,Medina,Street 2,+966,5527919043,Saudi,Christian,fatimah.sultan143@example.com,G)l8&jDY1n,1580353644,5945523429,False,Tariq,Sultan,Sultan,Tariq,طارق سلطان سلطان,Male,12/09/1978 14:27:30,Riyadh,Street 5,+966,5945523429,Saudi,Christian,s^a2#Avy5h,tariq.sultan798@example.com,2484571357,5459006927,True,Sara,Abdulaziz,Turki,Sara,سارة عبدالعزيز تركي,Female,12/09/1990 14:27:30,Riyadh,Street 2,+966,5459006927,Saudi,Christian,sara.turki753@example.com,8OcmC&@L%I
5322,الثانوية,الثاني الثانوي,أ,2025-2026,1323570907,P1541809314,en,Zaid,Omar,Abdulaziz,Zaid,زيد عمر عبدالعزيز,Male,12/09/2019 14:27:30,Jeddah,Street 5,+966,5684751694,Saudi,Christian,zaid.abdulaziz538@example.com,Wp9SsvNm^0,1499850865,5270286540,True,Omar,Abdulaziz,Abdulaziz,Omar,عمر عبدالعزيز عبدالعزيز,Male,12/09/1985 14:27:30,Medina,Street 1,+966,5270286540,Saudi,Christian,pG$6B1uub&,omar.abdulaziz646@example.com,2534086937,5763373324,False,Maryam,Abdulrahman,Fahad,Maryam,مريم عبدالرحمن فهد,Female,12/09/1993 14:27:30,Jeddah,Street 4,+966,5763373324,Saudi,Christian,maryam.fahad733@example.com,!Swdrj^9z^
8250,الثانوية,الثاني الثانوي,أ,2025-2026,2752339160,P2123215859,ar,Safiyyah,Ismail,Zaid,Safiyyah,صفية إسماعيل زيد,Female,12/09/2017 14:27:30,Mecca,Street 4,+966,5742835043,Saudi,Muslim,safiyyah.zaid925@example.com,!lWFp$F4Fy,1676222904,5492912775,True,Ismail,Saud,Zaid,Ismail,إسماعيل سعود زيد,Male,12/09/1995 14:27:30,Dammam,Street 3,+966,5492912775,Saudi,Muslim,W4k*mD4JQ*,ismail.zaid357@example.com,2886270478,5550064666,False,Sedra,Abdulaziz,Khalid,Sedra,سدرة عبدالعزيز خالد,Female,12/09/1985 14:27:30,Medina,Street 4,+966,5550064666,Saudi,Muslim,sedra.khalid216@example.com,fSjN@7CMb9
7714,الثانوية,الثاني الثانوي,أ,2025-2026,1700112367,P1717333758,ar,Turki,Hassan,Nasser,Turki,تركي حسن ناصر,Male,12/09/2018 14:27:30,Medina,Street 2,+966,5300037976,Saudi,Muslim,turki.nasser165@example.com,0)Wsl0Hqjb,1613096278,5953372537,False,Hassan,Hassan,Nasser,Hassan,حسن حسن ناصر,Male,12/09/1986 14:27:30,Medina,Street 2,+966,5953372537,Saudi,Muslim,qE$LcS!1Fa,hassan.nasser841@example.com,1725252462,5627728295,True,Sedra,Idris,Salman,Sedra,سدرة إدريس سلمان,Female,12/09/1981 14:27:30,Medina,Street 3,+966,5627728295,Saudi,Muslim,sedra.salman992@example.com,Iq^^yEZt1m
7951,الثانوية,الثاني الثانوي,أ,2025-2026,2877579620,P2307465830,en,Assiya,Hassan,Nasser,Assiya,أسيا حسن ناصر,Female,12/09/2014 14:27:30,Mecca,Street 4,+966,5941817779,Saudi,Muslim,assiya.nasser427@example.com,H2hsLEK1*i,1613096278,5953372537,False,Hassan,Hassan,Nasser,Hassan,حسن حسن ناصر,Male,12/09/1986 14:27:30,Medina,Street 2,+966,5953372537,Saudi,Muslim,qE$LcS!1Fa,hassan.nasser841@example.com,1725252462,5627728295,True,Sedra,Idris,Salman,Sedra,سدرة إدريس سلمان,Female,12/09/1981 14:27:30,Medina,Street 3,+966,5627728295,Saudi,Muslim,sedra.salman992@example.com,Iq^^yEZt1m
7616,الثانوية,الثاني الثانوي,أ,2025-2026,1645819952,P2102097939,en,Zainab,Hassan,Nasser,Zainab,زينب حسن ناصر,Female,12/09/2016 14:27:30,Riyadh,Street 4,+966,5136891598,Saudi,Muslim,zainab.nasser775@example.com,#9VZ@Ph%5u,1613096278,5953372537,False,Hassan,Hassan,Nasser,Hassan,حسن حسن ناصر,Male,12/09/1986 14:27:30,Medina,Street 2,+966,5953372537,Saudi,Muslim,qE$LcS!1Fa,hassan.nasser841@example.com,1725252462,5627728295,True,Sedra,Idris,Salman,Sedra,سدرة إدريس سلمان,Female,12/09/1981 14:27:30,Medina,Street 3,+966,5627728295,Saudi,Muslim,sedra.salman992@example.com,Iq^^yEZt1m
9178,الثانوية,الثاني الثانوي,أ,2025-2026,1710924871,P2177374971,en,Zayne,Ali,Idris,Zayne,زين علي إدريس,Male,12/09/2015 14:27:30,Jeddah,Street 5,+966,5207148309,Saudi,Muslim,zayne.idris996@example.com,!5VgVmi9(r,2466011497,5447850061,False,Ali,Salem,Idris,Ali,علي سالم إدريس,Male,12/09/1983 14:27:30,Mecca,Street 1,+966,5447850061,Saudi,Muslim,tSgcFxi@83,ali.idris231@example.com,1941130144,5504428171,True,Safiyyah,Ali,Sultan,Safiyyah,صفية علي سلطان,Female,12/09/1992 14:27:30,Dammam,Street 1,+966,5504428171,Saudi,Muslim,safiyyah.sultan569@example.com,3Et^QkX!Wz
1528,الثانوية,الثاني الثانوي,أ,2025-2026,1643506770,P1892745763,ar,Dana,Ali,Idris,Dana,دانا علي إدريس,Female,12/09/2019 14:27:30,Dammam,Street 4,+966,5457898452,Saudi,Muslim,dana.idris512@example.com,pg()1xm4M#,2466011497,5447850061,False,Ali,Salem,Idris,Ali,علي سالم إدريس,Male,12/09/1983 14:27:30,Mecca,Street 1,+966,5447850061,Saudi,Muslim,tSgcFxi@83,ali.idris231@example.com,1941130144,5504428171,True,Safiyyah,Ali,Sultan,Safiyyah,صفية علي سلطان,Female,12/09/1992 14:27:30,Dammam,Street 1,+966,5504428171,Saudi,Muslim,safiyyah.sultan569@example.com,3Et^QkX!Wz
4047,الثانوية,الثاني الثانوي,ج,2025-2026,1801760038,P2282596983,ar,Assiya,Ahmed,Abdulrahman,Assiya,أسيا أحمد عبدالرحمن,Female,12/09/2018 14:27:30,Riyadh,Street 3,+966,5578696215,Saudi,Christian,assiya.abdulrahman838@example.com,s7LbX)XGYR,1620926816,5561832842,False,Ahmed,Tariq,Abdulrahman,Ahmed,أحمد طارق عبدالرحمن,Male,12/09/1986 14:27:30,Mecca,Street 4,+966,5561832842,Saudi,Christian,nX^Jjf9d2o,ahmed.abdulrahman612@example.com,2924968320,5875692848,True,Lina,Hassan,Ahmed,Lina,لينا حسن أحمد,Female,12/09/1990 14:27:30,Mecca,Street 3,+966,5875692848,Saudi,Christian,lina.ahmed800@example.com,4SsvTMd2!z
7474,الثانوية,الثاني الثانوي,ج,2025-2026,1575977034,P2729528755,en,Saud,Ahmed,Abdulrahman,Saud,سعود أحمد عبدالرحمن,Male,12/09/2018 14:27:30,Mecca,Street 1,+966,5778816818,Saudi,Christian,saud.abdulrahman766@example.com,cJEgB1UbC@,1620926816,5561832842,False,Ahmed,Tariq,Abdulrahman,Ahmed,أحمد طارق عبدالرحمن,Male,12/09/1986 14:27:30,Mecca,Street 4,+966,5561832842,Saudi,Christian,nX^Jjf9d2o,ahmed.abdulrahman612@example.com,2924968320,5875692848,True,Lina,Hassan,Ahmed,Lina,لينا حسن أحمد,Female,12/09/1990 14:27:30,Mecca,Street 3,+966,5875692848,Saudi,Christian,lina.ahmed800@example.com,4SsvTMd2!z
1796,الثانوية,الثاني الثانوي,ج,2025-2026,2741321187,P1298694357,en,Aaliyah,Ahmed,Abdulrahman,Aaliyah,عالية أحمد عبدالرحمن,Female,12/09/2018 14:27:30,Mecca,Street 1,+966,5302637249,Saudi,Christian,aaliyah.abdulrahman214@example.com,&h*kHHN7Lp,1620926816,5561832842,False,Ahmed,Tariq,Abdulrahman,Ahmed,أحمد طارق عبدالرحمن,Male,12/09/1986 14:27:30,Mecca,Street 4,+966,5561832842,Saudi,Christian,nX^Jjf9d2o,ahmed.abdulrahman612@example.com,2924968320,5875692848,True,Lina,Hassan,Ahmed,Lina,لينا حسن أحمد,Female,12/09/1990 14:27:30,Mecca,Street 3,+966,5875692848,Saudi,Christian,lina.ahmed800@example.com,4SsvTMd2!z
1993,الثانوية,الثاني الثانوي,ج,2025-2026,1278626261,P1262394007,en,Abdulrahman,Ismail,Mahdi,Abdulrahman,عبدالرحمن إسماعيل مهدي,Male,12/09/2014 14:27:30,Jeddah,Street 3,+966,5567906693,Saudi,Christian,abdulrahman.mahdi917@example.com,ob!5zVEQOH,2759918231,5209305484,False,Ismail,Bilal,Mahdi,Ismail,إسماعيل بلال مهدي,Male,12/09/1988 14:27:30,Riyadh,Street 4,+966,5209305484,Saudi,Christian,XS9fl%Q78(,ismail.mahdi435@example.com,2360748314,5415025771,True,Maha,Ahmed,Abdulaziz,Maha,مها أحمد عبدالعزيز,Female,12/09/1990 14:27:30,Medina,Street 5,+966,5415025771,Saudi,Christian,maha.abdulaziz564@example.com,S3bwrL3*d!
7263,الثانوية,الثاني الثانوي,ج,2025-2026,2131019203,P1957149851,en,Ruqaya,Ismail,Mahdi,Ruqaya,رقية إسماعيل مهدي,Female,12/09/2018 14:27:30,Medina,Street 5,+966,5384257042,Saudi,Christian,ruqaya.mahdi559@example.com,jl3&*CZJ8a,2759918231,5209305484,False,Ismail,Bilal,Mahdi,Ismail,إسماعيل بلال مهدي,Male,12/09/1988 14:27:30,Riyadh,Street 4,+966,5209305484,Saudi,Christian,XS9fl%Q78(,ismail.mahdi435@example.com,2360748314,5415025771,True,Maha,Ahmed,Abdulaziz,Maha,مها أحمد عبدالعزيز,Female,12/09/1990 14:27:30,Medina,Street 5,+966,5415025771,Saudi,Christian,maha.abdulaziz564@example.com,S3bwrL3*d!
2764,الثانوية,الثاني الثانوي,ج,2025-2026,2890659074,P1351119688,en,Riyad,Ismail,Mahdi,Riyad,رياض إسماعيل مهدي,Male,12/09/2014 14:27:30,Medina,Street 5,+966,5363485842,Saudi,Christian,riyad.mahdi152@example.com,8X3tw&fbQV,2759918231,5209305484,False,Ismail,Bilal,Mahdi,Ismail,إسماعيل بلال مهدي,Male,12/09/1988 14:27:30,Riyadh,Street 4,+966,5209305484,Saudi,Christian,XS9fl%Q78(,ismail.mahdi435@example.com,2360748314,5415025771,True,Maha,Ahmed,Abdulaziz,Maha,مها أحمد عبدالعزيز,Female,12/09/1990 14:27:30,Medina,Street 5,+966,5415025771,Saudi,Christian,maha.abdulaziz564@example.com,S3bwrL3*d!
8370,الثانوية,الثاني الثانوي,ج,2025-2026,1508564486,P2922407021,en,Riyad,Hamza,Tariq,Riyad,رياض حمزة طارق,Male,12/09/2015 14:27:30,Medina,Street 3,+966,5200101318,Saudi,Christian,riyad.tariq230@example.com,T(yef0#1W&,1995867335,5664259065,False,Hamza,Akram,Tariq,Hamza,حمزة أكرم طارق,Male,12/09/1989 14:27:30,Dammam,Street 5,+966,5664259065,Saudi,Christian,rZ^(Ve^q93,hamza.tariq956@example.com,1613967460,5946341260,True,Sedra,Yousef,Abdullah,Sedra,سدرة يوسف عبدالله,Female,12/09/1994 14:27:30,Riyadh,Street 2,+966,5946341260,Saudi,Christian,sedra.abdullah179@example.com,^8IT07oO*d
9576,الثانوية,الثاني الثانوي,ج,2025-2026,1689076654,P1760781920,en,Atika,Hamza,Tariq,Atika,عاتكة حمزة طارق,Female,12/09/2018 14:27:30,Mecca,Street 3,+966,5544011867,Saudi,Christian,atika.tariq259@example.com,msc$QdF*4n,1995867335,5664259065,False,Hamza,Akram,Tariq,Hamza,حمزة أكرم طارق,Male,12/09/1989 14:27:30,Dammam,Street 5,+966,5664259065,Saudi,Christian,rZ^(Ve^q93,hamza.tariq956@example.com,1613967460,5946341260,True,Sedra,Yousef,Abdullah,Sedra,سدرة يوسف عبدالله,Female,12/09/1994 14:27:30,Riyadh,Street 2,+966,5946341260,Saudi,Christian,sedra.abdullah179@example.com,^8IT07oO*d
5475,الثانوية,الثاني الثانوي,ج,2025-2026,2143000678,P2573382908,en,Mohammed,Hamza,Tariq,Mohammed,محمد حمزة طارق,Male,12/09/2017 14:27:30,Jeddah,Street 1,+966,5238223427,Saudi,Christian,mohammed.tariq383@example.com,2ok90Qcy$&,1995867335,5664259065,False,Hamza,Akram,Tariq,Hamza,حمزة أكرم طارق,Male,12/09/1989 14:27:30,Dammam,Street 5,+966,5664259065,Saudi,Christian,rZ^(Ve^q93,hamza.tariq956@example.com,1613967460,5946341260,True,Sedra,Yousef,Abdullah,Sedra,سدرة يوسف عبدالله,Female,12/09/1994 14:27:30,Riyadh,Street 2,+966,5946341260,Saudi,Christian,sedra.abdullah179@example.com,^8IT07oO*d
7552,الثانوية,الثاني الثانوي,ج,2025-2026,1301572076,P2905453445,ar,Sultan,Ibrahim,Mohammed,Sultan,سلطان إبراهيم محمد,Male,12/09/2017 14:27:30,Mecca,Street 1,+966,5783096171,Saudi,Christian,sultan.mohammed219@example.com,(Z(0In5B(a,2712956882,5971648629,True,Ibrahim,Yousef,Mohammed,Ibrahim,إبراهيم يوسف محمد,Male,12/09/1977 14:27:30,Medina,Street 5,+966,5971648629,Saudi,Christian,U04)qknWlQ,ibrahim.mohammed768@example.com,2600558209,5749575925,False,Fatimah,Saud,Sulaiman,Fatimah,فاطمة سعود سليمان,Female,12/09/1981 14:27:30,Jeddah,Street 5,+966,5749575925,Saudi,Christian,fatimah.sulaiman679@example.com,MseyY1c&MK
2420,الثانوية,الثاني الثانوي,ج,2025-2026,2583558458,P1802876702,ar,Fahad,Ibrahim,Mohammed,Fahad,فهد إبراهيم محمد,Male,12/09/2019 14:27:30,Jeddah,Street 2,+966,5593298988,Saudi,Christian,fahad.mohammed181@example.com,3UxUq)%M5F,2712956882,5971648629,True,Ibrahim,Yousef,Mohammed,Ibrahim,إبراهيم يوسف محمد,Male,12/09/1977 14:27:30,Medina,Street 5,+966,5971648629,Saudi,Christian,U04)qknWlQ,ibrahim.mohammed768@example.com,2600558209,5749575925,False,Fatimah,Saud,Sulaiman,Fatimah,فاطمة سعود سليمان,Female,12/09/1981 14:27:30,Jeddah,Street 5,+966,5749575925,Saudi,Christian,fatimah.sulaiman679@example.com,MseyY1c&MK
8300,الثانوية,الثاني الثانوي,ج,2025-2026,2782429566,P1458763852,ar,Sultan,Salem,Bilal,Sultan,سلطان سالم بلال,Male,12/09/2016 14:27:30,Riyadh,Street 1,+966,5533011895,Saudi,Muslim,sultan.bilal996@example.com,vGD#r@Js)3,1709487155,5783294288,True,Salem,Fahad,Bilal,Salem,سالم فهد بلال,Male,12/09/1982 14:27:30,Mecca,Street 5,+966,5783294288,Saudi,Muslim,sLRJd$T15*,salem.bilal602@example.com,1711765876,5319341575,False,Assiya,Fahad,Ahmed,Assiya,أسيا فهد أحمد,Female,12/09/1991 14:27:30,Mecca,Street 4,+966,5319341575,Saudi,Muslim,assiya.ahmed348@example.com,Hq@!q7^RII
2778,الثانوية,الثاني الثانوي,ج,2025-2026,1533511022,P2818877694,en,Lina,Sulaiman,Akram,Lina,لينا سليمان أكرم,Female,12/09/2019 14:27:30,Medina,Street 4,+966,5774736054,Saudi,Muslim,lina.akram222@example.com,p$S5*cY5Xb,2282941844,5681228065,True,Sulaiman,Ibrahim,Akram,Sulaiman,سليمان إبراهيم أكرم,Male,12/09/1983 14:27:30,Jeddah,Street 3,+966,5681228065,Saudi,Muslim,(*Z*6nJpsO,sulaiman.akram114@example.com,2729339527,5445844504,False,Layla,Ali,Ismail,Layla,ليلى علي إسماعيل,Female,12/09/1986 14:27:30,Jeddah,Street 2,+966,5445844504,Saudi,Muslim,layla.ismail984@example.com,8zZkai4jZ%
7109,الثانوية,الثاني الثانوي,ج,2025-2026,2793328877,P1747685682,en,Lina,Omar,Idris,Lina,لينا عمر إدريس,Female,12/09/2014 14:27:30,Riyadh,Street 3,+966,5806491189,Saudi,Muslim,lina.idris558@example.com,%1qWQn1bFq,1827763343,5490343251,True,Omar,Akram,Idris,Omar,عمر أكرم إدريس,Male,12/09/1978 14:27:30,Jeddah,Street 1,+966,5490343251,Saudi,Muslim,2kLZo0jRs(,omar.idris925@example.com,1770398336,5798322800,False,Salma,Ismail,Akram,Salma,سلمى إسماعيل أكرم,Female,12/09/1988 14:27:30,Riyadh,Street 2,+966,5798322800,Saudi,Muslim,salma.akram675@example.com,ab9!AymN2E
1944,الثانوية,الثاني الثانوي,ج,2025-2026,2666121125,P1344343174,en,Salem,Abdullah,Mahdi,Salem,سالم عبدالله مهدي,Male,12/09/2016 14:27:30,Riyadh,Street 3,+966,5294362526,Saudi,Muslim,salem.mahdi652@example.com,Mm^6syzOuA,1324664627,5646208274,True,Abdullah,Hamza,Mahdi,Abdullah,عبدالله حمزة مهدي,Male,12/09/1985 14:27:30,Mecca,Street 5,+966,5646208274,Saudi,Muslim,*efc)@Ir9(,abdullah.mahdi595@example.com,2475612147,5258894112,False,Reem,Khalid,Ibrahim,Reem,ريم خالد إبراهيم,Female,12/09/1986 14:27:30,Jeddah,Street 5,+966,5258894112,Saudi,Muslim,reem.ibrahim199@example.com,nlA2ub7zJ)
9012,الثانوية,الثاني الثانوي,ج,2025-2026,1648413028,P1911207432,ar,Idris,Ismail,Ahmed,Idris,إدريس إسماعيل أحمد,Male,12/09/2015 14:27:30,Medina,Street 2,+966,5498412328,Saudi,Christian,idris.ahmed708@example.com,mYqA5l^$Vd,1607667550,5655394516,True,Ismail,Saud,Ahmed,Ismail,إسماعيل سعود أحمد,Male,12/09/1981 14:27:30,Mecca,Street 5,+966,5655394516,Saudi,Christian,W@4J(N7Tga,ismail.ahmed367@example.com,2756652721,5834570954,False,Maha,Abdulrahman,Ibrahim,Maha,مها عبدالرحمن إبراهيم,Female,12/09/1991 14:27:30,Jeddah,Street 1,+966,5834570954,Saudi,Christian,maha.ibrahim873@example.com,NpG2E((Jf9
9931,الثانوية,الثاني الثانوي,ج,2025-2026,1539655915,P2652726521,ar,Khadijah,Ismail,Ahmed,Khadijah,خديجة إسماعيل أحمد,Female,12/09/2019 14:27:30,Riyadh,Street 2,+966,5355863325,Saudi,Christian,khadijah.ahmed823@example.com,h*jl4U%xGy,1607667550,5655394516,True,Ismail,Saud,Ahmed,Ismail,إسماعيل سعود أحمد,Male,12/09/1981 14:27:30,Mecca,Street 5,+966,5655394516,Saudi,Christian,W@4J(N7Tga,ismail.ahmed367@example.com,2756652721,5834570954,False,Maha,Abdulrahman,Ibrahim,Maha,مها عبدالرحمن إبراهيم,Female,12/09/1991 14:27:30,Jeddah,Street 1,+966,5834570954,Saudi,Christian,maha.ibrahim873@example.com,NpG2E((Jf9
1423,الثانوية,الثاني الثانوي,ج,2025-2026,2712983272,P2200339329,ar,Ruqaya,Zaid,Abdulrahman,Ruqaya,رقية زيد عبدالرحمن,Female,12/09/2015 14:27:30,Jeddah,Street 4,+966,5146337913,Saudi,Christian,ruqaya.abdulrahman194@example.com,OT@PRlNxA5,1692279072,5135739494,True,Zaid,Ismail,Abdulrahman,Zaid,زيد إسماعيل عبدالرحمن,Male,12/09/1984 14:27:30,Mecca,Street 5,+966,5135739494,Saudi,Christian,P8$3CMu&n#,zaid.abdulrahman164@example.com,2266590404,5738979079,False,Hanan,Tariq,Idris,Hanan,حنان طارق إدريس,Female,12/09/1996 14:27:30,Jeddah,Street 1,+966,5738979079,Saudi,Christian,hanan.idris564@example.com,9sNZwlQC@9
9060,الثانوية,الثاني الثانوي,ج,2025-2026,2674500054,P2360955549,en,Aisha,Ibrahim,Fahad,Aisha,عائشة إبراهيم فهد,Female,12/09/2014 14:27:30,Medina,Street 3,+966,5903905596,Saudi,Christian,aisha.fahad239@example.com,al3%l3dlU5,2439987233,5553528950,False,Ibrahim,Abdullah,Fahad,Ibrahim,إبراهيم عبدالله فهد,Male,12/09/1977 14:27:30,Jeddah,Street 1,+966,5553528950,Saudi,Christian,@do0apRX4&,ibrahim.fahad171@example.com,1757504119,5730452052,True,Aaliyah,Hamza,Bilal,Aaliyah,عالية حمزة بلال,Female,12/09/1991 14:27:30,Jeddah,Street 2,+966,5730452052,Saudi,Christian,aaliyah.bilal134@example.com,I!5@fVmCdn
4410,الثانوية,الثاني الثانوي,ج,2025-2026,1782734815,P1154977064,en,Zainab,Sultan,Ali,Zainab,زينب سلطان علي,Female,12/09/2016 14:27:30,Mecca,Street 1,+966,5638969541,Saudi,Christian,zainab.ali951@example.com,&TznRu3%1&,2319288384,5830245362,False,Sultan,Mahdi,Ali,Sultan,سلطان مهدي علي,Male,12/09/1981 14:27:30,Dammam,Street 1,+966,5830245362,Saudi,Christian,OXl6LKSWi&,sultan.ali778@example.com,2569750454,5997372863,True,Ruqaya,Riyad,Yousef,Ruqaya,رقية رياض يوسف,Female,12/09/1996 14:27:30,Dammam,Street 3,+966,5997372863,Saudi,Christian,ruqaya.yousef715@example.com,wTtR#^wqW4
7260,الثانوية,الثاني الثانوي,ج,2025-2026,2574903069,P1305149128,en,Hussein,Zaid,Khalid,Hussein,حسين زيد خالد,Male,12/09/2017 14:27:30,Mecca,Street 5,+966,5250532908,Saudi,Christian,hussein.khalid139@example.com,NY6BY0j^^m,1264031178,5822002982,False,Zaid,Ali,Khalid,Zaid,زيد علي خالد,Male,12/09/1983 14:27:30,Mecca,Street 1,+966,5822002982,Saudi,Christian,@@HoU32TuR,zaid.khalid307@example.com,1378148032,5165989689,True,Haya,Omar,Turki,Haya,هيا عمر تركي,Female,12/09/1990 14:27:30,Medina,Street 5,+966,5165989689,Saudi,Christian,haya.turki527@example.com,gI2gM9o@Z$
5852,الثانوية,الثاني الثانوي,ج,2025-2026,1883671900,P2494867278,en,Sultan,Mohammed,Hamza,Sultan,سلطان محمد حمزة,Male,12/09/2018 14:27:30,Medina,Street 4,+966,5498442707,Saudi,Christian,sultan.hamza753@example.com,3r*FL(Hf1!,2388515909,5348248686,True,Mohammed,Tariq,Hamza,Mohammed,محمد طارق حمزة,Male,12/09/1980 14:27:30,Jeddah,Street 5,+966,5348248686,Saudi,Christian,#djsKW4e^),mohammed.hamza341@example.com,2860048586,5387064844,False,Reem,Sulaiman,Sulaiman,Reem,ريم سليمان سليمان,Female,12/09/1982 14:27:30,Dammam,Street 1,+966,5387064844,Saudi,Christian,reem.sulaiman899@example.com,7@qN*vD6i0
5167,الثانوية,الثاني الثانوي,ج,2025-2026,1992815214,P2850259151,ar,Layla,Salem,Ismail,Layla,ليلى سالم إسماعيل,Female,12/09/2015 14:27:30,Riyadh,Street 2,+966,5711495764,Saudi,Christian,layla.ismail316@example.com,AY*1I1JUe0,2289060225,5361927913,True,Salem,Hussein,Ismail,Salem,سالم حسين إسماعيل,Male,12/09/1995 14:27:30,Mecca,Street 4,+966,5361927913,Saudi,Christian,$p26C5^UwP,salem.ismail603@example.com,1709913895,5735313736,False,Aaliyah,Mohammed,Sulaiman,Aaliyah,عالية محمد سليمان,Female,12/09/1986 14:27:30,Dammam,Street 1,+966,5735313736,Saudi,Christian,aaliyah.sulaiman967@example.com,u4%&8^3yuF
6110,الثانوية,الثاني الثانوي,ج,2025-2026,1371084483,P2580353154,en,Turki,Abdulrahman,Mahdi,Turki,تركي عبدالرحمن مهدي,Male,12/09/2018 14:27:30,Medina,Street 3,+966,5795428291,Saudi,Muslim,turki.mahdi456@example.com,V(Fh18$Zqx,1935986628,5329447672,False,Abdulrahman,Riyad,Mahdi,Abdulrahman,عبدالرحمن رياض مهدي,Male,12/09/1981 14:27:30,Dammam,Street 2,+966,5329447672,Saudi,Muslim,$h0uG6af1x,abdulrahman.mahdi118@example.com,1863691598,5682257738,True,Ruqaya,Zaid,Abdullah,Ruqaya,رقية زيد عبدالله,Female,12/09/1991 14:27:30,Dammam,Street 3,+966,5682257738,Saudi,Muslim,ruqaya.abdullah430@example.com,pQ!)njK(6v
3110,الثانوية,الثاني الثانوي,ج,2025-2026,1350081768,P2358061906,ar,Akram,Abdulrahman,Mahdi,Akram,أكرم عبدالرحمن مهدي,Male,12/09/2015 14:27:30,Mecca,Street 4,+966,5730695719,Saudi,Muslim,akram.mahdi956@example.com,aZ1YC*iDR6,1935986628,5329447672,False,Abdulrahman,Riyad,Mahdi,Abdulrahman,عبدالرحمن رياض مهدي,Male,12/09/1981 14:27:30,Dammam,Street 2,+966,5329447672,Saudi,Muslim,$h0uG6af1x,abdulrahman.mahdi118@example.com,1863691598,5682257738,True,Ruqaya,Zaid,Abdullah,Ruqaya,رقية زيد عبدالله,Female,12/09/1991 14:27:30,Dammam,Street 3,+966,5682257738,Saudi,Muslim,ruqaya.abdullah430@example.com,pQ!)njK(6v
7359,الثانوية,الثاني الثانوي,ج,2025-2026,1250847803,P1755712174,ar,Bilal,Hassan,Riyad,Bilal,بلال حسن رياض,Male,12/09/2014 14:27:30,Medina,Street 3,+966,5166479084,Saudi,Christian,bilal.riyad168@example.com,mFex6y&DY8,1219650537,5695117446,False,Hassan,Saud,Riyad,Hassan,حسن سعود رياض,Male,12/09/1989 14:27:30,Mecca,Street 4,+966,5695117446,Saudi,Christian,sNX00@n%Sy,hassan.riyad320@example.com,1804850797,5828822910,True,Tamadur,Hassan,Ibrahim,Tamadur,تماضر حسن إبراهيم,Female,12/09/1983 14:27:30,Riyadh,Street 3,+966,5828822910,Saudi,Christian,tamadur.ibrahim689@example.com,JVmal0&OJU
5005,الثانوية,الثاني الثانوي,ج,2025-2026,2313534206,P2621241459,en,Dana,Ahmed,Tariq,Dana,دانا أحمد طارق,Female,12/09/2019 14:27:30,Jeddah,Street 5,+966,5561826295,Saudi,Muslim,dana.tariq307@example.com,$WW(8NOv0K,2839749018,5696996039,False,Ahmed,Mohammed,Tariq,Ahmed,أحمد محمد طارق,Male,12/09/1984 14:27:30,Dammam,Street 2,+966,5696996039,Saudi,Muslim,Z78l@Tm*z#,ahmed.tariq268@example.com,2124420852,5924600288,True,Assiya,Hamza,Saud,Assiya,أسيا حمزة سعود,Female,12/09/1997 14:27:30,Riyadh,Street 2,+966,5924600288,Saudi,Muslim,assiya.saud571@example.com,jDx2D^*RKV
2698,الثانوية,الثاني الثانوي,ج,2025-2026,2482245123,P2330635922,en,Sara,Ahmed,Tariq,Sara,سارة أحمد طارق,Female,12/09/2018 14:27:30,Riyadh,Street 5,+966,5368830953,Saudi,Muslim,sara.tariq376@example.com,z8X@pC5h%I,2839749018,5696996039,False,Ahmed,Mohammed,Tariq,Ahmed,أحمد محمد طارق,Male,12/09/1984 14:27:30,Dammam,Street 2,+966,5696996039,Saudi,Muslim,Z78l@Tm*z#,ahmed.tariq268@example.com,2124420852,5924600288,True,Assiya,Hamza,Saud,Assiya,أسيا حمزة سعود,Female,12/09/1997 14:27:30,Riyadh,Street 2,+966,5924600288,Saudi,Muslim,assiya.saud571@example.com,jDx2D^*RKV
5483,الثانوية,الثالث الثانوي,أ,2025-2026,1373357942,P1310585354,ar,Abdulaziz,Ahmed,Tariq,Abdulaziz,عبدالعزيز أحمد طارق,Male,12/09/2019 14:27:30,Jeddah,Street 2,+966,5953850742,Saudi,Muslim,abdulaziz.tariq661@example.com,@j10M(HX5b,2839749018,5696996039,False,Ahmed,Mohammed,Tariq,Ahmed,أحمد محمد طارق,Male,12/09/1984 14:27:30,Dammam,Street 2,+966,5696996039,Saudi,Muslim,Z78l@Tm*z#,ahmed.tariq268@example.com,2124420852,5924600288,True,Assiya,Hamza,Saud,Assiya,أسيا حمزة سعود,Female,12/09/1997 14:27:30,Riyadh,Street 2,+966,5924600288,Saudi,Muslim,assiya.saud571@example.com,jDx2D^*RKV
5760,الثانوية,الثالث الثانوي,أ,2025-2026,1363699102,P2348162197,en,Aaliyah,Zayne,Ali,Aaliyah,عالية زين علي,Female,12/09/2017 14:27:30,Dammam,Street 3,+966,5593173786,Saudi,Christian,aaliyah.ali220@example.com,E1BAhF(q9*,1263872378,5556909755,True,Zayne,Turki,Ali,Zayne,زين تركي علي,Male,12/09/1986 14:27:30,Medina,Street 5,+966,5556909755,Saudi,Christian,HGhcjzG8m%,zayne.ali137@example.com,1709496853,5193596979,False,Layla,Hamza,Bilal,Layla,ليلى حمزة بلال,Female,12/09/1986 14:27:30,Jeddah,Street 5,+966,5193596979,Saudi,Christian,layla.bilal937@example.com,h)PBL#6Fr5
3070,الثانوية,الثالث الثانوي,أ,2025-2026,1852004781,P2158527714,ar,Hussein,Idris,Salem,Hussein,حسين إدريس سالم,Male,12/09/2017 14:27:30,Dammam,Street 2,+966,5816450437,Saudi,Christian,hussein.salem543@example.com,7bNG@k85@H,1410574950,5317924699,False,Idris,Omar,Salem,Idris,إدريس عمر سالم,Male,12/09/1980 14:27:30,Jeddah,Street 2,+966,5317924699,Saudi,Christian,Fhz3Kq&7!c,idris.salem649@example.com,1468857558,5974792368,True,Haya,Saud,Tariq,Haya,هيا سعود طارق,Female,12/09/1983 14:27:30,Medina,Street 5,+966,5974792368,Saudi,Christian,haya.tariq287@example.com,&Is1F8P$VH
9823,الثانوية,الثالث الثانوي,أ,2025-2026,2141877930,P1829290560,ar,Fatimah,Idris,Salem,Fatimah,فاطمة إدريس سالم,Female,12/09/2018 14:27:30,Medina,Street 2,+966,5455268356,Saudi,Christian,fatimah.salem210@example.com,34VAFZEmu&,1410574950,5317924699,False,Idris,Omar,Salem,Idris,إدريس عمر سالم,Male,12/09/1980 14:27:30,Jeddah,Street 2,+966,5317924699,Saudi,Christian,Fhz3Kq&7!c,idris.salem649@example.com,1468857558,5974792368,True,Haya,Saud,Tariq,Haya,هيا سعود طارق,Female,12/09/1983 14:27:30,Medina,Street 5,+966,5974792368,Saudi,Christian,haya.tariq287@example.com,&Is1F8P$VH
1884,الثانوية,الثالث الثانوي,أ,2025-2026,2237906166,P1866483336,ar,Reem,Idris,Salem,Reem,ريم إدريس سالم,Female,12/09/2019 14:27:30,Jeddah,Street 3,+966,5462081099,Saudi,Christian,reem.salem456@example.com,d7ayzh!51O,1410574950,5317924699,False,Idris,Omar,Salem,Idris,إدريس عمر سالم,Male,12/09/1980 14:27:30,Jeddah,Street 2,+966,5317924699,Saudi,Christian,Fhz3Kq&7!c,idris.salem649@example.com,1468857558,5974792368,True,Haya,Saud,Tariq,Haya,هيا سعود طارق,Female,12/09/1983 14:27:30,Medina,Street 5,+966,5974792368,Saudi,Christian,haya.tariq287@example.com,&Is1F8P$VH
9439,الثانوية,الثالث الثانوي,أ,2025-2026,2830958757,P1103511523,ar,Atika,Khalid,Fahad,Atika,عاتكة خالد فهد,Female,12/09/2017 14:27:30,Dammam,Street 3,+966,5798132510,Saudi,Muslim,atika.fahad319@example.com,0VZ59)g0H@,2217206472,5703468407,False,Khalid,Omar,Fahad,Khalid,خالد عمر فهد,Male,12/09/1987 14:27:30,Medina,Street 2,+966,5703468407,Saudi,Muslim,!TlmK!1nzc,khalid.fahad719@example.com,1597682635,5805542783,True,Maha,Salman,Riyad,Maha,مها سلمان رياض,Female,12/09/1981 14:27:30,Jeddah,Street 1,+966,5805542783,Saudi,Muslim,maha.riyad134@example.com,eCrfc*un50
6231,الثانوية,الثالث الثانوي,أ,2025-2026,2888020850,P2418054892,en,Lubaba,Khalid,Fahad,Lubaba,لبابة خالد فهد,Female,12/09/2016 14:27:30,Riyadh,Street 1,+966,5748913799,Saudi,Muslim,lubaba.fahad568@example.com,tP3fk8w#fQ,2217206472,5703468407,False,Khalid,Omar,Fahad,Khalid,خالد عمر فهد,Male,12/09/1987 14:27:30,Medina,Street 2,+966,5703468407,Saudi,Muslim,!TlmK!1nzc,khalid.fahad719@example.com,1597682635,5805542783,True,Maha,Salman,Riyad,Maha,مها سلمان رياض,Female,12/09/1981 14:27:30,Jeddah,Street 1,+966,5805542783,Saudi,Muslim,maha.riyad134@example.com,eCrfc*un50
7913,الثانوية,الثالث الثانوي,أ,2025-2026,2202004086,P2940031778,ar,Abdulrahman,Sultan,Ibrahim,Abdulrahman,عبدالرحمن سلطان إبراهيم,Male,12/09/2015 14:27:30,Dammam,Street 5,+966,5991805427,Saudi,Christian,abdulrahman.ibrahim844@example.com,Rl^YxO@d6y,2863780421,5131914068,True,Sultan,Bilal,Ibrahim,Sultan,سلطان بلال إبراهيم,Male,12/09/1993 14:27:30,Medina,Street 1,+966,5131914068,Saudi,Christian,7Fr%AUEA6v,sultan.ibrahim584@example.com,2800660290,5505857545,False,Assiya,Abdulaziz,Sultan,Assiya,أسيا عبدالعزيز سلطان,Female,12/09/1992 14:27:30,Dammam,Street 4,+966,5505857545,Saudi,Christian,assiya.sultan981@example.com,2&2eprLf)q
4307,الثانوية,الثالث الثانوي,أ,2025-2026,1893409738,P1490616958,en,Hanan,Sultan,Ibrahim,Hanan,حنان سلطان إبراهيم,Female,12/09/2019 14:27:30,Jeddah,Street 4,+966,5448238164,Saudi,Christian,hanan.ibrahim930@example.com,^e^9tbElD(,2863780421,5131914068,True,Sultan,Bilal,Ibrahim,Sultan,سلطان بلال إبراهيم,Male,12/09/1993 14:27:30,Medina,Street 1,+966,5131914068,Saudi,Christian,7Fr%AUEA6v,sultan.ibrahim584@example.com,2800660290,5505857545,False,Assiya,Abdulaziz,Sultan,Assiya,أسيا عبدالعزيز سلطان,Female,12/09/1992 14:27:30,Dammam,Street 4,+966,5505857545,Saudi,Christian,assiya.sultan981@example.com,2&2eprLf)q
7159,الثانوية,الثالث الثانوي,أ,2025-2026,1642716195,P2686687163,ar,Zainab,Khalid,Zayne,Zainab,زينب خالد زين,Female,12/09/2018 14:27:30,Jeddah,Street 3,+966,5140873139,Saudi,Christian,zainab.zayne461@example.com,ASeNfHx8%0,1127908201,5453481480,False,Khalid,Abdulaziz,Zayne,Khalid,خالد عبدالعزيز زين,Male,12/09/1978 14:27:30,Medina,Street 3,+966,5453481480,Saudi,Christian,4In(^JYdqp,khalid.zayne648@example.com,2476573752,5690376062,True,Sedra,Abdullah,Bilal,Sedra,سدرة عبدالله بلال,Female,12/09/1996 14:27:30,Medina,Street 2,+966,5690376062,Saudi,Christian,sedra.bilal279@example.com,BUc#OGGFd9
7678,الثانوية,الثالث الثانوي,أ,2025-2026,2183625961,P1573015424,ar,Noor,Khalid,Yousef,Noor,نور خالد يوسف,Female,12/09/2018 14:27:30,Dammam,Street 2,+966,5231449113,Saudi,Muslim,noor.yousef206@example.com,RW5NRT$gn4,2989780006,5387162150,True,Khalid,Hassan,Yousef,Khalid,خالد حسن يوسف,Male,12/09/1994 14:27:30,Dammam,Street 1,+966,5387162150,Saudi,Muslim,TGUr#OnQn1,khalid.yousef552@example.com,2930372100,5395906134,False,Aisha,Abdulaziz,Ibrahim,Aisha,عائشة عبدالعزيز إبراهيم,Female,12/09/1991 14:27:30,Dammam,Street 4,+966,5395906134,Saudi,Muslim,aisha.ibrahim473@example.com,*KMm9gBMPG
9271,الثانوية,الثالث الثانوي,أ,2025-2026,2523952923,P2566847057,ar,Maryam,Mohammed,Ali,Maryam,مريم محمد علي,Female,12/09/2014 14:27:30,Riyadh,Street 3,+966,5193096264,Saudi,Muslim,maryam.ali213@example.com,a5)yUAGl9w,2311712530,5816321448,False,Mohammed,Khalid,Ali,Mohammed,محمد خالد علي,Male,12/09/1989 14:27:30,Jeddah,Street 2,+966,5816321448,Saudi,Muslim,R9!10LspTk,mohammed.ali444@example.com,1410092338,5573765052,True,Amal,Salem,Turki,Amal,أمل سالم تركي,Female,12/09/1988 14:27:30,Medina,Street 2,+966,5573765052,Saudi,Muslim,amal.turki139@example.com,6jRG*ON0d#
7668,الثانوية,الثالث الثانوي,أ,2025-2026,1114870479,P2856143621,en,Saud,Ismail,Riyad,Saud,سعود إسماعيل رياض,Male,12/09/2018 14:27:30,Medina,Street 5,+966,5857093036,Saudi,Christian,saud.riyad213@example.com,@Oar$ch4)9,1618252050,5874190059,False,Ismail,Ismail,Riyad,Ismail,إسماعيل إسماعيل رياض,Male,12/09/1981 14:27:30,Jeddah,Street 5,+966,5874190059,Saudi,Christian,8%0smFjToZ,ismail.riyad538@example.com,1771780281,5892725062,True,Rania,Omar,Ismail,Rania,رانيا عمر إسماعيل,Female,12/09/1989 14:27:30,Medina,Street 5,+966,5892725062,Saudi,Christian,rania.ismail308@example.com,&ByIUL6Euf
7370,الثانوية,الثالث الثانوي,أ,2025-2026,2767673471,P1700807572,ar,Zaid,Sultan,Khalid,Zaid,زيد سلطان خالد,Male,12/09/2015 14:27:30,Riyadh,Street 4,+966,5223613440,Saudi,Muslim,zaid.khalid251@example.com,6iB735uG&),2687830245,5797385416,False,Sultan,Hussein,Khalid,Sultan,سلطان حسين خالد,Male,12/09/1993 14:27:30,Jeddah,Street 1,+966,5797385416,Saudi,Muslim,&e9m%iAk#A,sultan.khalid269@example.com,2569146283,5711838060,True,Zahra,Omar,Yousef,Zahra,زهرة عمر يوسف,Female,12/09/1984 14:27:30,Riyadh,Street 4,+966,5711838060,Saudi,Muslim,zahra.yousef368@example.com,u&H&Ir5!wL
7006,الثانوية,الثالث الثانوي,أ,2025-2026,1165860030,P2239854527,en,Maryam,Sultan,Khalid,Maryam,مريم سلطان خالد,Female,12/09/2015 14:27:30,Mecca,Street 5,+966,5120611032,Saudi,Muslim,maryam.khalid953@example.com,PdX2AC)g^a,2687830245,5797385416,False,Sultan,Hussein,Khalid,Sultan,سلطان حسين خالد,Male,12/09/1993 14:27:30,Jeddah,Street 1,+966,5797385416,Saudi,Muslim,&e9m%iAk#A,sultan.khalid269@example.com,2569146283,5711838060,True,Zahra,Omar,Yousef,Zahra,زهرة عمر يوسف,Female,12/09/1984 14:27:30,Riyadh,Street 4,+966,5711838060,Saudi,Muslim,zahra.yousef368@example.com,u&H&Ir5!wL
5179,الثانوية,الثالث الثانوي,أ,2025-2026,2445712866,P2163403601,ar,Rania,Sultan,Khalid,Rania,رانيا سلطان خالد,Female,12/09/2019 14:27:30,Jeddah,Street 5,+966,5175535738,Saudi,Muslim,rania.khalid675@example.com,XNx8N!^e2M,2687830245,5797385416,False,Sultan,Hussein,Khalid,Sultan,سلطان حسين خالد,Male,12/09/1993 14:27:30,Jeddah,Street 1,+966,5797385416,Saudi,Muslim,&e9m%iAk#A,sultan.khalid269@example.com,2569146283,5711838060,True,Zahra,Omar,Yousef,Zahra,زهرة عمر يوسف,Female,12/09/1984 14:27:30,Riyadh,Street 4,+966,5711838060,Saudi,Muslim,zahra.yousef368@example.com,u&H&Ir5!wL
2173,الثانوية,الثالث الثانوي,أ,2025-2026,2329297710,P1950068991,en,Ibrahim,Sulaiman,Akram,Ibrahim,إبراهيم سليمان أكرم,Male,12/09/2015 14:27:30,Riyadh,Street 5,+966,5695281245,Saudi,Muslim,ibrahim.akram460@example.com,2H8RvRGAo%,2573049506,5590956230,False,Sulaiman,Zaid,Akram,Sulaiman,سليمان زيد أكرم,Male,12/09/1992 14:27:30,Mecca,Street 1,+966,5590956230,Saudi,Muslim,j3Ao^buBd),sulaiman.akram779@example.com,1799524599,5635098576,True,Sara,Mohammed,Omar,Sara,سارة محمد عمر,Female,12/09/1990 14:27:30,Jeddah,Street 3,+966,5635098576,Saudi,Muslim,sara.omar965@example.com,)T8nbtw*fp
6254,الثانوية,الثالث الثانوي,أ,2025-2026,1653540789,P1353964573,ar,Hanan,Sulaiman,Akram,Hanan,حنان سليمان أكرم,Female,12/09/2019 14:27:30,Dammam,Street 1,+966,5728715894,Saudi,Muslim,hanan.akram248@example.com,&M1mv609Ra,2573049506,5590956230,False,Sulaiman,Zaid,Akram,Sulaiman,سليمان زيد أكرم,Male,12/09/1992 14:27:30,Mecca,Street 1,+966,5590956230,Saudi,Muslim,j3Ao^buBd),sulaiman.akram779@example.com,1799524599,5635098576,True,Sara,Mohammed,Omar,Sara,سارة محمد عمر,Female,12/09/1990 14:27:30,Jeddah,Street 3,+966,5635098576,Saudi,Muslim,sara.omar965@example.com,)T8nbtw*fp
5302,الثانوية,الثالث الثانوي,أ,2025-2026,2406969694,P2938882083,en,Ali,Saud,Bilal,Ali,علي سعود بلال,Male,12/09/2015 14:27:30,Riyadh,Street 5,+966,5209889970,Saudi,Christian,ali.bilal411@example.com,^7^M426X5y,2957751878,5992519234,False,Saud,Sulaiman,Bilal,Saud,سعود سليمان بلال,Male,12/09/1982 14:27:30,Medina,Street 4,+966,5992519234,Saudi,Christian,%@JV6LEnp6,saud.bilal376@example.com,2282068519,5796287223,True,Khadijah,Omar,Abdulrahman,Khadijah,خديجة عمر عبدالرحمن,Female,12/09/1992 14:27:30,Dammam,Street 3,+966,5796287223,Saudi,Christian,khadijah.abdulrahman269@example.com,jE0B2%Y3!d
6214,الثانوية,الثالث الثانوي,أ,2025-2026,2282167320,P1328434132,en,Salma,Khalid,Ali,Salma,سلمى خالد علي,Female,12/09/2019 14:27:30,Mecca,Street 2,+966,5435286984,Saudi,Muslim,salma.ali427@example.com,oJ2j!96$JF,2799656342,5899516024,True,Khalid,Saud,Ali,Khalid,خالد سعود علي,Male,12/09/1981 14:27:30,Riyadh,Street 2,+966,5899516024,Saudi,Muslim,4P@a^F$xcd,khalid.ali873@example.com,1973258634,5834370603,False,Aisha,Riyad,Abdulaziz,Aisha,عائشة رياض عبدالعزيز,Female,12/09/1981 14:27:30,Jeddah,Street 2,+966,5834370603,Saudi,Muslim,aisha.abdulaziz326@example.com,CS72$rULy!
7140,الثانوية,الثالث الثانوي,أ,2025-2026,2985435696,P2675724636,en,Mahdi,Khalid,Ali,Mahdi,مهدي خالد علي,Male,12/09/2017 14:27:30,Dammam,Street 4,+966,5658070196,Saudi,Muslim,mahdi.ali103@example.com,CwSNjY7#W4,2799656342,5899516024,True,Khalid,Saud,Ali,Khalid,خالد سعود علي,Male,12/09/1981 14:27:30,Riyadh,Street 2,+966,5899516024,Saudi,Muslim,4P@a^F$xcd,khalid.ali873@example.com,1973258634,5834370603,False,Aisha,Riyad,Abdulaziz,Aisha,عائشة رياض عبدالعزيز,Female,12/09/1981 14:27:30,Jeddah,Street 2,+966,5834370603,Saudi,Muslim,aisha.abdulaziz326@example.com,CS72$rULy!
7377,الثانوية,الثالث الثانوي,أ,2025-2026,2967258260,P1479929569,ar,Sulaiman,Khalid,Ali,Sulaiman,سليمان خالد علي,Male,12/09/2016 14:27:30,Jeddah,Street 3,+966,5521095011,Saudi,Muslim,sulaiman.ali503@example.com,(FJz8R5t2@,2799656342,5899516024,True,Khalid,Saud,Ali,Khalid,خالد سعود علي,Male,12/09/1981 14:27:30,Riyadh,Street 2,+966,5899516024,Saudi,Muslim,4P@a^F$xcd,khalid.ali873@example.com,1973258634,5834370603,False,Aisha,Riyad,Abdulaziz,Aisha,عائشة رياض عبدالعزيز,Female,12/09/1981 14:27:30,Jeddah,Street 2,+966,5834370603,Saudi,Muslim,aisha.abdulaziz326@example.com,CS72$rULy!
2582,الثانوية,الثالث الثانوي,أ,2025-2026,2268124298,P2829814621,ar,Aaliyah,Omar,Sultan,Aaliyah,عالية عمر سلطان,Female,12/09/2019 14:27:30,Mecca,Street 4,+966,5492228365,Saudi,Christian,aaliyah.sultan791@example.com,$(E6u*k(L9,2616698052,5990765492,False,Omar,Abdullah,Sultan,Omar,عمر عبدالله سلطان,Male,12/09/1977 14:27:30,Riyadh,Street 4,+966,5990765492,Saudi,Christian,#fsdn2Y%76,omar.sultan189@example.com,2682176368,5442812320,True,Tamadur,Tariq,Omar,Tamadur,تماضر طارق عمر,Female,12/09/1994 14:27:30,Riyadh,Street 3,+966,5442812320,Saudi,Christian,tamadur.omar830@example.com,6zv&PZ5^zc
5516,الثانوية,الثالث الثانوي,أ,2025-2026,1356982643,P2436467529,ar,Ismail,Omar,Sultan,Ismail,إسماعيل عمر سلطان,Male,12/09/2018 14:27:30,Dammam,Street 2,+966,5236337444,Saudi,Christian,ismail.sultan593@example.com,z5r@%VP0W3,2616698052,5990765492,False,Omar,Abdullah,Sultan,Omar,عمر عبدالله سلطان,Male,12/09/1977 14:27:30,Riyadh,Street 4,+966,5990765492,Saudi,Christian,#fsdn2Y%76,omar.sultan189@example.com,2682176368,5442812320,True,Tamadur,Tariq,Omar,Tamadur,تماضر طارق عمر,Female,12/09/1994 14:27:30,Riyadh,Street 3,+966,5442812320,Saudi,Christian,tamadur.omar830@example.com,6zv&PZ5^zc
5810,الثانوية,الثالث الثانوي,أ,2025-2026,1360477912,P2297726029,en,Atika,Hassan,Khalid,Atika,عاتكة حسن خالد,Female,12/09/2015 14:27:30,Mecca,Street 1,+966,5101322805,Saudi,Christian,atika.khalid771@example.com,UU3cF^X)d1,2539019383,5103154899,True,Hassan,Tariq,Khalid,Hassan,حسن طارق خالد,Male,12/09/1989 14:27:30,Jeddah,Street 2,+966,5103154899,Saudi,Christian,6qZFdY&R$d,hassan.khalid883@example.com,2677430879,5279243479,False,Assiya,Akram,Fahad,Assiya,أسيا أكرم فهد,Female,12/09/1987 14:27:30,Jeddah,Street 5,+966,5279243479,Saudi,Christian,assiya.fahad342@example.com,!5Wuvg!hgA
4997,الثانوية,الثالث الثانوي,أ,2025-2026,2148747068,P2666240562,ar,Yousef,Ali,Hamza,Yousef,يوسف علي حمزة,Male,12/09/2018 14:27:30,Jeddah,Street 5,+966,5390569647,Saudi,Muslim,yousef.hamza739@example.com,@mEI8PPNI3,1757320015,5117168325,True,Ali,Mahdi,Hamza,Ali,علي مهدي حمزة,Male,12/09/1989 14:27:30,Dammam,Street 4,+966,5117168325,Saudi,Muslim,IgJ0!Pw6cg,ali.hamza947@example.com,2631298231,5932870110,False,Layla,Zaid,Akram,Layla,ليلى زيد أكرم,Female,12/09/1995 14:27:30,Mecca,Street 1,+966,5932870110,Saudi,Muslim,layla.akram565@example.com,cnmt(TRFp0
3715,الثانوية,الثالث الثانوي,أ,2025-2026,1519576665,P1546813813,ar,Haya,Riyad,Yousef,Haya,هيا رياض يوسف,Female,12/09/2018 14:27:30,Mecca,Street 4,+966,5576561206,Saudi,Christian,haya.yousef758@example.com,*87Y2wvIJS,1209433333,5485761977,False,Riyad,Abdullah,Yousef,Riyad,رياض عبدالله يوسف,Male,12/09/1979 14:27:30,Medina,Street 1,+966,5485761977,Saudi,Christian,*cIP&0Dpg),riyad.yousef410@example.com,2393069022,5718471252,True,Reem,Turki,Salman,Reem,ريم تركي سلمان,Female,12/09/1990 14:27:30,Dammam,Street 3,+966,5718471252,Saudi,Christian,reem.salman980@example.com,5*Qaa@hI66
8550,الثانوية,الثالث الثانوي,أ,2025-2026,2839769043,P1866171528,en,Lama,Riyad,Yousef,Lama,لمى رياض يوسف,Female,12/09/2019 14:27:30,Medina,Street 3,+966,5838242637,Saudi,Christian,lama.yousef717@example.com,nXR10^f&RM,1209433333,5485761977,False,Riyad,Abdullah,Yousef,Riyad,رياض عبدالله يوسف,Male,12/09/1979 14:27:30,Medina,Street 1,+966,5485761977,Saudi,Christian,*cIP&0Dpg),riyad.yousef410@example.com,2393069022,5718471252,True,Reem,Turki,Salman,Reem,ريم تركي سلمان,Female,12/09/1990 14:27:30,Dammam,Street 3,+966,5718471252,Saudi,Christian,reem.salman980@example.com,5*Qaa@hI66
6831,الثانوية,الثالث الثانوي,أ,2025-2026,1644112714,P1659354654,en,Ismail,Tariq,Zaid,Ismail,إسماعيل طارق زيد,Male,12/09/2019 14:27:30,Dammam,Street 1,+966,5324882408,Saudi,Muslim,ismail.zaid637@example.com,sVU5lvZ!8r,2801674263,5341594637,False,Tariq,Nasser,Zaid,Tariq,طارق ناصر زيد,Male,12/09/1987 14:27:30,Jeddah,Street 5,+966,5341594637,Saudi,Muslim,N8&u6!EGIb,tariq.zaid315@example.com,2204844530,5507825139,True,Lubaba,Hassan,Zayne,Lubaba,لبابة حسن زين,Female,12/09/1993 14:27:30,Riyadh,Street 5,+966,5507825139,Saudi,Muslim,lubaba.zayne225@example.com,NYFZQtM9)l
1660,الثانوية,الثالث الثانوي,ب,2025-2026,1154079286,P1744699459,ar,Omar,Mohammed,Hamza,Omar,عمر محمد حمزة,Male,12/09/2018 14:27:30,Jeddah,Street 1,+966,5341976068,Saudi,Christian,omar.hamza720@example.com,*1sAxn1#Tk,2560963652,5726041281,True,Mohammed,Abdulaziz,Hamza,Mohammed,محمد عبدالعزيز حمزة,Male,12/09/1989 14:27:30,Dammam,Street 1,+966,5726041281,Saudi,Christian,zTa6%GVL6n,mohammed.hamza302@example.com,1127976272,5265522934,False,Noor,Sultan,Salem,Noor,نور سلطان سالم,Female,12/09/1982 14:27:30,Jeddah,Street 2,+966,5265522934,Saudi,Christian,noor.salem530@example.com,$G3EWXo&BS
8023,الثانوية,الثالث الثانوي,ب,2025-2026,1173159334,P1598861342,en,Aisha,Sultan,Hussein,Aisha,عائشة سلطان حسين,Female,12/09/2019 14:27:30,Dammam,Street 3,+966,5693510864,Saudi,Christian,aisha.hussein318@example.com,KWG5lTml^(,1981425979,5748274759,True,Sultan,Abdulrahman,Hussein,Sultan,سلطان عبدالرحمن حسين,Male,12/09/1987 14:27:30,Medina,Street 2,+966,5748274759,Saudi,Christian,K^0%E(GCu&,sultan.hussein994@example.com,1533351849,5279864968,False,Sedra,Akram,Abdulaziz,Sedra,سدرة أكرم عبدالعزيز,Female,12/09/1986 14:27:30,Medina,Street 1,+966,5279864968,Saudi,Christian,sedra.abdulaziz745@example.com,8z86um#7nM
6767,الثانوية,الثالث الثانوي,ب,2025-2026,1505171346,P1269828150,ar,Haya,Sultan,Hussein,Haya,هيا سلطان حسين,Female,12/09/2014 14:27:30,Medina,Street 3,+966,5707992645,Saudi,Christian,haya.hussein969@example.com,qF9drr&v(8,1981425979,5748274759,True,Sultan,Abdulrahman,Hussein,Sultan,سلطان عبدالرحمن حسين,Male,12/09/1987 14:27:30,Medina,Street 2,+966,5748274759,Saudi,Christian,K^0%E(GCu&,sultan.hussein994@example.com,1533351849,5279864968,False,Sedra,Akram,Abdulaziz,Sedra,سدرة أكرم عبدالعزيز,Female,12/09/1986 14:27:30,Medina,Street 1,+966,5279864968,Saudi,Christian,sedra.abdulaziz745@example.com,8z86um#7nM
9497,الثانوية,الثالث الثانوي,ب,2025-2026,2425657606,P1634093169,ar,Zainab,Akram,Salem,Zainab,زينب أكرم سالم,Female,12/09/2014 14:27:30,Mecca,Street 3,+966,5420626305,Saudi,Muslim,zainab.salem283@example.com,08x)zILSyI,2470662224,5557917658,False,Akram,Mohammed,Salem,Akram,أكرم محمد سالم,Male,12/09/1983 14:27:30,Mecca,Street 3,+966,5557917658,Saudi,Muslim,gTg88$#VT8,akram.salem583@example.com,2956252602,5107705578,True,Zainab,Mohammed,Saud,Zainab,زينب محمد سعود,Female,12/09/1984 14:27:30,Dammam,Street 2,+966,5107705578,Saudi,Muslim,zainab.saud599@example.com,WYXb06K@Br
2527,الثانوية,الثالث الثانوي,ب,2025-2026,1931168101,P1525044957,ar,Aisha,Mohammed,Zaid,Aisha,عائشة محمد زيد,Female,12/09/2017 14:27:30,Jeddah,Street 3,+966,5980648465,Saudi,Muslim,aisha.zaid482@example.com,SD0w5M!Gjy,2553470466,5208784872,True,Mohammed,Zaid,Zaid,Mohammed,محمد زيد زيد,Male,12/09/1983 14:27:30,Jeddah,Street 4,+966,5208784872,Saudi,Muslim,e7@i*Ox9$i,mohammed.zaid115@example.com,2645023315,5116456031,False,Layla,Khalid,Ahmed,Layla,ليلى خالد أحمد,Female,12/09/1995 14:27:30,Mecca,Street 1,+966,5116456031,Saudi,Muslim,layla.ahmed704@example.com,JRJ&12eAf1
8187,الثانوية,الثالث الثانوي,ب,2025-2026,2799810298,P1103722957,ar,Aisha,Salman,Yousef,Aisha,عائشة سلمان يوسف,Female,12/09/2019 14:27:30,Riyadh,Street 1,+966,5124327180,Saudi,Muslim,aisha.yousef507@example.com,eExWV6%#8K,2896610218,5395143580,False,Salman,Ali,Yousef,Salman,سلمان علي يوسف,Male,12/09/1991 14:27:30,Medina,Street 1,+966,5395143580,Saudi,Muslim,9v5zhk$7Sn,salman.yousef164@example.com,2875288792,5750846135,True,Maha,Bilal,Khalid,Maha,مها بلال خالد,Female,12/09/1989 14:27:30,Riyadh,Street 5,+966,5750846135,Saudi,Muslim,maha.khalid727@example.com,4jgI*N*oQv
4764,الثانوية,الثالث الثانوي,ب,2025-2026,1296204814,P2971873363,en,Salma,Salman,Yousef,Salma,سلمى سلمان يوسف,Female,12/09/2019 14:27:30,Mecca,Street 2,+966,5976696138,Saudi,Muslim,salma.yousef205@example.com,OH5u3ei^s*,2896610218,5395143580,False,Salman,Ali,Yousef,Salman,سلمان علي يوسف,Male,12/09/1991 14:27:30,Medina,Street 1,+966,5395143580,Saudi,Muslim,9v5zhk$7Sn,salman.yousef164@example.com,2875288792,5750846135,True,Maha,Bilal,Khalid,Maha,مها بلال خالد,Female,12/09/1989 14:27:30,Riyadh,Street 5,+966,5750846135,Saudi,Muslim,maha.khalid727@example.com,4jgI*N*oQv
3014,الثانوية,الثالث الثانوي,ب,2025-2026,2787038934,P2539534982,en,Ali,Ibrahim,Abdulaziz,Ali,علي إبراهيم عبدالعزيز,Male,12/09/2018 14:27:30,Mecca,Street 2,+966,5104380426,Saudi,Muslim,ali.abdulaziz744@example.com,4dA%*hQ6Ov,2864432685,5602004749,True,Ibrahim,Omar,Abdulaziz,Ibrahim,إبراهيم عمر عبدالعزيز,Male,12/09/1980 14:27:30,Riyadh,Street 1,+966,5602004749,Saudi,Muslim,PdbtD$&oR5,ibrahim.abdulaziz391@example.com,1428009651,5580474888,False,Dana,Ibrahim,Idris,Dana,دانا إبراهيم إدريس,Female,12/09/1995 14:27:30,Riyadh,Street 3,+966,5580474888,Saudi,Muslim,dana.idris417@example.com,*&0pX6oK!E
4942,الثانوية,الثالث الثانوي,ب,2025-2026,2816061319,P1967966833,en,Safiyyah,Turki,Abdullah,Safiyyah,صفية تركي عبدالله,Female,12/09/2016 14:27:30,Riyadh,Street 1,+966,5882116081,Saudi,Christian,safiyyah.abdullah225@example.com,*qfm&W0xkW,1407581080,5801630089,True,Turki,Ibrahim,Abdullah,Turki,تركي إبراهيم عبدالله,Male,12/09/1993 14:27:30,Medina,Street 2,+966,5801630089,Saudi,Christian,5pQN*p*GM!,turki.abdullah806@example.com,1569395444,5334605240,False,Amal,Tariq,Sulaiman,Amal,أمل طارق سليمان,Female,12/09/1985 14:27:30,Medina,Street 4,+966,5334605240,Saudi,Christian,amal.sulaiman305@example.com,^E8&X4P@vD
4395,الثانوية,الثالث الثانوي,ب,2025-2026,2300774308,P2449155904,en,Ali,Turki,Abdullah,Ali,علي تركي عبدالله,Male,12/09/2019 14:27:30,Riyadh,Street 2,+966,5835048843,Saudi,Christian,ali.abdullah210@example.com,OyuU02(9o1,1407581080,5801630089,True,Turki,Ibrahim,Abdullah,Turki,تركي إبراهيم عبدالله,Male,12/09/1993 14:27:30,Medina,Street 2,+966,5801630089,Saudi,Christian,5pQN*p*GM!,turki.abdullah806@example.com,1569395444,5334605240,False,Amal,Tariq,Sulaiman,Amal,أمل طارق سليمان,Female,12/09/1985 14:27:30,Medina,Street 4,+966,5334605240,Saudi,Christian,amal.sulaiman305@example.com,^E8&X4P@vD
6018,الثانوية,الثالث الثانوي,ب,2025-2026,2433716209,P1311922355,en,Saud,Turki,Abdullah,Saud,سعود تركي عبدالله,Male,12/09/2017 14:27:30,Dammam,Street 2,+966,5838202296,Saudi,Christian,saud.abdullah269@example.com,pn0&(DPb24,1407581080,5801630089,True,Turki,Ibrahim,Abdullah,Turki,تركي إبراهيم عبدالله,Male,12/09/1993 14:27:30,Medina,Street 2,+966,5801630089,Saudi,Christian,5pQN*p*GM!,turki.abdullah806@example.com,1569395444,5334605240,False,Amal,Tariq,Sulaiman,Amal,أمل طارق سليمان,Female,12/09/1985 14:27:30,Medina,Street 4,+966,5334605240,Saudi,Christian,amal.sulaiman305@example.com,^E8&X4P@vD
4103,الثانوية,الثالث الثانوي,ب,2025-2026,1201125485,P1630344913,en,Atika,Bilal,Sultan,Atika,عاتكة بلال سلطان,Female,12/09/2019 14:27:30,Jeddah,Street 4,+966,5327156075,Saudi,Muslim,atika.sultan346@example.com,z7sAK$&s)4,2851058106,5599391316,True,Bilal,Hussein,Sultan,Bilal,بلال حسين سلطان,Male,12/09/1993 14:27:30,Dammam,Street 3,+966,5599391316,Saudi,Muslim,#M)jFjbsZ7,bilal.sultan691@example.com,2335356580,5562373426,False,Atika,Riyad,Akram,Atika,عاتكة رياض أكرم,Female,12/09/1984 14:27:30,Jeddah,Street 4,+966,5562373426,Saudi,Muslim,atika.akram609@example.com,!WQ7ki7UJ#
2351,الثانوية,الثالث الثانوي,ب,2025-2026,2215571739,P2693429312,ar,Sara,Bilal,Sultan,Sara,سارة بلال سلطان,Female,12/09/2019 14:27:30,Medina,Street 3,+966,5568231684,Saudi,Muslim,sara.sultan490@example.com,cq)O4Nu0S#,2851058106,5599391316,True,Bilal,Hussein,Sultan,Bilal,بلال حسين سلطان,Male,12/09/1993 14:27:30,Dammam,Street 3,+966,5599391316,Saudi,Muslim,#M)jFjbsZ7,bilal.sultan691@example.com,2335356580,5562373426,False,Atika,Riyad,Akram,Atika,عاتكة رياض أكرم,Female,12/09/1984 14:27:30,Jeddah,Street 4,+966,5562373426,Saudi,Muslim,atika.akram609@example.com,!WQ7ki7UJ#
5455,الثانوية,الثالث الثانوي,ب,2025-2026,1341720949,P1963963243,ar,Abdulrahman,Mohammed,Turki,Abdulrahman,عبدالرحمن محمد تركي,Male,12/09/2015 14:27:30,Dammam,Street 3,+966,5311068313,Saudi,Muslim,abdulrahman.turki800@example.com,93kQ)VOHLH,1531724245,5200258872,True,Mohammed,Turki,Turki,Mohammed,محمد تركي تركي,Male,12/09/1995 14:27:30,Mecca,Street 1,+966,5200258872,Saudi,Muslim,#Bab2mSAtc,mohammed.turki703@example.com,1743210160,5251389121,False,Dana,Ali,Bilal,Dana,دانا علي بلال,Female,12/09/1984 14:27:30,Jeddah,Street 5,+966,5251389121,Saudi,Muslim,dana.bilal445@example.com,q^d2Y60uh5
9500,الثانوية,الثالث الثانوي,ب,2025-2026,1754361962,P1944551951,en,Akram,Saud,Salman,Akram,أكرم سعود سلمان,Male,12/09/2015 14:27:30,Medina,Street 4,+966,5584229177,Saudi,Muslim,akram.salman383@example.com,Jr2VGqc%L1,2896097218,5405056875,False,Saud,Fahad,Salman,Saud,سعود فهد سلمان,Male,12/09/1993 14:27:30,Medina,Street 1,+966,5405056875,Saudi,Muslim,d6UemZ(D2@,saud.salman343@example.com,2196455066,5724105000,True,Nadia,Tariq,Ahmed,Nadia,نادية طارق أحمد,Female,12/09/1985 14:27:30,Medina,Street 5,+966,5724105000,Saudi,Muslim,nadia.ahmed574@example.com,VFRx)2&oDz
1296,الثانوية,الثالث الثانوي,ب,2025-2026,1677018041,P1511170515,ar,Safiyyah,Saud,Salman,Safiyyah,صفية سعود سلمان,Female,12/09/2017 14:27:30,Mecca,Street 2,+966,5107223265,Saudi,Muslim,safiyyah.salman237@example.com,1@!q5fIYIn,2896097218,5405056875,False,Saud,Fahad,Salman,Saud,سعود فهد سلمان,Male,12/09/1993 14:27:30,Medina,Street 1,+966,5405056875,Saudi,Muslim,d6UemZ(D2@,saud.salman343@example.com,2196455066,5724105000,True,Nadia,Tariq,Ahmed,Nadia,نادية طارق أحمد,Female,12/09/1985 14:27:30,Medina,Street 5,+966,5724105000,Saudi,Muslim,nadia.ahmed574@example.com,VFRx)2&oDz
2925,الثانوية,الثالث الثانوي,ب,2025-2026,2833943290,P1465221419,ar,Rania,Idris,Sultan,Rania,رانيا إدريس سلطان,Female,12/09/2014 14:27:30,Mecca,Street 4,+966,5201467149,Saudi,Muslim,rania.sultan489@example.com,C2$4D4^wga,2669075457,5749876320,True,Idris,Hassan,Sultan,Idris,إدريس حسن سلطان,Male,12/09/1976 14:27:30,Jeddah,Street 5,+966,5749876320,Saudi,Muslim,0x(*2CCU6l,idris.sultan910@example.com,2746681840,5200519523,False,Yasmin,Abdulrahman,Abdulrahman,Yasmin,ياسمين عبدالرحمن عبدالرحمن,Female,12/09/1991 14:27:30,Mecca,Street 2,+966,5200519523,Saudi,Muslim,yasmin.abdulrahman305@example.com,eNYM7p!RI6
1147,الثانوية,الثالث الثانوي,ب,2025-2026,1626395160,P1525604805,ar,Maryam,Idris,Sultan,Maryam,مريم إدريس سلطان,Female,12/09/2017 14:27:30,Mecca,Street 5,+966,5119290504,Saudi,Muslim,maryam.sultan714@example.com,J$4%LW^0!v,2669075457,5749876320,True,Idris,Hassan,Sultan,Idris,إدريس حسن سلطان,Male,12/09/1976 14:27:30,Jeddah,Street 5,+966,5749876320,Saudi,Muslim,0x(*2CCU6l,idris.sultan910@example.com,2746681840,5200519523,False,Yasmin,Abdulrahman,Abdulrahman,Yasmin,ياسمين عبدالرحمن عبدالرحمن,Female,12/09/1991 14:27:30,Mecca,Street 2,+966,5200519523,Saudi,Muslim,yasmin.abdulrahman305@example.com,eNYM7p!RI6
1947,الثانوية,الثالث الثانوي,ب,2025-2026,1351334214,P2239625152,en,Yasmin,Ali,Khalid,Yasmin,ياسمين علي خالد,Female,12/09/2019 14:27:30,Jeddah,Street 4,+966,5203948822,Saudi,Muslim,yasmin.khalid492@example.com,TYYG*Pem^5,2616497877,5226159820,True,Ali,Riyad,Khalid,Ali,علي رياض خالد,Male,12/09/1993 14:27:30,Jeddah,Street 1,+966,5226159820,Saudi,Muslim,rsXzlQ9#^O,ali.khalid750@example.com,1920447518,5882385112,False,Atika,Zaid,Abdulrahman,Atika,عاتكة زيد عبدالرحمن,Female,12/09/1997 14:27:30,Riyadh,Street 2,+966,5882385112,Saudi,Muslim,atika.abdulrahman767@example.com,5t!GLup2PA
8553,الثانوية,الثالث الثانوي,ب,2025-2026,1726748018,P1475572806,ar,Nasser,Sulaiman,Hussein,Nasser,ناصر سليمان حسين,Male,12/09/2015 14:27:30,Riyadh,Street 2,+966,5392690081,Saudi,Christian,nasser.hussein721@example.com,$4zpX5E&BM,2638902796,5605454936,False,Sulaiman,Sultan,Hussein,Sulaiman,سليمان سلطان حسين,Male,12/09/1981 14:27:30,Mecca,Street 4,+966,5605454936,Saudi,Christian,(1m)ktbAi*,sulaiman.hussein396@example.com,2865849108,5146593147,True,Lina,Khalid,Ali,Lina,لينا خالد علي,Female,12/09/1992 14:27:30,Medina,Street 3,+966,5146593147,Saudi,Christian,lina.ali615@example.com,e%Ptpoy#5G
8421,الثانوية,الثالث الثانوي,ب,2025-2026,1814654976,P1239036134,en,Zaid,Hussein,Sultan,Zaid,زيد حسين سلطان,Male,12/09/2016 14:27:30,Jeddah,Street 5,+966,5911350780,Saudi,Muslim,zaid.sultan568@example.com,i%i9d7yMV@,2434735016,5663604839,False,Hussein,Abdulaziz,Sultan,Hussein,حسين عبدالعزيز سلطان,Male,12/09/1988 14:27:30,Mecca,Street 5,+966,5663604839,Saudi,Muslim,I$6Kku2%5n,hussein.sultan966@example.com,2187381816,5575810977,True,Rania,Hassan,Sulaiman,Rania,رانيا حسن سليمان,Female,12/09/1995 14:27:30,Dammam,Street 4,+966,5575810977,Saudi,Muslim,rania.sulaiman292@example.com,Fb@NP91Wo@
8212,الثانوية,الثالث الثانوي,ب,2025-2026,2216099636,P2904411534,en,Hamza,Hussein,Sultan,Hamza,حمزة حسين سلطان,Male,12/09/2017 14:27:30,Dammam,Street 3,+966,5753413488,Saudi,Muslim,hamza.sultan719@example.com,DeszOgB&9r,2434735016,5663604839,False,Hussein,Abdulaziz,Sultan,Hussein,حسين عبدالعزيز سلطان,Male,12/09/1988 14:27:30,Mecca,Street 5,+966,5663604839,Saudi,Muslim,I$6Kku2%5n,hussein.sultan966@example.com,2187381816,5575810977,True,Rania,Hassan,Sulaiman,Rania,رانيا حسن سليمان,Female,12/09/1995 14:27:30,Dammam,Street 4,+966,5575810977,Saudi,Muslim,rania.sulaiman292@example.com,Fb@NP91Wo@
9526,الثانوية,الثالث الثانوي,ب,2025-2026,1846318401,P1190670485,ar,Amal,Hussein,Sultan,Amal,أمل حسين سلطان,Female,12/09/2019 14:27:30,Dammam,Street 2,+966,5789875001,Saudi,Muslim,amal.sultan904@example.com,1e!aQK$PVo,2434735016,5663604839,False,Hussein,Abdulaziz,Sultan,Hussein,حسين عبدالعزيز سلطان,Male,12/09/1988 14:27:30,Mecca,Street 5,+966,5663604839,Saudi,Muslim,I$6Kku2%5n,hussein.sultan966@example.com,2187381816,5575810977,True,Rania,Hassan,Sulaiman,Rania,رانيا حسن سليمان,Female,12/09/1995 14:27:30,Dammam,Street 4,+966,5575810977,Saudi,Muslim,rania.sulaiman292@example.com,Fb@NP91Wo@
5329,الثانوية,الثالث الثانوي,ب,2025-2026,1841418161,P1754229772,ar,Hanan,Hussein,Tariq,Hanan,حنان حسين طارق,Female,12/09/2019 14:27:30,Medina,Street 2,+966,5212602824,Saudi,Christian,hanan.tariq700@example.com,TxDC04OY3#,2208030513,5887910756,True,Hussein,Hassan,Tariq,Hussein,حسين حسن طارق,Male,12/09/1981 14:27:30,Jeddah,Street 1,+966,5887910756,Saudi,Christian,Z)34^)Dpq5,hussein.tariq465@example.com,2459768553,5205476039,False,Aisha,Idris,Ahmed,Aisha,عائشة إدريس أحمد,Female,12/09/1994 14:27:30,Mecca,Street 3,+966,5205476039,Saudi,Christian,aisha.ahmed940@example.com,jr096c^&K6
2968,الثانوية,الثالث الثانوي,د,2025-2026,2143978906,P2166999912,en,Hanan,Saud,Bilal,Hanan,حنان سعود بلال,Female,12/09/2019 14:27:30,Mecca,Street 1,+966,5298482810,Saudi,Christian,hanan.bilal421@example.com,gH5jQ%QyVI,2623172721,5831561030,False,Saud,Khalid,Bilal,Saud,سعود خالد بلال,Male,12/09/1992 14:27:30,Dammam,Street 4,+966,5831561030,Saudi,Christian,(PcBa7Tnx!,saud.bilal516@example.com,1671115327,5940624262,True,Nadia,Salman,Abdulaziz,Nadia,نادية سلمان عبدالعزيز,Female,12/09/1981 14:27:30,Medina,Street 4,+966,5940624262,Saudi,Christian,nadia.abdulaziz649@example.com,Ptvn6V6DK#
6452,الثانوية,الثالث الثانوي,د,2025-2026,1702501935,P2213247690,en,Tamadur,Ahmed,Riyad,Tamadur,تماضر أحمد رياض,Female,12/09/2019 14:27:30,Medina,Street 2,+966,5362137585,Saudi,Muslim,tamadur.riyad413@example.com,z%rP^5JQHB,1701036795,5183618839,True,Ahmed,Yousef,Riyad,Ahmed,أحمد يوسف رياض,Male,12/09/1989 14:27:30,Jeddah,Street 4,+966,5183618839,Saudi,Muslim,T@C)gt)3#f,ahmed.riyad117@example.com,1638902619,5577996411,False,Layla,Omar,Omar,Layla,ليلى عمر عمر,Female,12/09/1986 14:27:30,Medina,Street 1,+966,5577996411,Saudi,Muslim,layla.omar663@example.com,u7kfa0hNM#
9177,الثانوية,الثالث الثانوي,د,2025-2026,2312472290,P2668460599,en,Tamadur,Ahmed,Riyad,Tamadur,تماضر أحمد رياض,Female,12/09/2019 14:27:30,Mecca,Street 4,+966,5894355978,Saudi,Muslim,tamadur.riyad548@example.com,I#u8MVe90o,1701036795,5183618839,True,Ahmed,Yousef,Riyad,Ahmed,أحمد يوسف رياض,Male,12/09/1989 14:27:30,Jeddah,Street 4,+966,5183618839,Saudi,Muslim,T@C)gt)3#f,ahmed.riyad117@example.com,1638902619,5577996411,False,Layla,Omar,Omar,Layla,ليلى عمر عمر,Female,12/09/1986 14:27:30,Medina,Street 1,+966,5577996411,Saudi,Muslim,layla.omar663@example.com,u7kfa0hNM#
7451,الثانوية,الثالث الثانوي,د,2025-2026,2324945035,P2403417044,ar,Khadijah,Zaid,Ibrahim,Khadijah,خديجة زيد إبراهيم,Female,12/09/2016 14:27:30,Medina,Street 3,+966,5164793552,Saudi,Muslim,khadijah.ibrahim310@example.com,ArK$!!%68F,1269224844,5696369141,True,Zaid,Turki,Ibrahim,Zaid,زيد تركي إبراهيم,Male,12/09/1980 14:27:30,Medina,Street 1,+966,5696369141,Saudi,Muslim,GeffO*UPu2,zaid.ibrahim437@example.com,1627879212,5664306834,False,Assiya,Hussein,Mahdi,Assiya,أسيا حسين مهدي,Female,12/09/1991 14:27:30,Medina,Street 3,+966,5664306834,Saudi,Muslim,assiya.mahdi126@example.com,ns*$M(&C1f
4514,الثانوية,الثالث الثانوي,د,2025-2026,1743361446,P1970820611,ar,Aaliyah,Zaid,Ibrahim,Aaliyah,عالية زيد إبراهيم,Female,12/09/2019 14:27:30,Medina,Street 4,+966,5847609549,Saudi,Muslim,aaliyah.ibrahim351@example.com,iw^uC6@fkd,1269224844,5696369141,True,Zaid,Turki,Ibrahim,Zaid,زيد تركي إبراهيم,Male,12/09/1980 14:27:30,Medina,Street 1,+966,5696369141,Saudi,Muslim,GeffO*UPu2,zaid.ibrahim437@example.com,1627879212,5664306834,False,Assiya,Hussein,Mahdi,Assiya,أسيا حسين مهدي,Female,12/09/1991 14:27:30,Medina,Street 3,+966,5664306834,Saudi,Muslim,assiya.mahdi126@example.com,ns*$M(&C1f
1343,الثانوية,الثالث الثانوي,د,2025-2026,2502450394,P2408786356,ar,Salman,Zaid,Ibrahim,Salman,سلمان زيد إبراهيم,Male,12/09/2017 14:27:30,Mecca,Street 2,+966,5216107018,Saudi,Muslim,salman.ibrahim535@example.com,1V#Z)2&gjl,1269224844,5696369141,True,Zaid,Turki,Ibrahim,Zaid,زيد تركي إبراهيم,Male,12/09/1980 14:27:30,Medina,Street 1,+966,5696369141,Saudi,Muslim,GeffO*UPu2,zaid.ibrahim437@example.com,1627879212,5664306834,False,Assiya,Hussein,Mahdi,Assiya,أسيا حسين مهدي,Female,12/09/1991 14:27:30,Medina,Street 3,+966,5664306834,Saudi,Muslim,assiya.mahdi126@example.com,ns*$M(&C1f
9233,الثانوية,الثالث الثانوي,د,2025-2026,2170124769,P1542014771,ar,Hanan,Sulaiman,Salman,Hanan,حنان سليمان سلمان,Female,12/09/2017 14:27:30,Medina,Street 2,+966,5917098393,Saudi,Christian,hanan.salman592@example.com,7a8ZST)kWE,2555562987,5838680813,True,Sulaiman,Hamza,Salman,Sulaiman,سليمان حمزة سلمان,Male,12/09/1986 14:27:30,Medina,Street 2,+966,5838680813,Saudi,Christian,78r$PO4pk),sulaiman.salman361@example.com,1244334837,5655257444,False,Nadia,Mahdi,Mahdi,Nadia,نادية مهدي مهدي,Female,12/09/1995 14:27:30,Medina,Street 3,+966,5655257444,Saudi,Christian,nadia.mahdi803@example.com,pt7)oZ4@En
1222,الثانوية,الثالث الثانوي,د,2025-2026,1542766804,P1903226934,ar,Layla,Bilal,Abdulrahman,Layla,ليلى بلال عبدالرحمن,Female,12/09/2014 14:27:30,Dammam,Street 5,+966,5919346196,Saudi,Muslim,layla.abdulrahman940@example.com,NItB7$FpB8,2454999648,5895440665,True,Bilal,Idris,Abdulrahman,Bilal,بلال إدريس عبدالرحمن,Male,12/09/1980 14:27:30,Mecca,Street 2,+966,5895440665,Saudi,Muslim,1W0n)4BMwc,bilal.abdulrahman485@example.com,2176098477,5581009059,False,Haya,Zayne,Omar,Haya,هيا زين عمر,Female,12/09/1997 14:27:30,Mecca,Street 5,+966,5581009059,Saudi,Muslim,haya.omar588@example.com,tEyUy9p!1y
7444,الثانوية,الثالث الثانوي,د,2025-2026,2161972577,P2103374283,en,Abdullah,Hassan,Ali,Abdullah,عبدالله حسن علي,Male,12/09/2018 14:27:30,Mecca,Street 3,+966,5439928548,Saudi,Muslim,abdullah.ali148@example.com,Y8RzNfXkq*,2307776043,5406531258,True,Hassan,Sultan,Ali,Hassan,حسن سلطان علي,Male,12/09/1980 14:27:30,Dammam,Street 4,+966,5406531258,Saudi,Muslim,v@G#14V@q&,hassan.ali901@example.com,2329887997,5587802609,False,Tamadur,Hussein,Mahdi,Tamadur,تماضر حسين مهدي,Female,12/09/1983 14:27:30,Jeddah,Street 3,+966,5587802609,Saudi,Muslim,tamadur.mahdi449@example.com,J&tGc4@o^F
9921,الثانوية,الثالث الثانوي,د,2025-2026,2820515454,P2455741047,en,Hamza,Hassan,Ali,Hamza,حمزة حسن علي,Male,12/09/2014 14:27:30,Jeddah,Street 1,+966,5770540848,Saudi,Muslim,hamza.ali778@example.com,*)uEfc@Ss6,2307776043,5406531258,True,Hassan,Sultan,Ali,Hassan,حسن سلطان علي,Male,12/09/1980 14:27:30,Dammam,Street 4,+966,5406531258,Saudi,Muslim,v@G#14V@q&,hassan.ali901@example.com,2329887997,5587802609,False,Tamadur,Hussein,Mahdi,Tamadur,تماضر حسين مهدي,Female,12/09/1983 14:27:30,Jeddah,Street 3,+966,5587802609,Saudi,Muslim,tamadur.mahdi449@example.com,J&tGc4@o^F
6029,الثانوية,الثالث الثانوي,د,2025-2026,2646934742,P2353485275,en,Lubaba,Akram,Akram,Lubaba,لبابة أكرم أكرم,Female,12/09/2018 14:27:30,Jeddah,Street 3,+966,5657809623,Saudi,Muslim,lubaba.akram534@example.com,gAp#$qk41F,1681126145,5569758352,True,Akram,Turki,Akram,Akram,أكرم تركي أكرم,Male,12/09/1989 14:27:30,Mecca,Street 4,+966,5569758352,Saudi,Muslim,vvnYA*8ZA%,akram.akram928@example.com,1135794077,5152928707,False,Aisha,Sultan,Yousef,Aisha,عائشة سلطان يوسف,Female,12/09/1992 14:27:30,Jeddah,Street 1,+966,5152928707,Saudi,Muslim,aisha.yousef161@example.com,Riw!$tuG0o
8930,الثانوية,الثالث الثانوي,د,2025-2026,2715089074,P2534471799,en,Tariq,Akram,Akram,Tariq,طارق أكرم أكرم,Male,12/09/2019 14:27:30,Dammam,Street 2,+966,5404531746,Saudi,Muslim,tariq.akram593@example.com,r1gtEswE)Z,1681126145,5569758352,True,Akram,Turki,Akram,Akram,أكرم تركي أكرم,Male,12/09/1989 14:27:30,Mecca,Street 4,+966,5569758352,Saudi,Muslim,vvnYA*8ZA%,akram.akram928@example.com,1135794077,5152928707,False,Aisha,Sultan,Yousef,Aisha,عائشة سلطان يوسف,Female,12/09/1992 14:27:30,Jeddah,Street 1,+966,5152928707,Saudi,Muslim,aisha.yousef161@example.com,Riw!$tuG0o
4264,الثانوية,الثالث الثانوي,د,2025-2026,2303055206,P1146602391,en,Khalid,Akram,Akram,Khalid,خالد أكرم أكرم,Male,12/09/2019 14:27:30,Jeddah,Street 4,+966,5811372750,Saudi,Muslim,khalid.akram808@example.com,3VJmgn)C(R,1681126145,5569758352,True,Akram,Turki,Akram,Akram,أكرم تركي أكرم,Male,12/09/1989 14:27:30,Mecca,Street 4,+966,5569758352,Saudi,Muslim,vvnYA*8ZA%,akram.akram928@example.com,1135794077,5152928707,False,Aisha,Sultan,Yousef,Aisha,عائشة سلطان يوسف,Female,12/09/1992 14:27:30,Jeddah,Street 1,+966,5152928707,Saudi,Muslim,aisha.yousef161@example.com,Riw!$tuG0o
8819,الثانوية,الثالث الثانوي,د,2025-2026,1290866767,P1785335752,ar,Mahdi,Ismail,Zaid,Mahdi,مهدي إسماعيل زيد,Male,12/09/2015 14:27:30,Jeddah,Street 3,+966,5683449151,Saudi,Muslim,mahdi.zaid810@example.com,em91l4GB!H,2662251375,5899494017,True,Ismail,Ali,Zaid,Ismail,إسماعيل علي زيد,Male,12/09/1985 14:27:30,Jeddah,Street 3,+966,5899494017,Saudi,Muslim,(fWJ6Ldd2y,ismail.zaid403@example.com,1592024342,5597412932,False,Lina,Salem,Idris,Lina,لينا سالم إدريس,Female,12/09/1986 14:27:30,Riyadh,Street 1,+966,5597412932,Saudi,Muslim,lina.idris740@example.com,%6@jJhjo7G
1550,الثانوية,الثالث الثانوي,د,2025-2026,1945476430,P2392807851,ar,Zahra,Saud,Ahmed,Zahra,زهرة سعود أحمد,Female,12/09/2014 14:27:30,Riyadh,Street 4,+966,5514070481,Saudi,Christian,zahra.ahmed281@example.com,EmTR9$RwTR,1792556282,5708039372,False,Saud,Ali,Ahmed,Saud,سعود علي أحمد,Male,12/09/1992 14:27:30,Mecca,Street 1,+966,5708039372,Saudi,Christian,pK&@z8o1(d,saud.ahmed338@example.com,2970161200,5586154367,True,Tamadur,Abdulaziz,Abdulaziz,Tamadur,تماضر عبدالعزيز عبدالعزيز,Female,12/09/1984 14:27:30,Medina,Street 5,+966,5586154367,Saudi,Christian,tamadur.abdulaziz798@example.com,6OZ)h^9tFd
9434,الثانوية,الثالث الثانوي,د,2025-2026,2966792649,P2378671052,ar,Riyad,Saud,Ahmed,Riyad,رياض سعود أحمد,Male,12/09/2015 14:27:30,Medina,Street 2,+966,5478484263,Saudi,Christian,riyad.ahmed789@example.com,Pe9e2(Q@F7,1792556282,5708039372,False,Saud,Ali,Ahmed,Saud,سعود علي أحمد,Male,12/09/1992 14:27:30,Mecca,Street 1,+966,5708039372,Saudi,Christian,pK&@z8o1(d,saud.ahmed338@example.com,2970161200,5586154367,True,Tamadur,Abdulaziz,Abdulaziz,Tamadur,تماضر عبدالعزيز عبدالعزيز,Female,12/09/1984 14:27:30,Medina,Street 5,+966,5586154367,Saudi,Christian,tamadur.abdulaziz798@example.com,6OZ)h^9tFd
8622,الثانوية,الثالث الثانوي,د,2025-2026,2416324093,P1889390982,ar,Zahra,Nasser,Ibrahim,Zahra,زهرة ناصر إبراهيم,Female,12/09/2018 14:27:30,Medina,Street 5,+966,5936836884,Saudi,Muslim,zahra.ibrahim828@example.com,4XHYhVaUd%,1320370651,5938182511,False,Nasser,Mahdi,Ibrahim,Nasser,ناصر مهدي إبراهيم,Male,12/09/1995 14:27:30,Riyadh,Street 5,+966,5938182511,Saudi,Muslim,6*0Ho&i*vM,nasser.ibrahim328@example.com,2696407598,5654771510,True,Lubaba,Ibrahim,Zaid,Lubaba,لبابة إبراهيم زيد,Female,12/09/1983 14:27:30,Jeddah,Street 2,+966,5654771510,Saudi,Muslim,lubaba.zaid678@example.com,#alZyU2(^W
4744,الثانوية,الثالث الثانوي,د,2025-2026,1722858979,P1214134660,en,Nasser,Nasser,Ibrahim,Nasser,ناصر ناصر إبراهيم,Male,12/09/2019 14:27:30,Mecca,Street 4,+966,5427331249,Saudi,Muslim,nasser.ibrahim197@example.com,Wta4D#t!IC,1320370651,5938182511,False,Nasser,Mahdi,Ibrahim,Nasser,ناصر مهدي إبراهيم,Male,12/09/1995 14:27:30,Riyadh,Street 5,+966,5938182511,Saudi,Muslim,6*0Ho&i*vM,nasser.ibrahim328@example.com,2696407598,5654771510,True,Lubaba,Ibrahim,Zaid,Lubaba,لبابة إبراهيم زيد,Female,12/09/1983 14:27:30,Jeddah,Street 2,+966,5654771510,Saudi,Muslim,lubaba.zaid678@example.com,#alZyU2(^W
9205,الثانوية,الثالث الثانوي,د,2025-2026,1712029803,P2896371950,en,Idris,Nasser,Ibrahim,Idris,إدريس ناصر إبراهيم,Male,12/09/2015 14:27:30,Medina,Street 5,+966,5173247073,Saudi,Muslim,idris.ibrahim144@example.com,Xls@Vw#9J3,1320370651,5938182511,False,Nasser,Mahdi,Ibrahim,Nasser,ناصر مهدي إبراهيم,Male,12/09/1995 14:27:30,Riyadh,Street 5,+966,5938182511,Saudi,Muslim,6*0Ho&i*vM,nasser.ibrahim328@example.com,2696407598,5654771510,True,Lubaba,Ibrahim,Zaid,Lubaba,لبابة إبراهيم زيد,Female,12/09/1983 14:27:30,Jeddah,Street 2,+966,5654771510,Saudi,Muslim,lubaba.zaid678@example.com,#alZyU2(^W
5572,الثانوية,الثالث الثانوي,د,2025-2026,1288309862,P1748909298,ar,Omar,Mohammed,Akram,Omar,عمر محمد أكرم,Male,12/09/2015 14:27:30,Dammam,Street 1,+966,5293606681,Saudi,Christian,omar.akram914@example.com,U$wbQ0EJ9c,1291878578,5511234259,False,Mohammed,Fahad,Akram,Mohammed,محمد فهد أكرم,Male,12/09/1986 14:27:30,Dammam,Street 4,+966,5511234259,Saudi,Christian,oQi%CCE4Cq,mohammed.akram664@example.com,2768940531,5739714440,True,Hanan,Abdulaziz,Akram,Hanan,حنان عبدالعزيز أكرم,Female,12/09/1989 14:27:30,Dammam,Street 3,+966,5739714440,Saudi,Christian,hanan.akram589@example.com,QFqi#dH)9i
6041,الثانوية,الثالث الثانوي,د,2025-2026,2622957144,P1213013709,ar,Mahdi,Mohammed,Akram,Mahdi,مهدي محمد أكرم,Male,12/09/2015 14:27:30,Medina,Street 2,+966,5515913992,Saudi,Christian,mahdi.akram592@example.com,7^us7zz6Pa,1291878578,5511234259,False,Mohammed,Fahad,Akram,Mohammed,محمد فهد أكرم,Male,12/09/1986 14:27:30,Dammam,Street 4,+966,5511234259,Saudi,Christian,oQi%CCE4Cq,mohammed.akram664@example.com,2768940531,5739714440,True,Hanan,Abdulaziz,Akram,Hanan,حنان عبدالعزيز أكرم,Female,12/09/1989 14:27:30,Dammam,Street 3,+966,5739714440,Saudi,Christian,hanan.akram589@example.com,QFqi#dH)9i
3319,الثانوية,الثالث الثانوي,د,2025-2026,1101822580,P1650026423,en,Abdullah,Mohammed,Akram,Abdullah,عبدالله محمد أكرم,Male,12/09/2019 14:27:30,Mecca,Street 4,+966,5968476249,Saudi,Christian,abdullah.akram768@example.com,!Cmq^p3!3U,1291878578,5511234259,False,Mohammed,Fahad,Akram,Mohammed,محمد فهد أكرم,Male,12/09/1986 14:27:30,Dammam,Street 4,+966,5511234259,Saudi,Christian,oQi%CCE4Cq,mohammed.akram664@example.com,2768940531,5739714440,True,Hanan,Abdulaziz,Akram,Hanan,حنان عبدالعزيز أكرم,Female,12/09/1989 14:27:30,Dammam,Street 3,+966,5739714440,Saudi,Christian,hanan.akram589@example.com,QFqi#dH)9i
9379,الثانوية,الثالث الثانوي,د,2025-2026,1725929717,P2174293364,ar,Layla,Turki,Sultan,Layla,ليلى تركي سلطان,Female,12/09/2019 14:27:30,Dammam,Street 1,+966,5117041028,Saudi,Muslim,layla.sultan244@example.com,W(X8jWB0pA,1609331242,5400259554,True,Turki,Nasser,Sultan,Turki,تركي ناصر سلطان,Male,12/09/1995 14:27:30,Medina,Street 1,+966,5400259554,Saudi,Muslim,uQAA%i76Jt,turki.sultan936@example.com,1655342605,5545019754,False,Zainab,Sulaiman,Abdullah,Zainab,زينب سليمان عبدالله,Female,12/09/1983 14:27:30,Jeddah,Street 4,+966,5545019754,Saudi,Muslim,zainab.abdullah586@example.com,NlCZ07!w$4
2311,الثانوية,الثالث الثانوي,د,2025-2026,1114421594,P1205313663,ar,Abdulaziz,Turki,Sultan,Abdulaziz,عبدالعزيز تركي سلطان,Male,12/09/2017 14:27:30,Dammam,Street 4,+966,5109412667,Saudi,Muslim,abdulaziz.sultan431@example.com,)jp%(Uy6OJ,1609331242,5400259554,True,Turki,Nasser,Sultan,Turki,تركي ناصر سلطان,Male,12/09/1995 14:27:30,Medina,Street 1,+966,5400259554,Saudi,Muslim,uQAA%i76Jt,turki.sultan936@example.com,1655342605,5545019754,False,Zainab,Sulaiman,Abdullah,Zainab,زينب سليمان عبدالله,Female,12/09/1983 14:27:30,Jeddah,Street 4,+966,5545019754,Saudi,Muslim,zainab.abdullah586@example.com,NlCZ07!w$4
2656,الثانوية,الثالث الثانوي,د,2025-2026,2422456502,P1645482506,ar,Mahdi,Abdulaziz,Fahad,Mahdi,مهدي عبدالعزيز فهد,Male,12/09/2017 14:27:30,Jeddah,Street 4,+966,5254967931,Saudi,Christian,mahdi.fahad156@example.com,B!f40JpUE2,2117430237,5537866099,False,Abdulaziz,Mohammed,Fahad,Abdulaziz,عبدالعزيز محمد فهد,Male,12/09/1987 14:27:30,Riyadh,Street 1,+966,5537866099,Saudi,Christian,0bZ&dcRJ4C,abdulaziz.fahad536@example.com,1618551504,5173546517,True,Lubaba,Ahmed,Hussein,Lubaba,لبابة أحمد حسين,Female,12/09/1983 14:27:30,Jeddah,Street 5,+966,5173546517,Saudi,Christian,lubaba.hussein279@example.com,q#s0WxtZ#7
9910,الثانوية,الثالث الثانوي,د,2025-2026,1635509252,P1678185703,ar,Layla,Yousef,Tariq,Layla,ليلى يوسف طارق,Female,12/09/2014 14:27:30,Riyadh,Street 4,+966,5714729584,Saudi,Muslim,layla.tariq474@example.com,9#)zHsDy$J,1102609945,5333901766,True,Yousef,Yousef,Tariq,Yousef,يوسف يوسف طارق,Male,12/09/1979 14:27:30,Jeddah,Street 3,+966,5333901766,Saudi,Muslim,jO^Rk87H3C,yousef.tariq391@example.com,1940333272,5819245548,False,Rania,Mahdi,Tariq,Rania,رانيا مهدي طارق,Female,12/09/1990 14:27:30,Mecca,Street 1,+966,5819245548,Saudi,Muslim,rania.tariq348@example.com,wziry)WuT3
